title,year,worldwide_gross,budget,wiki_total_views,wiki_languages,reddit_upvotes,reddit_comments,reddit_engagement,tmdb_vote_count,tmdb_vote_average,tmdb_popularity,gtrends_avg_interest,omdb_total_wins,omdb_total_nominations,omdb_oscar_wins,wikiquote_count,meme_post_count,subreddit_diversity,cfi_comp_wiki_views,cfi_comp_wiki_langs,cfi_comp_reddit,cfi_comp_tmdb_votes,cfi_comp_gtrends,cfi_comp_awards,cfi_comp_quotes,cfi_comp_memes,cultural_footprint_index,cfi_score,cfi_predicted,cfi_residual,cultural_category
Avatar,2009,2923706994,237000000,10390866,87,362902,17605,380507,33797,7.602,36.8934,4.840909090909091,91,131,3,16,3,7,0.8672509870251849,0.28807947019867547,0.8026398279591739,0.9854520647994671,0.08416830985287163,0.8169489361834195,0.6812438068750566,0.6309297535714573,0.6826603971449665,90.35784469265103,82.13105224744922,8.22679244520181,Overperformer
Avengers: Endgame,2019,2798754989,356000000,8470758,82,1006743,170391,1177134,27516,8.234,43.6233,5.11,71,132,0,13,1,4,0.8562841164685007,0.271523178807947,0.8731844619472995,0.9660232611883399,0.08930426700074476,0.8034944431390993,0.6345591536762674,0.31546487678572865,0.6539306337429728,85.54116552007932,81.66594931181763,3.8752162082616906,As Expected
Avatar: The Way of Water,2022,2320250281,350000000,12466372,62,175978,40938,216916,13973,7.593,33.5046,7.078125,74,153,1,14,8,2,0.8770262238825057,0.2052980132450331,0.7675345063839976,0.9019901075037572,0.12686854479744591,0.8202990996434898,0.6511484326014197,1.0,0.6994725658324152,93.17648338554666,80.01310052825372,13.163382857292945,Overperformer
Titanic,1997,2257844680,200000000,11970823,141,477118,18646,495764,27009,7.902,36.982,20.682835820895523,126,84,11,18,3,7,0.8748488954701316,0.46688741721854304,0.8191679627674574,0.9642658765989252,0.38653250751318086,0.8085918098302273,0.7079879189072642,0.6309297535714573,0.7353229000114777,99.18695954415097,79.8813524982697,19.30560704588126,Strong Overperformer
Star Wars: The Force Awakens,2015,2071562175,200000000,4246294,69,171516,44458,215974,20434,7.25,18.0799,2.189189189189189,0,0,0,17,1,7,0.8192152796787349,0.22847682119205298,0.7672626468743126,0.937904575214246,0.033556716063225384,0.0,0.6949875002403854,0.31546487678572865,0.5383346342601734,66.16095568852981,79.12077359116361,-12.959817902633802,Underperformer
Avengers: Infinity War,2018,2052415039,316000000,4171096,79,498116,119131,617247,31754,8.234,51.5505,4.276785714285714,48,80,0,24,3,4,0.8182561673432879,0.26158940397350994,0.8328585274582571,0.979559906503603,0.0734012664836275,0.734250499447729,0.7739760316291208,0.6309297535714573,0.6755936251212139,89.17306731917084,78.9495960369604,10.22347128221044,Overperformer
Spider-Man: No Way Home,2021,1929340411,200000000,8977321,63,337346,58185,395531,21801,7.934,79.3508,6.2368421052631575,35,72,0,33,4,5,0.8594018360267692,0.20860927152317882,0.805058785447551,0.944023640715864,0.11081154416816288,0.7074053288374458,0.8479104735417233,0.7324867603589634,0.688016826209398,91.25587507156513,78.49253661405928,12.763338457505853,Overperformer
Inside Out 2,2024,1698468228,200000000,13137244,47,400647,53884,454531,6595,7.544,27.5743,3.7514450867052025,7,107,0,22,1,8,0.8798398535295002,0.15562913907284767,0.8137438233737426,0.8310462756251401,0.06337444335383256,0.7168936772064365,0.7539269926761688,0.31546487678572865,0.6223502758526639,80.24657085237469,77.36677366713869,2.8797971852360007,As Expected
Jurassic World,2015,1670400637,150000000,5334861,58,150182,14846,165028,21468,6.699,12.922,5.398648648648648,15,58,0,15,3,5,0.8314655485372102,0.19205298013245034,0.7504567501300328,0.9425691404078184,0.09481350956586648,0.6502847602727153,0.6666666666666667,0.6309297535714573,0.6341161407951461,82.21917312628736,77.27566096852223,4.943512157765127,As Expected
The Lion King (2019),2019,1657922558,260000000,5022922,56,257801,39622,297423,10701,7.099,13.7868,4.71,21,44,0,41,1,5,0.828231374981717,0.18543046357615894,0.7872514665351499,0.8767807726620537,0.08166973610525768,0.632998937178216,0.8987195704631268,0.31546487678572865,0.6222030039804275,80.22188003436199,77.10222084245487,3.119659191907118,As Expected
The Avengers,2012,1520591679,220000000,4439368,84,125389,24718,150107,37302,8.003,55.5394,5.809782608695652,40,81,0,30,2,5,0.8216021097597697,0.2781456953642384,0.7445371021085017,0.9947764975282024,0.10266054686627346,0.7258211959554243,0.8256993850644793,0.5,0.655938174451516,85.87773910697697,76.37103908149524,9.506700025481734,Overperformer
Furious 7,2015,1515461453,190000000,3627877,54,140548,20423,160971,11219,7.218,12.7135,2.3716216216216215,36,36,0,8,1,5,0.8107663640059426,0.17880794701986755,0.7489019269814251,0.8812474890317106,0.03703868116758603,0.6482291342554843,0.5283208335737188,0.31546487678572865,0.5708445543808831,71.61139581072469,76.36976257419269,-4.758366763468004,As Expected
Frozen II,2019,1450026015,150000000,1112957,71,58346,17476,75822,10230,7.233,14.3536,8.83,18,95,0,10,1,6,0.7473385948232211,0.23509933774834438,0.7018758546762571,0.8725275249057924,0.16030540432877438,0.7155741388486762,0.5765719364395496,0.31546487678572865,0.5773972118055821,72.70997946771209,76.02596725455908,-3.315987786846989,As Expected
Top Gun: Maverick,2022,1490212222,170000000,9908086,44,161746,26882,188628,10774,8.2,29.0298,9.875,114,237,1,10,3,4,0.8646971880798531,0.1456953642384106,0.7588059894345647,0.8774231775810586,0.18025061629323433,0.8859136446081977,0.5765719364395496,0.6309297535714573,0.6543790847760745,85.61635043270236,76.24303648960668,9.373313943095681,Overperformer
Barbie,2023,1444956839,145000000,29008463,82,276634,33710,310344,10977,6.927,25.0083,3.2920353982300883,215,436,1,2,6,4,0.9223604274786275,0.271523178807947,0.7899078791005211,0.8791869698227709,0.0546059997029592,0.9790451894332199,0.2641604167868594,0.8856218745807111,0.6758680242292765,89.21907161270727,76.0016418709306,13.21742974177667,Overperformer
Avengers: Age of Ultron,2015,1405403694,250000000,2950625,73,219737,27302,247039,24285,7.3,20.7453,4.445945945945946,8,52,0,38,4,6,0.7996747760396465,0.24172185430463577,0.7756572800755305,0.9542199435473802,0.07662991402087196,0.6210962351606106,0.8809003698103748,0.7324867603589634,0.6657719189433191,87.5264123528824,75.6503133828466,11.876098970035798,Overperformer
Black Panther,2018,1350821664,200000000,4650432,69,418107,131702,549809,23365,7.362,15.2595,4.464285714285714,125,289,3,0,5,3,0.8240953664698367,0.22847682119205298,0.8256313482707416,0.950570567596217,0.07697995284088707,0.9107895832186529,0.0,0.8154648767857287,0.6281735231114697,81.22286548438265,75.34392238252096,5.878943101861694,Overperformer
Harry Potter and the Deathly Hallows – Part 2,2011,1342025430,250000000,3131083,72,1316505,54527,1371032,21855,8.081,22.8262,8.760204081632653,49,96,0,27,3,7,0.8028612261517825,0.23841059602649006,0.8827093108510425,0.9442574103445638,0.15897325659088837,0.752954095050298,0.801225820342934,0.6309297535714573,0.6897892005932282,91.55302192450449,75.24272361027755,16.31029831422694,Strong Overperformer
Star Wars: The Last Jedi,2017,1332459537,200000000,2966270,57,289810,134918,424728,16234,6.755,40.4235,2.6451612903225805,0,0,0,13,4,5,0.7999586409791983,0.18874172185430463,0.8095075782935057,0.9161622358223707,0.04225954879718295,0.0,0.6345591536762674,0.7324867603589634,0.5733141859054498,72.02544108363081,75.22303082823765,-3.1975897446068444,As Expected
Aquaman,2018,1148161807,160000000,5054873,56,309509,37776,347285,14833,6.867,19.6144,6.205357142857143,3,36,0,0,4,6,0.8285717435827991,0.18543046357615894,0.7969330401775263,0.9076339170277341,0.11021061187258298,0.5573387110898962,0.0,0.7324867603589634,0.5744110031445987,72.2093276224096,73.95162340623224,-1.742295783822641,As Expected
Incredibles 2,2018,1242805359,200000000,2498264,52,459418,51977,511395,13607,7.451,12.6019,3.267857142857143,14,81,0,25,0,3,0.7907415781971681,0.17218543046357615,0.8211070405763985,0.899482042630465,0.05414452560884987,0.689609939723341,0.7834066196901821,0.0,0.5822525795663548,73.52400457614256,74.60777384276085,-1.0837692666182903,As Expected
The Fate of the Furious,2017,1236005118,250000000,3207116,50,103550,18621,122171,10761,6.856,8.2613,2.8225806451612905,2,16,0,9,0,2,0.8041491379978429,0.16556291390728478,0.7316738171619231,0.877309095840333,0.045645832662116734,0.4448640423045896,0.5536546824812272,0.0,0.5158682477515084,62.394360939207125,74.51581734551104,-12.121456406303913,Underperformer
Frozen,2013,1290000000,150000000,4598666,24,264542,18251,282793,17491,7.248,20.2513,10.05232558139535,83,60,2,30,3,5,0.8234944987777814,0.07947019867549669,0.7841006893418603,0.923209437701555,0.18363511036754182,0.7508701146778002,0.8256993850644793,0.6309297535714573,0.6609004376297615,86.70968573198175,74.993056497465,11.716629234516745,Overperformer
Minions,2015,1159398499,74500000,3048813,64,64834,13401,78235,11052,6.42,7.1211,4.283783783783784,4,29,0,13,6,5,0.8014319536665896,0.2119205298013245,0.7038327980833008,0.879830378143343,0.07353483392810696,0.532784346595013,0.6345591536762674,0.8856218745807111,0.6228780620224547,80.33505667162882,74.18663241644936,6.148424255179464,Overperformer
Captain America: Civil War,2016,1153304495,250000000,3164725,64,259685,23851,283536,23906,7.447,20.2249,3.411764705882353,16,73,0,10,2,5,0.8034348979657543,0.2119205298013245,0.7842645939746242,0.9527335899323301,0.05689119244887541,0.6798590609988147,0.5765719364395496,0.5,0.6153375293501652,79.070851110152,73.90411202407452,5.1667390860774844,Overperformer
Beauty and the Beast (2017),2017,1263521126,160000000,3129033,54,246643,47089,293732,15962,6.968,13.9292,3.403225806451613,17,81,0,28,1,5,0.8028260700638225,0.17880794701986755,0.7864714220815584,0.9145655911301,0.05672821622008182,0.6942591121326752,0.8096634991879288,0.31546487678572865,0.6148084226767142,78.98214390228468,74.79728462429759,4.184859277987087,As Expected
Rogue One: A Star Wars Story,2016,1056057273,200000000,4390288,52,177603,25340,202943,16293,7.505,9.4389,5.014705882352941,24,85,0,6,1,5,0.8210053571458905,0.17218543046357615,0.7633752371147905,0.9165050349575982,0.08748545228740812,0.7101776301343986,0.4678924870096007,0.31546487678572865,0.5838472100159672,73.79135182739293,73.16952648260445,0.6218253447884763,As Expected
Finding Dory,2016,1028551760,200000000,1778765,64,86085,18229,104314,12605,7.039,7.7441,2.838235294117647,17,48,0,14,0,3,0.7725082960671241,0.2119205298013245,0.7218032967231889,0.8922542778042754,0.045944622414905004,0.632998937178216,0.6511484326014197,0.0,0.5422889985380767,66.82392335003226,72.93642087449439,-6.112497524462128,Underperformer
Iron Man 3,2013,1215439994,200000000,2350536,63,87281,15962,103243,23309,6.931,21.6009,4.011627906976744,20,63,0,10,1,7,0.7874697387598064,0.20860927152317882,0.7211586463229723,0.9503438148547204,0.06834037780342767,0.6694351914885097,0.5765719364395496,0.31546487678572865,0.5806022239060672,73.24731473275557,74.41110917531472,-1.1637944425591513,As Expected
Toy Story 4,2019,1074251311,200000000,3006879,74,476744,49708,526452,10449,7.466,14.6044,5.36,61,65,1,2,0,3,0.8006885263816497,0.24503311258278146,0.8229196626019138,0.8745289841761229,0.09407584881042416,0.7318897298295294,0.2641604167868594,0.0,0.5456904470152845,67.39419209215512,73.32040573477093,-5.9262136426158065,Underperformer
Doctor Strange in the Multiverse of Madness,2022,955841637,200000000,5108932,54,177852,38277,216129,10212,7.225,19.1796,5.0,10,31,0,9,4,4,0.8291427551141687,0.17880794701986755,0.7673074609998167,0.8723611205510945,0.0872047710044858,0.5647102306936961,0.5536546824812272,0.7324867603589634,0.6182125944337306,79.5528692150013,72.28884008346708,7.264029131534215,Overperformer
Thor: Love and Thunder,2022,943139099,250000000,4885030,50,251395,36861,288256,8484,6.372,14.2384,4.90625,5,24,0,7,3,4,0.8267371626494594,0.16556291390728478,0.7852958933871546,0.8548446126831346,0.08541542782585602,0.5138739252495418,0.5,0.6309297535714573,0.5974692745310503,76.07515463910268,72.12717662349596,3.947978015606722,As Expected
Ant-Man and the Wasp: Quantumania,2023,476471457,325000000,6438140,47,92407,32360,124767,5753,6.23,12.1827,4.429203539823009,0,14,0,6,1,5,0.8415558346187809,0.15562913907284767,0.7329872314755438,0.8181407011972877,0.07631036297884608,0.40914896445472815,0.4678924870096007,0.31546487678572865,0.5391672663687688,66.30055035486137,66.04489517375754,0.25565518110383323,As Expected
Shrek Forever After,2010,752374151,165000000,2000174,52,19014,8187,27201,7889,6.393,13.9148,4.283653846153846,1,13,0,30,2,8,0.7788055620296453,0.17218543046357615,0.6378414356025334,0.8479741680959814,0.07353235389598133,0.40914896445472815,0.8256993850644793,0.5,0.5661834297239104,70.82993646691253,70.21211015582702,0.6178263110855085,As Expected
Shrek the Third,2007,799101703,160000000,1697850,52,29654,7773,37427,9715,6.305,11.5553,2.528688524590164,5,17,0,28,1,9,0.7700092180790441,0.17218543046357615,0.6577760672491545,0.8676468024680255,0.04003651147601555,0.4737298485009811,0.8096634991879288,0.31546487678572865,0.5534297539538652,68.69172308882926,70.75032857398261,-2.0586054851533504,As Expected
Shrek 2,2004,919838758,70000000,2324803,59,150175,10405,160580,13339,7.31,16.9036,4.287313432835821,18,52,0,32,0,4,0.7868788432376593,0.19536423841059603,0.748750013293629,0.8976023773648955,0.07360220196495196,0.6440320259881459,0.8407323532264089,0.0,0.5722590910017575,71.84854948948185,72.15433312662205,-0.30578363714019474,As Expected
Shrek,2001,487007353,60000000,5243867,99,389377,11572,400949,18601,7.759,26.3255,11.033582089552239,40,60,1,9,5,5,0.8305420863435234,0.32781456953642385,0.805908635361967,0.9290235427517778,0.20236369318734562,0.6972809364947596,0.5536546824812272,0.8154648767857287,0.6798503744648244,89.88673125086906,66.56738026649435,23.319350984374708,Strong Overperformer
Pirates of the Caribbean: Dead Men Tell No Tales,2017,794903993,250000000,4049529,54,147470,17097,164567,12726,6.653,11.1764,4.991935483870968,1,14,0,17,3,4,0.81666845579843,0.17880794701986755,0.7502820108831978,0.8931570122041591,0.08705084901062518,0.4188998431792545,0.6949875002403854,0.6309297535714573,0.6037733838589004,77.13206804546104,70.61682076777385,6.515247277687195,Overperformer
Pirates of the Caribbean: On Stranger Tides,2011,1046808205,250000000,3116336,63,6395,6583,12978,14861,6.6,16.4911,8.010204081632653,3,31,0,18,0,6,0.802607810812591,0.20860927152317882,0.5916193564055559,0.9078121213148493,0.14465851116185013,0.537163962855065,0.7079879189072642,0.0,0.5294686120198502,64.67452560308196,73.04833333393631,-8.373807730854352,Underperformer
Pirates of the Caribbean: Dead Man's Chest,2006,1065659812,200000000,2665556,72,92658,6287,98945,17027,7.375,21.8297,5.72265625,45,54,1,18,1,9,0.7942208239345219,0.23841059602649006,0.7185025448202318,0.920668866955525,0.10099762467309036,0.6957775790005379,0.7079879189072642,0.31546487678572865,0.6004754199858143,76.57914898110546,73.24947933357538,3.329669647530082,As Expected
Pirates of the Caribbean: The Curse of the Black Pearl,2003,654264015,140000000,3621398,73,98738,8426,107164,22077,7.8,21.8846,14.253731343283581,38,104,0,15,1,8,0.8106704145346172,0.24172185430463577,0.7234870340998215,0.9452124334247671,0.26382451560157444,0.7498172450400266,0.6666666666666667,0.31546487678572865,0.6251022489092276,80.70795200332805,69.0099798545958,11.697972148732248,Overperformer
Toy Story,1995,373554033,30000000,4243839,107,575959,21833,597792,19743,7.971,24.7185,9.044776119402986,29,24,0,36,2,4,0.81918423650625,0.3543046357615894,0.8308579751015435,0.9346538542726912,0.16440469162676166,0.6026803680426321,0.868242227604825,0.5,0.6724370200524087,88.64384771933615,64.35985560486216,24.28399211447399,Strong Overperformer
Toy Story 2,1999,485460855,90000000,2083980,81,342847,21082,363929,14790,7.605,16.0255,18.152985074626866,21,27,0,12,4,3,0.7810088077831198,0.2682119205298013,0.7998572463588187,0.9073595901605789,0.3382469483047832,0.5880002682992193,0.6167399530235154,0.7324867603589634,0.6612777548960739,86.77294473598637,66.4602572835102,20.31268745247617,Strong Overperformer
Toy Story 3,2010,1066969541,200000000,2280084,78,204020,23563,227583,15624,7.804,15.5538,4.153846153846154,63,96,2,34,3,5,0.7858362479550173,0.2582781456953642,0.7705331540698247,0.9125431816657834,0.07105480180249396,0.7667886326795234,0.8548805028241611,0.6309297535714573,0.6607213822288468,86.67966625676871,73.26032855315304,13.419337703615668,Overperformer
Cars,2006,461983149,120000000,4858286,70,548054,22424,570478,15020,7.024,14.5714,9.890625,28,34,0,2,4,3,0.8264424832592803,0.23178807947019867,0.8279365618994409,0.9088177437879885,0.1805488401563393,0.6259704056481553,0.2641604167868594,0.7324867603589634,0.6252530336525948,80.73323177061172,65.9663369744037,14.766894796208021,Overperformer
Cars 2,2011,559821087,200000000,1891231,55,265151,12566,277717,8423,6.176,13.8185,8.78061224489796,1,19,0,23,5,4,0.7757992409641916,0.18211920529801323,0.7829692765820278,0.854162789541916,0.1593627734733112,0.4599852698988825,0.7641604167868594,0.8154648767857287,0.6352792366877151,82.41417159122607,67.56346946474409,14.850702126481977,Overperformer
Cars 3,2017,383682457,175000000,1949017,44,201114,30157,231271,6343,6.9,16.1307,5.008064516129032,3,24,0,16,2,4,0.7774148084437447,0.1456953642384106,0.7715372988856314,0.8273651628845341,0.08735869299834642,0.5034500557392368,0.6812438068750566,0.5,0.5843017297394337,73.86755418433239,64.25241624681354,9.615137937518853,Overperformer
Monsters University,2013,743849673,200000000,1626055,57,207127,19078,226205,11250,7.046,8.3342,4.75,9,58,0,33,2,6,0.7676899974059085,0.18874172185430463,0.7701537795731936,0.8815082229383838,0.0824331891948064,0.6375093073898266,0.8479104735417233,0.5,0.621379046887725,80.08373977500861,70.07396611113975,10.009773663868856,Overperformer
"Monsters, Inc.",2001,577646724,115000000,3020431,77,549438,11553,560991,19651,7.849,23.6671,34.22014925373134,15,38,1,13,0,2,0.8009299110249363,0.25496688741721857,0.8268890278414689,0.9342124927895806,0.6449101016253734,0.6026803680426321,0.6345591536762674,0.0,0.6326966881283883,81.98119524945079,67.94819880084918,14.032996448601608,Overperformer
Up,2009,735099082,175000000,3742317,29,1200474,76382,1276856,21544,7.959,17.5638,39.25,81,88,2,20,4,6,0.8124334688118484,0.09602649006622517,0.8782640625391499,0.9429030755735339,0.7409114789305652,0.7759481753004683,0.7320529037964602,0.7324867603589634,0.7401723946728213,99.99999999999999,69.99546741956263,30.004532580437356,Strong Overperformer
WALL-E,2008,532681980,180000000,3177387,88,665605,33096,698701,0,0.0,0.055,4.719827586206897,96,95,1,18,2,5,0.8036492353998448,0.2913907284768212,0.8406013817956495,0.0,0.08185730863156923,0.7943349005181546,0.7079879189072642,0.5,0.5664072090924799,70.8674541244288,67.14507598561693,3.7223781388118766,As Expected
Ratatouille,2007,623722953,150000000,4537754,79,715882,18126,734008,18356,7.839,19.0488,13.598360655737705,69,42,1,24,3,4,0.8227787471760614,0.26158940397350994,0.8436807573817999,0.9277706607334041,0.2513158961964105,0.7128999773288641,0.7739760316291208,0.6309297535714573,0.689140073254849,91.44419269095428,68.57427937240195,22.869913318552335,Strong Overperformer
The Incredibles,2004,633026024,92000000,3576032,75,462762,40377,503139,18777,7.7,16.8344,3.2761194029850746,70,56,2,38,5,4,0.8099937275010296,0.24834437086092714,0.8200903605068804,0.9299134290550867,0.054302221809382996,0.7318897298295294,0.8809003698103748,0.8154648767857287,0.692098317416685,91.94015615721479,68.80033376346998,23.139822393744808,Strong Overperformer
A Bug's Life,1998,363398550,120000000,2382135,64,127081,9628,136709,9677,6.974,10.2206,26.186567164179106,14,21,0,29,3,6,0.7881865461588946,0.2119205298013245,0.7386969755813989,0.8672764845693831,0.49157852496507837,0.5414201930881729,0.8178150992680865,0.6309297535714573,0.6614707628744091,86.80530342604517,63.84619596544542,22.959107460599753,Strong Overperformer
Finding Nemo,2003,940335536,94000000,3235848,81,172130,11711,183841,20435,7.817,19.5463,13.708955223880597,49,63,1,26,3,7,0.8046278916306625,0.2682119205298013,0.757200278456388,0.9379091994788685,0.2534267403148104,0.7142429744525433,0.7924812503605781,0.6309297535714573,0.6720858178882162,88.58496703431419,72.29153591623091,16.293431118083276,Strong Overperformer
Coco,2017,807926220,175000000,4620509,27,312677,18847,331524,20836,8.197,20.2656,8.209677419354838,113,42,2,23,2,5,0.8237488595475622,0.08940397350993377,0.7940317881318899,0.9397455261553405,0.148465724561015,0.7629634617447971,0.7641604167868594,0.5,0.6440300398116852,83.88128465306134,70.82986948553798,13.05141516752336,Overperformer
Encanto,2021,779091396,75000000,4048546,92,360296,12976,373272,10143,7.57,13.8875,8.210526315789474,58,86,1,14,7,2,0.8166554241065385,0.304635761589404,0.8014406622879312,0.8717205087725072,0.14848192687615827,0.75191569796214,0.6511484326014197,0.946394630357186,0.6910489130947755,91.76421861571043,70.67400886774277,21.090209747967663,Strong Overperformer
Mulan,1998,304320881,70000000,2766904,77,131077,7873,138950,10352,7.902,15.5776,5.865671641791045,17,21,0,15,2,8,0.7962239028677894,0.25496688741721857,0.7397126361639078,0.8736477185009388,0.10372726324098765,0.5535135401551698,0.6666666666666667,0.5,0.6024395154044376,76.9084387620011,62.38414445585613,14.524294306144967,Overperformer
The Jungle Book,1967,900000000,4000000,1960906,61,70659,6657,77316,6633,7.278,11.3426,2.003731343283582,6,4,0,14,0,10,0.7777412514916081,0.20198675496688742,0.7030946989864042,0.8315891294335752,0.030017006927283298,0.36228884063412964,0.6511484326014197,0.0,0.503870206551932,60.382833230153786,72.51961738374533,-12.136784153591542,Underperformer
101 Dalmatians,1961,215888778,4000000,1689872,86,14665,7174,21839,6640,7.173,9.5687,28.171641791044777,0,0,0,0,0,8,0.769756395417305,0.2847682119205298,0.6241272285188311,0.8316887895735452,0.5294663088867119,0.0,0.0,0.0,0.44336905582530595,50.23953241197376,59.90951886197476,-9.669986450000998,Underperformer
The Lion King (1994),1994,763455278,45000000,5876416,114,206489,23658,230147,0,,,2.925373134328358,43,35,2,18,0,8,0.8366553975107616,0.37748344370860926,0.7712329699435009,0.0,0.04760776374804172,0.660163191711948,0.7079879189072642,0.0,0.5009019052984388,59.88518364545074,70.59449796598227,-10.709314320531533,Underperformer
The Little Mermaid,1989,210640166,40000000,3151380,82,97222,6919,104141,8364,7.4,12.3176,8.399253731343284,16,9,2,44,2,7,0.8032080687814591,0.271523178807947,0.7216996149966817,0.853498607830947,0.15208404008833573,0.4922533652007107,0.9153088493882792,0.5,0.6234483408872502,80.43066658989316,59.24332541119293,21.187341178700237,Strong Overperformer
Beauty and the Beast (1991),1991,270400000,32000000,2824793,88,175334,18785,194119,10611,7.726,15.3992,3.4029850746268657,34,32,2,12,4,7,0.7973353708681054,0.2913907284768212,0.7605984090056672,0.8759827080172639,0.056723621533697914,0.6352709526485328,0.6167399530235154,0.7324867603589634,0.632446228380634,81.93920450160871,61.4928397002019,20.446364801406816,Strong Overperformer
Aladdin,1992,504050219,28000000,2698063,95,97565,7783,105348,11947,7.653,18.4316,4.7611940298507465,36,22,2,0,1,5,0.7948714827400938,0.31456953642384106,0.72241942720279,0.8871882732284816,0.08264684211165771,0.6160595627143017,0.0,0.31546487678572865,0.5250510911149778,63.933907567382356,67.0197512110098,-3.085843643627449,As Expected
Snow White and the Seven Dwarfs,1937,403000000,1500000,3861451,113,31588,15867,47455,7950,7.122,12.2399,37.798507462686565,13,6,0,9,0,9,0.8141156449870249,0.3741721854304636,0.6726044479219293,0.8487019601839925,0.7132078173788444,0.45261375029508255,0.5536546824812272,0.0,0.5915790581587519,75.08763232207511,65.61394047115596,9.473691850919153,Overperformer
Cinderella,1950,269000000,3000000,1434734,93,35204,13450,48654,7106,7.0,12.9219,6.902985074626866,6,9,0,16,1,8,0.7609706866502195,0.3079470198675497,0.674163071060661,0.8380975013873632,0.12352576686920969,0.4188998431792545,0.6812438068750566,0.31546487678572865,0.5555446330385924,69.04629245640041,61.90836584453879,7.137926611861616,Overperformer
Sleeping Beauty,1959,170000000,4000000,1836599,79,3662935,159737,3822672,0,,,22.625925925925927,3,5,0,14,3,49,0.7742257978447745,0.26158940397350994,0.9467608623733619,0.0,0.4236189611121054,0.3319702714985457,0.6511484326014197,0.6309297535714573,0.5741230143193312,72.16104494923927,57.79877011914567,14.362274830093597,Overperformer
Tangled,2010,591794936,260000000,3429570,81,184259,12621,196880,12303,7.61,18.4449,10.903846153846153,10,42,0,28,2,6,0.8077489575174593,0.2682119205298013,0.761480611452587,0.8899628169788638,0.19988751066383806,0.5998562450399421,0.8096634991879288,0.5,0.6406041130340469,83.3069120094126,68.00293606923427,15.303975940178333,Strong Overperformer
Wreck-It Ralph,2012,471222889,165000000,1962838,66,74622,7535,82157,13003,7.355,14.7413,12.858695652173912,33,42,0,17,3,6,0.7777941125015746,0.2185430463576159,0.7068882717945328,0.8951917002062324,0.23719840789136468,0.6543139638942169,0.6949875002403854,0.6309297535714573,0.6300529140753487,81.53795416736872,66.0791826786051,15.458771488763631,Strong Overperformer
Big Hero 6,2014,657463394,165000000,2622650,75,55647,12549,68196,16482,7.724,22.7551,4.51875,17,58,1,33,0,6,0.7933497636456409,0.24834437086092714,0.6952544080626644,0.9175948564258298,0.07801947602085293,0.6543139638942169,0.8479104735417233,0.0,0.5723391484160161,71.86197148932479,69.02104335719932,2.8409281321254696,As Expected
Moana,2016,643331588,250000000,6342631,16,386658,24862,411520,13666,7.565,3.73,7.720588235294118,22,90,0,11,3,3,0.8407535574258678,0.052980132450331126,0.807534203632095,0.8998908755629859,0.1391308083451147,0.7142429744525433,0.5974937501201928,0.6309297535714573,0.6331243816618551,82.05290007019951,68.7481270359165,13.304773034283016,Overperformer
Zootopia,2016,1023784195,150000000,4974946,88,299507,22335,321842,17959,7.759,23.6918,6.382352941176471,49,75,1,32,4,4,0.8277162067556931,0.2913907284768212,0.7921803401650968,0.9257045395852104,0.11358881159918374,0.729491486116366,0.8407323532264089,0.7324867603589634,0.6873187773204534,91.13884391130912,72.95145560507359,18.187388306235533,Strong Overperformer
Raya and the Last Dragon,2021,132248351,100000000,2183169,55,14874,13475,28349,7232,7.801,11.9174,6.342105263157895,13,62,0,7,0,5,0.7835047407851868,0.18211920529801323,0.6404235562112144,0.8397581988149195,0.11282063124592265,0.6543139638942169,0.5,0.0,0.5136868593245876,62.02864096942452,54.953292143983305,7.075348825441218,Overperformer
Turning Red,2022,479263394,175000000,2934858,59,408984,34438,443422,5742,7.318,26.1876,4.890625,9,92,0,34,2,6,0.7993871706404705,0.19536423841059603,0.8121981595129091,0.8179598729684217,0.08511720396275106,0.6987694823442857,0.8548805028241611,0.5,0.6375261960816976,82.7908848402415,66.21715864007106,16.57372620017044,Strong Overperformer
Lightyear,2022,226437552,200000000,2212058,49,82186,8461,90647,3755,6.879,8.3245,4.796875,2,22,0,8,5,5,0.7842103860650861,0.16225165562913907,0.7130311396111213,0.7778329631216455,0.08332786078412129,0.4863276574109106,0.5283208335737188,0.8154648767857287,0.584800889865768,73.95124071354778,59.56840434946474,14.382836364083033,Overperformer
Elemental,2023,495771956,175000000,10560193,24,145011,39328,184339,5241,7.578,13.9801,5.075221238938053,3,69,0,12,6,3,0.8681186655208855,0.07947019867549669,0.7573692601101388,0.8093341203672264,0.08864046818615925,0.6482291342554843,0.6167399530235154,0.8856218745807111,0.6379011600350643,82.85374930032684,66.51629056850817,16.33745873181867,Strong Overperformer
Wish,2023,261929843,250000000,7928416,30,210668,55943,266611,1763,6.22,8.9407,8.473451327433628,1,22,0,4,4,4,0.8527323957986969,0.09933774834437085,0.7804199341539804,0.7064132761574705,0.15350019968764222,0.48016001813371373,0.3869880158145604,0.7324867603589634,0.5825190678402076,73.56868258133325,60.811045009895736,12.757637571437513,Overperformer
Madagascar 3,2012,746921139,135000000,1182350,52,4760,10246,15006,6516,6.63,10.1193,5.228260869565218,3,20,0,10,1,5,0.7505852491943892,0.17218543046357615,0.6006884010269467,0.8299076309311042,0.09156143265680179,0.48016001813371373,0.5765719364395496,0.31546487678572865,0.5168398625853147,62.55725670929313,70.18697144718229,-7.629714737889159,Underperformer
Kung Fu Panda 3,2016,521665856,145000000,2084198,46,57724,4996,62720,6533,6.921,11.4114,5.8088235294117645,1,10,0,27,0,6,0.7810144226467635,0.152317880794702,0.6900257523643619,0.83015381691273,0.1026422415652133,0.3754350573389001,0.801225820342934,0.0,0.5203855166976731,63.15170220044377,67.00263655993882,-3.8509343594950494,As Expected
Rise of the Guardians,2012,306066279,145000000,1533234,42,110466,21147,131613,7103,7.372,11.6876,8.130434782608695,14,32,0,27,1,9,0.7645349142776282,0.1390728476821192,0.7363239925927458,0.8380576030715172,0.1469532736648193,0.5817040997232494,0.801225820342934,0.31546487678572865,0.5824196335011116,73.55201194943626,62.292718354099094,11.25929359533717,Overperformer
The Croods,2013,587204057,135000000,1483403,58,6467,11836,18303,7490,6.934,9.44,9.668604651162791,5,46,0,16,0,8,0.7627613580857173,0.19205298013245034,0.613094293009849,0.8430702443062572,0.1763112871247781,0.5969783259955244,0.6812438068750566,0.0,0.52413679466252,63.78062149194588,68.06189309935863,-4.281271607412748,As Expected
The Croods: A New Age,2020,469891341,140000000,990410,42,4523,9650,14173,4110,7.444,7.7959,6.943181818181818,0,31,0,2,0,3,0.7410766602242104,0.1390728476821192,0.597121136310081,0.7863673472814637,0.12429297507063033,0.5236248039740681,0.2641604167868594,0.0,0.4513913983863724,51.584515654211074,66.0862124215256,-14.501696767314527,Underperformer
Megamind,2010,468683387,130000000,2400400,46,215297,9410,224707,7414,7.022,12.1184,3.8701923076923075,2,16,0,27,4,4,0.7885965544459624,0.152317880794702,0.7697387374342817,0.8421066057217836,0.06564089167228077,0.4448640423045896,0.801225820342934,0.7324867603589634,0.6155312584955741,79.10333070724283,66.07792084203697,13.025409865205859,Overperformer
Trolls,2016,344587573,125000000,2037555,41,35962,12632,48594,3792,6.628,9.7834,7.470588235294118,4,37,0,0,0,6,0.7797994904901556,0.1357615894039735,0.674085992393465,0.7787593101628025,0.13435922653543528,0.5647102306936961,0.0,0.0,0.4521361322563149,51.70937376982687,63.36875487273372,-11.659381102906849,Underperformer
Trolls World Tour,2020,380616879,80000000,1406280,36,13164,10810,23974,2257,7.239,9.2488,5.193181818181818,4,21,0,5,0,6,0.7598954269856149,0.11920529801324503,0.6299533207742652,0.7297446942050441,0.09089190240287444,0.4922533652007107,0.43082708345352605,0.0,0.464261983879516,53.742329494032894,64.33412716548824,-10.591797671455346,Underperformer
Kung Fu Panda,2008,631744560,130000000,3934483,26,114526,11054,125580,12536,7.318,17.2906,10.508620689655173,15,39,0,28,0,5,0.8151213875251118,0.08609271523178808,0.7333929442779945,0.8917356079250478,0.1923441081212149,0.605452669339585,0.8096634991879288,0.0,0.5682317263411777,71.17334297247935,68.71504530941678,2.4582976630625666,As Expected
Kung Fu Panda 2,2011,665527395,150000000,1686203,50,57578,4621,62199,7820,7.059,12.0018,5.76530612244898,5,47,0,24,1,6,0.7696397239325226,0.16556291390728478,0.6895047048958605,0.8471441147651142,0.10181165409534115,0.5998562450399421,0.7739760316291208,0.31546487678572865,0.5722104693879299,71.84039784857261,69.14729944105449,2.6930984075181215,As Expected
How to Train Your Dragon,2010,494878759,165000000,2045226,19,55077,10823,65900,14263,7.857,15.2468,8.110576923076923,25,63,0,35,0,8,0.7800011995389374,0.06291390728476821,0.6931151433467395,0.9039311599738633,0.14657426005953542,0.6781709296756199,0.8616541669070521,0.0,0.5599477109672193,69.78448905959817,66.51183127805155,3.272657781546627,As Expected
How to Train Your Dragon 2,2014,618876695,145000000,1798076,47,64048,13690,77738,10353,7.679,12.3611,4.55,15,61,0,24,0,4,0.7730879092985131,0.15562913907284767,0.7034347134942023,0.8736568457680225,0.07861592374706286,0.6562889747837393,0.7739760316291208,0.0,0.5491212160586225,67.96937656429051,68.51198862315465,-0.5426120588641368,As Expected
How to Train Your Dragon 3,2019,521616256,150000000,2286763,46,67605,16258,83863,10353,7.679,12.3611,8.17,0,0,0,0,0,3,0.785993256860554,0.152317880794702,0.7081720830325692,0.8736568457680225,0.14770842835122075,0.0,0.0,0.0,0.4162013834700192,45.68474510760352,66.99518891930356,-21.31044381170004,Strong Underperformer
Madagascar,2005,532692000,75000000,2226422,261,82928,11600,94528,11648,6.921,16.9581,8.5,4,32,0,45,3,9,0.7845578195199743,0.8642384105960265,0.7156498815294096,0.8847933280167807,0.15400691633999758,0.5455597994779017,0.9205936593428355,0.6309297535714573,0.7000537269443767,93.27391776343296,67.31588023026256,25.958037533170398,Strong Overperformer
Madagascar 2,2008,604200000,75000000,1012635,67,12750,10860,23610,7377,6.523,11.5642,5.767241379310345,0,0,0,35,0,2,0.7422678957546557,0.22185430463576158,0.6289976613322462,0.8416338853541382,0.10184859104108815,0.0,0.8616541669070521,0.0,0.4769522062111844,55.869904606468715,68.42848648412786,-12.558581877659144,Underperformer
Despicable Me,2010,543368506,69000000,1925692,68,57076,11578,68654,15979,7.257,19.3184,5.8125,3,41,0,22,3,5,0.7767685343190162,0.2251655629139073,0.6956725160379499,0.9146661756629356,0.10271241188594389,0.575134100204001,0.7539269926761688,0.6309297535714573,0.6147417097628347,78.97095917032819,67.50741490037632,11.463544269951868,Overperformer
Despicable Me 2,2013,970761885,76000000,1415510,60,14379,14244,28623,11939,6.944,12.8887,3.7790697674418605,12,66,0,31,1,2,0.7602465889237907,0.1986754966887417,0.6410243835708944,0.8871249784105244,0.06390169705023752,0.660163191711948,0.8333333333333334,0.31546487678572865,0.5761205518969884,72.49594146447,72.61424459919789,-0.11830313472789555,As Expected
Despicable Me 3,2017,1034799409,80000000,1880808,56,51591,16242,67833,7598,6.5,9.1477,3.7338709677419355,0,33,0,23,0,4,0.7755025894128588,0.18543046357615894,0.6949210259716723,0.8444229392712939,0.0630390179683675,0.532784346595013,0.7641604167868594,0.0,0.5330684414966754,65.27805384740542,73.16850617256401,-7.890452325158591,Underperformer
The Secret Life of Pets,2016,875457937,75000000,1452172,53,111185,29326,140511,8471,6.316,3.6797,4.044117647058823,4,15,0,18,0,4,0.7616191690546181,0.17549668874172186,0.7404104757533136,0.854699718030014,0.0689604876145351,0.45261375029508255,0.7079879189072642,0.0,0.5263817853204481,64.15700467315615,71.7040883589755,-7.547083685819345,Underperformer
Sing,2016,633065556,75000000,2275929,54,74896,20645,95541,8391,7.122,10.7832,10.544117647058824,3,25,0,12,1,8,0.7857383406292155,0.17880794701986755,0.7163157220155647,0.8538031348368932,0.19302161466619983,0.5087518692566847,0.6167399530235154,0.31546487678572865,0.567069752087845,70.97853255560332,68.84070566919371,2.137826886409613,As Expected
Sing 2,2021,374065313,85000000,2359834,48,66855,19722,86577,4734,7.833,12.1084,9.907894736842104,2,21,0,22,0,2,0.7876816549240659,0.15894039735099338,0.7101615761086176,0.7997215356001511,0.18087845600503424,0.48016001813371373,0.7539269926761688,0.0,0.5369313861831428,65.92569458693247,64.16894647489875,1.7567481120337192,As Expected
The Secret Life of Pets 2,2019,431118094,80000000,1076554,46,8283746,680482,8964228,0,,,5.254901960784314,0,11,0,11,4,42,0.7455535100129291,0.152317880794702,1.0,0.0,0.092069913241806,0.3754350573389001,0.5974937501201928,0.7324867603589634,0.5440910381880423,67.12604372355177,65.43460478913974,1.6914389344120337,As Expected
Hop,2011,340275694,65000000,812271,48,65728,16101,81829,1379,5.791,6.4876,6.26530612244898,0,2,0,12,2,9,0.7304330612823321,0.15894039735099338,0.7066383898628316,0.6832136891368424,0.11135481771469997,0.16598513574927284,0.6167399530235154,0.5,0.5110376895265651,61.58449526546599,63.384987451892925,-1.8004921864269363,As Expected
Horton Hears a Who!,2008,459323305,85000000,1259747,49,259153,19505,278658,0,,,0.43103448275862066,1,18,0,23,3,63,0.7539888256985288,0.16225165562913907,0.7831805736010383,0.0,0.0,0.45261375029508255,0.7641604167868594,0.6309297535714573,0.5084294374881673,61.147209615236896,65.98254820796015,-4.835338592723254,As Expected
Ice Age,2002,383257136,59000000,1902402,11,48200,9835,58035,14193,7.37,17.1986,11.936567164179104,5,30,0,16,0,8,0.7761153718650949,0.03642384105960265,0.6851763544264369,0.9034662675345797,0.21959836181335185,0.5414201930881729,0.6812438068750566,0.0,0.5304735922953827,64.84301524548768,64.45453557159422,0.38847967389345683,As Expected
Ice Age: The Meltdown,2006,655664329,60000000,836660,60,5137,3929,9066,10288,6.716,11.9353,2.2734375,8,16,0,28,0,10,0.7320210661971155,0.1986754966887417,0.5692134122539364,0.8730617321043712,0.03516470689266971,0.4863276574109106,0.8096634991879288,0.0,0.5005362049186726,59.82387226679526,69.19401186374017,-9.37013959694491,Underperformer
Ice Age: Dawn of the Dinosaurs,2009,886686817,90000000,894169,64,2390,9886,12276,8812,6.763,12.8512,4.6454545454545455,3,13,0,18,0,4,0.735589439081841,0.2119205298013245,0.5881459394137916,0.8584287773246274,0.08043780043803136,0.4280593858001993,0.7079879189072642,0.0,0.49343051692627127,58.632570449202944,71.7811246735786,-13.148554224375658,Underperformer
Ice Age: Continental Drift,2012,877244008,95000000,1063225,54,4479,9749,14228,8058,6.383,14.2393,4.0978260869565215,2,11,0,25,1,8,0.7448847611699183,0.17880794701986755,0.5973630561684043,0.8499769213405245,0.06998558447390357,0.39872509494442326,0.7834066196901821,0.31546487678572865,0.5280862678931275,64.44276914649902,71.676015792285,-7.233246645785982,Underperformer
Ice Age: Collision Course,2016,408619881,65000000,1240774,46,19658,12170,31828,4849,6.112,8.996,3.8161764705882355,2,0,0,26,0,5,0.7531742289484965,0.152317880794702,0.6476540254539646,0.8019892298853655,0.06460992772923918,0.16598513574927284,0.7924812503605781,0.0,0.477903993332408,56.02947616782733,65.00166247891767,-8.972186311090333,Underperformer
Rio,2011,484606190,90000000,1714582,36,50517,13881,64398,7127,6.761,12.0292,7.510204081632653,3,31,0,29,2,8,0.7705356185404311,0.11920529801324503,0.6916749617567003,0.838376318920605,0.13511534754249133,0.537163962855065,0.8178150992680865,0.5,0.5872097187193757,74.35509213435888,66.44469308851774,7.910399045841146,Overperformer
Rio 2,2014,500456880,103000000,854970,44,22143,12474,34617,3727,6.5,8.9524,3.925,2,24,0,24,0,1,0.7331831263210407,0.1456953642384106,0.6529009023274392,0.7771258576121068,0.06668696922286434,0.49795540724781856,0.7739760316291208,0.0,0.5033607687247281,60.297423596329836,66.70268092833712,-6.405257332007281,Underperformer
Rango,2011,245155451,135000000,1993902,15,222145,10038,232183,7027,6.891,12.6504,4.75,46,25,1,30,1,9,0.77863697698314,0.04966887417218543,0.7717831427596149,0.8370411856678969,0.0824331891948064,0.6461451538829865,0.8256993850644793,0.31546487678572865,0.5857292904253594,74.10689140849493,60.346549109194825,13.760342299300106,Overperformer
The Book of Life,2014,95454857,50000000,1315865,32,153472,31127,184599,2909,7.53,8.1636,9.98125,3,29,0,14,0,8,0.7563283056658003,0.10596026490066225,0.7574573021664531,0.7537166376979038,0.18227853856234807,0.5282739763834025,0.6511484326014197,0.0,0.5248949065810243,63.90772249995784,52.208625806093266,11.699096693864576,Overperformer
Curious George,2006,267575760,60000000,560157,26,18903,1734,20637,552,6.514,5.7313,2.79296875,0,1,0,12,3,6,0.7104853060989728,0.08609271523178808,0.6205910932942615,0.5967960242044675,0.045080650340909745,0.10472496079481362,0.6167399530235154,0.6309297535714573,0.4742516855953421,55.417149697790094,61.27757549559246,-5.860425797802364,Underperformer
Charlotte's Web,2006,188895949,75000000,604179,81,6776,6297,13073,1447,6.231,6.8824,16.41796875,10,11,0,12,0,9,0.7145462496395643,0.2682119205298013,0.5920749108537825,0.6877590793255596,0.3051318589684377,0.4670138014289433,0.6167399530235154,0.0,0.49580989342629506,59.031484045218704,58.15841661608772,0.8730674291309839,As Expected
Stuart Little,1999,140475849,80000000,535107,11,109269,8712,117981,4619,6.068,8.3548,39.8134328358209,7,14,0,29,0,10,0.7080295057796364,0.03642384105960265,0.7294938960777033,0.7973980827252408,0.7516653424120815,0.4670138014289433,0.8178150992680865,0.0,0.5745362970608635,72.23033373333638,55.52988469668287,16.70044903665351,Strong Overperformer
Bumblebee,2018,468261530,135000000,3268193,102,87363,25362,112725,6573,6.719,9.3571,6.044642857142857,2,13,0,5,0,4,0.8051617874464435,0.33774834437086093,0.7266472048950797,0.8307305605990712,0.10714316642350334,0.4188998431792545,0.43082708345352605,0.0,0.5188966982709262,62.90209482959591,66.06261088999759,-3.160516060401676,As Expected
Transformers,2007,709709780,150000000,4056080,43,213081,12230,225311,12111,6.821,4.308,5.622950819672131,25,50,0,1,6,5,0.8167552221071683,0.1423841059602649,0.7699064161291763,0.888476561026778,0.09909461420237549,0.6543139638942169,0.16666666666666669,0.8856218745807111,0.6009881062803702,76.66510323567056,69.71504457546621,6.950058660204348,Overperformer
Transformers: Revenge of the Fallen,2009,836848151,200000000,2422409,54,53864,6463,60327,9092,6.209,4.0591,3.8454545454545452,15,30,0,23,3,6,0.7890864824540608,0.17880794701986755,0.6875958329497814,0.8613844259000463,0.06516873864705724,0.5784548092957947,0.7641604167868594,0.6309297535714573,0.6032270722028767,77.04047634181617,71.11451194130473,5.925964400511447,Overperformer
Transformers: Dark of the Moon,2011,1123646428,200000000,2728519,57,32463,10087,42550,8876,6.223,2.8555,3.7448979591836733,11,42,0,22,1,9,0.7954740146876724,0.18874172185430463,0.6657894504161678,0.8591125503722933,0.06324948273548305,0.6026803680426321,0.7539269926761688,0.31546487678572865,0.5705702922674291,71.56541448497497,73.71748942741834,-2.1520749424433774,As Expected
Transformers: Age of Extinction,2014,1104054072,210000000,3099750,47,19890,11712,31602,8684,5.958,10.8483,3.61875,5,23,0,40,4,7,0.8023213569234512,0.15562913907284767,0.6472089082575214,0.8570462069508631,0.060841781506007046,0.5087518692566847,0.892925334103014,0.7324867603589634,0.6106741621610325,78.28901579533732,73.55260746409542,4.736408331241904,As Expected
Transformers: The Last Knight,2017,762682157,217000000,3787262,43,49739,17394,67133,6653,6.05,8.9736,4.919354838709677,3,21,0,10,2,5,0.8130743018867375,0.1423841059602649,0.6942730727961435,0.831873594307254,0.08566555106587953,0.4863276574109106,0.5765719364395496,0.5,0.5637517594549621,70.42225557601482,70.27890864790166,0.14334692811316074,As Expected
Guardians of the Galaxy,2014,773638383,170000000,6103892,66,237224,28238,265462,29550,7.905,10.3347,8.375,52,103,0,3,3,3,0.8386940768037116,0.2185430463576159,0.7801501475688373,0.9727623353970809,0.15162112543515785,0.7629634617447971,0.33333333333333337,0.6309297535714573,0.630784150458454,81.66054936620303,70.45247111742572,11.208078248777312,Overperformer
Guardians of the Galaxy Vol. 2,2017,863756034,200000000,2938948,59,151057,22258,173315,22807,7.609,16.9872,2.9193548387096775,15,60,0,32,1,5,0.7994619243617782,0.19536423841059603,0.7535172822598115,0.9482864640636492,0.047492896588444244,0.6543139638942169,0.8407323532264089,0.31546487678572865,0.6107613206212225,78.3036283187346,71.3940525563169,6.9095757624177025,Overperformer
Guardians of the Galaxy Vol. 3,2023,845289623,250000000,19321047,49,106816,28842,135658,8184,7.924,17.7192,4.300884955752212,12,96,0,18,1,5,0.9005459428433806,0.16225165562913907,0.7382148949354833,0.8514429559289104,0.07386123249246196,0.7087978380643357,0.7079879189072642,0.31546487678572865,0.6097328153365568,78.13119459854653,71.1596717475021,6.971522851044426,Overperformer
Thor,2011,449326618,150000000,2899851,101,234841,9139,243980,22227,6.769,14.1397,8.73469387755102,5,30,0,2,2,4,0.798743045958071,0.3344370860927152,0.7748789612588136,0.9458522983689756,0.15848636048785988,0.5414201930881729,0.2641604167868594,0.5,0.5891600369258353,74.68207210121408,65.67748099957677,9.004591101637303,Overperformer
Thor: The Dark World,2013,644571402,170000000,1684005,62,31610,12547,44157,18231,6.51,12.0279,5.6104651162790695,4,21,0,25,0,5,0.7695697075010819,0.2052980132450331,0.6681051058185055,0.9271249781011773,0.09885630798160995,0.4922533652007107,0.7834066196901821,0.0,0.5382288910857889,66.14322735089706,68.84030286947339,-2.6970755185763267,As Expected
Thor: Ragnarok,2017,854461807,180000000,2466238,63,356335,32560,388895,21888,7.581,15.7336,3.9516129032258065,6,50,0,32,2,4,0.7900490107982413,0.20860927152317882,0.804001879963058,0.9443999853982109,0.0671949118026044,0.6108491780538625,0.8407323532264089,0.5,0.6359887481526866,82.53312450595112,71.31902941653149,11.21409508941963,Overperformer
Iron Man,2008,585366247,140000000,3865369,78,518389,22832,541221,27966,7.657,26.046,9.181034482758621,24,73,0,12,3,5,0.8141700818069201,0.2582781456953642,0.8246479351057612,0.967556155511221,0.1670053633387794,0.692725229094033,0.6167399530235154,0.6309297535714573,0.6610870634059733,86.74097441601187,68.0271164786721,18.713857937339768,Strong Overperformer
Iron Man 2,2010,623933331,200000000,2319742,67,86164,9095,95259,22252,6.851,28.4579,4.673076923076923,7,45,0,11,6,5,0.7867618603513427,0.22185430463576158,0.7161310763986889,0.9459585225654049,0.0809650101764435,0.5998562450399421,0.5974937501201928,0.8856218745807111,0.6337535580618519,82.1583844356408,68.52118587580875,13.637198559832044,Overperformer
Captain America: The First Avenger,2011,370569774,140000000,2880000,72,228528,8929,237457,22612,7.005,8.9436,15.275510204081632,4,50,0,15,4,5,0.7983743261328411,0.23841059602649006,0.7731861630594172,0.9474750574741191,0.2833265213043702,0.605452669339585,0.6666666666666667,0.7324867603589634,0.6616939249554711,86.84271759242442,63.9887588691623,22.853958723262124,Strong Overperformer
Captain America: The Winter Soldier,2014,714766305,170000000,2433370,64,124675,15943,140618,19880,7.653,9.0801,5.625,5,52,0,15,4,5,0.7893288201694336,0.2119205298013245,0.7404580254293327,0.9353073021698222,0.09913372552868434,0.6134768300514982,0.6666666666666667,0.7324867603589634,0.6318565505774493,81.84034226061542,69.75335814978718,12.08698411082824,Overperformer
Ant-Man,2015,519311965,130000000,2512274,65,217240,31004,248244,20764,7.066,11.6493,6.702702702702703,4,34,0,20,3,7,0.7910417596940341,0.2152317880794702,0.7759612322323542,0.939418429078758,0.11970311197851854,0.5535135401551698,0.7320529037964602,0.6309297535714573,0.6324855510512611,81.9457971312092,66.98397422230363,14.961822908905575,Overperformer
Ant-Man and the Wasp,2018,622706314,195000000,1645438,57,158842,32974,191816,14094,6.9,9.0996,3.9375,2,21,0,4,0,5,0.7683260733951596,0.18874172185430463,0.7598528960806434,0.9028048475479605,0.06692554831334831,0.48016001813371373,0.3869880158145604,0.0,0.5081978090615494,61.10837602643719,68.50873288256057,-7.4003568561233735,Underperformer
Black Widow,2021,379826451,200000000,4169299,55,256592,51915,308507,11143,7.2,14.7265,6.5131578947368425,14,37,0,7,3,3,0.8182330365490259,0.18211920529801323,0.7895370315351053,0.8806052100312912,0.11608539774728226,0.5969783259955244,0.5,0.6309297535714573,0.6122258028811831,78.54915561742665,64.13717009334997,14.411985524076684,Overperformer
Captain Marvel,2019,1128274794,175000000,3329578,59,299870,147669,447539,16646,6.784,11.0327,5.46,10,57,0,12,0,3,0.8061606520141545,0.19536423841059603,0.812775453175658,0.9185304428295573,0.09598448153429592,0.6375093073898266,0.6167399530235154,0.0,0.5702000633567416,71.50334387693547,73.77982453717914,-2.2764806602436636,As Expected
Spider-Man: Homecoming,2017,880166924,175000000,3880487,69,360344,33634,393978,23032,7.331,27.8691,7.201612903225806,8,11,0,10,2,6,0.8143796158276587,0.22847682119205298,0.8048130395188533,0.9492141262732032,0.12922547532843676,0.45261375029508255,0.5765719364395496,0.5,0.607448742022135,77.74825902722752,71.5863247890774,6.161934238150124,Overperformer
Spider-Man: Far From Home,2019,1131927996,160000000,3290561,64,473797,48338,522135,16838,7.396,22.8942,9.91,11,26,0,9,3,5,0.8055279184859505,0.2119205298013245,0.822405320937652,0.9196141218293077,0.18091863774658945,0.5495890030994032,0.5536546824812272,0.6309297535714573,0.6302493207376514,81.57088266268666,73.82584437230054,7.74503829038612,Overperformer
The Amazing Spider-Man,2012,758225437,230000000,3081169,24,95259,17839,113098,18393,6.7,20.0317,10.228260869565217,2,33,0,12,3,7,0.8019986216873127,0.07947019867549669,0.7268535573827299,0.9279609396422444,0.18699306885039002,0.5414201930881729,0.6167399530235154,0.6309297535714573,0.6041218464991361,77.19048943648183,70.21580218728329,6.9746872491985386,Overperformer
The Amazing Spider-Man 2,2014,709037765,255000000,2657264,61,154554,21867,176421,14122,6.532,23.3886,10.21875,4,30,0,9,5,4,0.7940535813436618,0.20198675496688742,0.7546268211988842,0.9029923858100188,0.1868115412815435,0.537163962855065,0.5536546824812272,0.8154648767857287,0.6295435009265562,81.45254867099581,69.6032518263068,11.849296844689007,Overperformer
Spider-Man 3,2007,891871626,258000000,3071425,61,164969,16935,181904,15101,6.454,21.5006,8.89344262295082,4,44,0,36,1,9,0.8018285983936818,0.20198675496688742,0.7565386328857139,0.9093259568067856,0.16151629099129633,0.5880002682992193,0.868242227604825,0.31546487678572865,0.6161270838013533,79.20322360579134,71.62735357462248,7.575870031168861,Overperformer
Spider-Man 2,2004,784009778,200000000,3030267,62,160591,12895,173486,16227,7.303,11.2961,5.768656716417911,25,60,1,26,2,6,0.8011044299250615,0.2052980132450331,0.753578882981597,0.9161214820948659,0.10187560462827625,0.6729903244932698,0.7924812503605781,0.5,0.6298133300635341,81.49778678751106,70.53842135147067,10.959365436040386,Overperformer
Spider-Man,2002,822103006,139000000,3974974,113,746386,18214,764600,20517,7.324,24.2326,10.380597014925373,17,65,0,30,2,5,0.8156709849671382,0.3741721854304636,0.8462314145055511,0.9382876211934109,0.1899006063710188,0.6676257545131977,0.8256993850644793,0.5,0.6819490351517951,90.2385815282203,71.02840731343343,19.21017421478686,Strong Overperformer
Venom,2018,856024408,100000000,3914036,39,289203,30260,319463,17137,6.825,15.2033,7.232142857142857,2,9,0,19,4,4,0.8148417007443185,0.1291390728476821,0.79171689009221,0.921277363325098,0.12980818001948055,0.3754350573389001,0.7203213491478937,0.7324867603589634,0.6221584964711074,80.21441814231068,71.44973366080455,8.764684481506123,Overperformer
Venom: Let There Be Carnage,2021,502122430,200000000,3702052,46,126129,18060,144189,11101,6.7,14.0206,3.8947368421052633,1,6,0,7,3,5,0.8118527938296776,0.152317880794702,0.7420245290457651,0.8802483845865191,0.06610935668800841,0.31417488238444086,0.5,0.6309297535714573,0.5651534903776013,70.65726231958436,66.6026880915368,4.0545742280475565,As Expected
X-Men Origins: Wolverine,2009,373062864,150000000,2910553,52,61550,8800,70350,11172,6.286,1.1392,5.372727272727273,3,21,0,17,3,7,0.7989407830503013,0.17218543046357615,0.6971968718603366,0.8808508055121491,0.09431876570255329,0.4863276574109106,0.6949875002403854,0.6309297535714573,0.5951875222722308,75.69260820360849,64.03453758331608,11.658070620292406,Overperformer
The Wolverine,2013,414031218,120000000,2606789,49,39738,12012,51750,10220,6.431,1.8668,10.55232558139535,2,11,0,15,1,8,0.7930241475873759,0.16225165562913907,0.6780165366407535,0.8724351142200818,0.19317827398690066,0.39872509494442326,0.6666666666666667,0.31546487678572865,0.5550803050689199,68.96844570112192,64.99836767806656,3.9700780230553647,As Expected
Logan,2017,619021436,97000000,4325257,54,212072,44724,256796,20287,7.819,14.461,3.2903225806451615,28,82,0,20,2,7,0.8202043008681814,0.17880794701986755,0.7780769328423853,0.9372223348680343,0.054573308306033054,0.7115449352271744,0.7320529037964602,0.5,0.6310763896638704,81.70954463547979,68.59241266818657,13.117131967293219,Overperformer
X-Men: Days of Future Past,2014,747862775,165000000,3111324,53,146358,24643,171001,16158,7.53,13.557,4.9,16,48,0,13,2,4,0.8025214105011852,0.17549668874172186,0.7526776624685867,0.9157188235044993,0.08529613828061405,0.6306922331113524,0.6345591536762674,0.5,0.6052161183253999,77.37394922488826,70.15898712240957,7.214962102478694,Overperformer
X-Men: The Last Stand,2006,604753969,210000000,2360866,52,27255,12605,39860,10305,6.418,0.4321,2.89453125,7,40,0,13,1,9,0.7877051243411803,0.17218543046357615,0.6617101223376661,0.8732177394925116,0.047019105451092,0.5848849789285274,0.6345591536762674,0.31546487678572865,0.5526161778155396,68.55532324501775,68.23589763130167,0.3194256137160778,As Expected
X-Men: Apocalypse,2016,543933666,178000000,2721430,51,116773,17440,134213,13687,6.522,13.5518,7.352941176470588,1,19,0,7,2,7,0.795334370839228,0.16887417218543047,0.7375459581766719,0.9000359666061638,0.13211377627205673,0.4599852698988825,0.5,0.5,0.5726769842994334,71.91861125487506,67.3318849881399,4.586726266735155,As Expected
X-Men: Dark Phoenix,2019,252751822,200000000,2919683,47,139652,18750,158402,7017,5.965,11.2307,6.65,0,13,0,0,3,4,0.7991089009803548,0.15562913907284767,0.747896975592462,0.836906628960445,0.11869721094836994,0.39872509494442326,0.0,0.6309297535714573,0.5234899580643176,63.67217631169765,60.53948130477676,3.1326950069208905,As Expected
Deadpool,2016,783112979,58000000,7381717,64,236669,29235,265904,32577,7.623,18.6259,4.036764705882353,29,78,0,58,2,8,0.848897238917644,0.2119205298013245,0.780254067649141,0.9819778584565507,0.06882014697307395,0.7074053288374458,0.9804405082269737,0.5,0.670886698542894,88.38392906907842,70.76958674606374,17.614342323014682,Strong Overperformer
Deadpool 2,2018,785046920,110000000,4625943,49,392937,42138,435075,19100,7.49,12.6129,3.9642857142857144,6,53,0,26,1,4,0.823811951454779,0.16225165562913907,0.8110110939327642,0.931525085562016,0.06743678922152825,0.6185988860443553,0.7924812503605781,0.31546487678572865,0.615740463437843,79.1384048940409,70.666623112177,8.471781781863896,Overperformer
Wonder Woman,2017,822007722,149000000,2526433,101,327264,79642,406906,20819,7.208,15.6207,5.258064516129032,37,76,0,9,1,2,0.7913434376889464,0.3344370860927152,0.8068298768330362,0.9396683969427858,0.09213027480802584,0.7155741388486762,0.5536546824812272,0.31546487678572865,0.6147276085003124,78.96859502772988,71.01384260026117,7.954752427468705,Overperformer
Wonder Woman 1984,2020,822007722,200000000,2359939,47,164424,41970,206394,8991,6.369,10.1938,4.568181818181818,24,48,0,8,3,5,0.7876840432697668,0.15562913907284767,0.7644285190256175,0.860328908691625,0.07896294787867592,0.6482291342554843,0.5283208335737188,0.6309297535714573,0.6006625841634577,76.61052793065309,70.95646657394164,5.654061356711452,Overperformer
Batman v Superman: Dawn of Justice,2016,873260194,250000000,4042283,56,0,0,0,18881,5.993,16.3321,4.022058823529412,14,33,0,24,0,0,0.816572320752157,0.18543046357615894,0.0,0.9304353588261768,0.06853946569015164,0.5848849789285274,0.7739760316291208,0.0,0.41764109401544497,45.926119312523106,71.44721947628346,-25.52110016376036,Strong Underperformer
Superman Returns,2006,391081192,270000000,2274287,46,41160,7245,48405,4521,5.801,8.6602,4.57421875,12,47,0,29,1,8,0.7856995996893281,0.152317880794702,0.6738425710566076,0.7953719894400616,0.07907817073487555,0.6185988860443553,0.8178150992680865,0.31546487678572865,0.5697731244559681,71.43176557388638,64.33660329608588,7.0951622778004975,Overperformer
Man of Steel,2013,668045518,225000000,4597146,62,328927,22365,351292,16085,6.642,14.7376,4.069767441860465,7,46,0,63,5,3,0.8234767535083051,0.2052980132450331,0.7976496472337032,0.9152909462868197,0.0694500479917252,0.6026803680426321,1.0,0.8154648767857287,0.6850437053835956,90.75741746302849,69.10162748004902,21.65578998297947,Strong Overperformer
The Dark Knight,2008,1005064122,185000000,7878556,88,851435,24945,876380,35515,8.528,35.0138,7.573275862068965,163,165,2,20,4,4,0.8523937589913939,0.2913907284768212,0.854754676851421,0.9901374909526417,0.13631915618342733,0.875704233872859,0.7320529037964602,0.7324867603589634,0.7172388145326803,96.15507805379785,72.74757320685143,23.407504846946424,Strong Overperformer
The Dark Knight Rises,2012,1081041287,250000000,6234709,62,439995,25147,465142,24203,7.793,17.0341,4.271739130434782,45,103,0,20,4,3,0.8398323425144544,0.2052980132450331,0.8151853202537562,0.9539003337936112,0.07330494573281099,0.7560271402765526,0.7320529037964602,0.7324867603589634,0.6763105422739853,89.29326183208403,73.3325666296208,15.960695202463228,Strong Overperformer
Batman Begins,2005,375147760,150000000,4792701,71,149275,11998,161273,22454,7.723,15.9719,4.276119402985074,15,79,0,25,4,5,0.8257129105618759,0.23509933774834438,0.7490190094945633,0.9468124619118642,0.07338854904810063,0.6880278710100449,0.7834066196901821,0.7324867603589634,0.6608685439880378,86.70433861381449,64.0837635248937,22.620575088920788,Strong Overperformer
Justice League,2017,657924571,300000000,3566025,43,218192,64747,282939,13599,6.071,11.3661,7.064516129032258,2,15,0,35,3,4,0.8098433059938821,0.1423841059602649,0.7841329306820666,0.8994264712324054,0.12660880143280612,0.43669523229335927,0.8616541669070521,0.6309297535714573,0.6285651004749242,81.28851526035228,68.91071225951285,12.377803000839435,Overperformer
Aquaman and the Lost Kingdom,2023,439346305,250000000,12440310,39,31960,12633,44593,3442,6.526,13.7223,4.6902654867256635,1,6,0,3,1,5,0.8769138873088258,0.1291390728476821,0.6687188456862249,0.7696104611137705,0.08129307672700688,0.31417488238444086,0.33333333333333337,0.31546487678572865,0.5034281169182063,60.308714835881574,65.3795105833245,-5.070795747442929,Underperformer
Shazam! Fury of the Gods,2023,288820061,200000000,4518626,36,20200,10544,30744,3601,6.426,10.3068,5.221238938053097,0,8,0,1,0,4,0.8225519985514832,0.11920529801324503,0.6454895567268736,0.7738767260730566,0.0914274097741136,0.3319702714985457,0.16666666666666669,0.0,0.4419229482582341,49.99708571646321,61.71775056195466,-11.720664845491449,Underperformer
The Flash,2023,104822712,200000000,14844931,48,263887,32716,296603,4928,6.617,14.8853,5.393805309734513,5,7,0,14,6,5,0.8863997349523116,0.15894039735099338,0.7870790099775514,0.8035160927600431,0.09472106801442329,0.38752840440589703,0.6511484326014197,0.8856218745807111,0.6328433759573214,82.00578814987274,52.765330515459624,29.24045763441312,Strong Overperformer
Eternals,2021,402115086,300000000,5396301,53,303927,52138,356065,9057,6.8,12.6926,5.026315789473684,7,18,0,20,4,6,0.8320802132843521,0.17549668874172186,0.798492653189859,0.8610199859586645,0.08770704277392574,0.4922533652007107,0.7320529037964602,0.7324867603589634,0.6342162479778869,82.23595656356756,64.5618259139182,17.674130649649356,Strong Overperformer
Shang-Chi and the Legend of the Ten Rings,2021,432242351,150000000,4216501,49,96418,21674,118092,10290,7.495,11.8932,6.065789473684211,19,72,0,6,0,5,0.8188373323391008,0.16225165562913907,0.7295526376427751,0.8730800992880399,0.1075467776668033,0.6831797700906084,0.4678924870096007,0.0,0.5390730729647943,66.28475839024374,65.33508647207196,0.9496719181717737,As Expected
Black Panther: Wakanda Forever,2022,859160608,250000000,5079226,52,87825,26261,114086,7388,7.008,14.4555,5.1875,53,173,1,8,1,5,0.8288297302497931,0.17218543046357615,0.7273968710353877,0.8417746710179446,0.09078345736174537,0.819634983490249,0.5283208335737188,0.31546487678572865,0.5880617455263325,74.4979384125589,71.3034406469784,3.1944977655804934,As Expected
The Mummy,1999,416401889,80000000,4406216,65,88981,16260,105241,9892,6.966,27.7621,3.787313432835821,5,24,0,19,0,6,0.821199750182417,0.2152317880794702,0.7223559501858531,0.8693528359788301,0.06405903834559314,0.5138739252495418,0.7203213491478937,0.0,0.5469950337537869,67.6129121590152,65.1278284099042,2.4850837491109985,As Expected
The Mummy Returns,2001,429946661,130000000,2049516,52,63325,10734,74059,7600,6.397,18.8246,18.70149253731343,6,19,0,8,0,8,0.7801136755436333,0.17218543046357615,0.7004062772697114,0.8444478074713525,0.3487159412304977,0.4922533652007107,0.5283208335737188,0.0,0.5346963283566546,65.55097669135827,65.31594084357374,0.23503584778453046,As Expected
The Mummy: Tomb of the Dragon Emperor,2008,407453881,145000000,1504536,52,2058,9607,11665,4771,5.513,13.5055,5.525862068965517,2,6,0,9,0,6,0.7635206793507635,0.17218543046357615,0.58495712352346,0.8004570960422411,0.09724154653519076,0.3319702714985457,0.5536546824812272,0.0,0.4652464632769228,53.90738206836026,64.82003596038354,-10.912653892023272,Underperformer
Jurassic Park,1993,1038668406,63000000,6288979,88,504715,18739,523454,17730,7.967,8.4307,8.42910447761194,44,27,3,0,1,6,0.8402975636279352,0.2913907284768212,0.8225629207479932,0.9244918750741642,0.15265378119993922,0.6461451538829865,0.0,0.31546487678572865,0.5655867384171497,70.72989837925012,73.24803227658151,-2.5181338973313956,As Expected
Jurassic Park III,2001,368875760,93000000,2139639,56,34076,9126,43202,7786,6.172,0.5001,8.861940298507463,5,16,0,32,1,8,0.7824236394963934,0.18543046357615894,0.6667393420848235,0.846732405832361,0.16091502731819016,0.4670138014289433,0.8407323532264089,0.31546487678572865,0.5714614891330225,71.71482780666167,64.02801465159072,7.686813155070951,Overperformer
The Lost World: Jurassic Park,1997,618638999,100000000,2940899,57,33226,9743,42969,9160,6.563,0.5938,5.201492537313433,4,28,0,24,0,5,0.7994975465256784,0.18874172185430463,0.6664015431562479,0.8620884877585964,0.09105052350780951,0.5282739763834025,0.7739760316291208,0.0,0.5375928920497087,66.03659913861425,68.5810171275609,-2.5444179889466483,As Expected
Jurassic World: Fallen Kingdom,2018,1310413368,170000000,3817843,49,71813,31627,103440,12677,6.531,12.1945,2.955357142857143,5,26,0,1,1,4,0.8135059977431308,0.16225165562913907,0.7212777238754169,0.8927924804532356,0.04818004834675061,0.5236248039740681,0.16666666666666669,0.31546487678572865,0.5178547975092683,62.727415295053845,75.10734079895971,-12.379925503905866,Underperformer
Jurassic World Dominion,2022,1003715284,165000000,6585457,48,51812,19033,70845,6980,6.604,15.6355,5.640625,1,26,0,0,3,4,0.8427702564328675,0.15894039735099338,0.6976348515884967,0.8364070965581534,0.0994319493917893,0.5034500557392368,0.0,0.6309297535714573,0.5309969468654359,64.93075808632396,72.75801093506985,-7.827252848745886,Underperformer
Godzilla,2014,529076069,160000000,3461903,55,197737,22658,220395,9703,6.353,12.9203,10.4625,7,31,0,9,1,6,0.8082526508351042,0.18211920529801323,0.7685284087034125,0.8675300166739519,0.19146383354598095,0.5535135401551698,0.5536546824812272,0.31546487678572865,0.5817308274017106,73.43653038606581,67.1080369768668,6.328493409199012,Overperformer
Godzilla: King of the Monsters,2019,384820245,200000000,3349570,42,153637,24403,178040,6652,6.687,13.5281,5.66,5,14,0,10,0,4,0.8064819925610633,0.1390728476821192,0.7551974470740915,0.8318593913824993,0.09980174698203946,0.45261375029508255,0.5765719364395496,0.0,0.52232785520516,63.47734433345372,64.25254420334653,-0.7751998698928091,As Expected
Godzilla vs. Kong,2021,470099918,200000000,5537562,41,113876,22481,136357,10559,7.538,12.2005,7.342105263157895,3,20,0,6,0,5,0.8334672945931637,0.1357615894039735,0.7385359315641497,0.8755185132143101,0.1319069584846403,0.48016001813371373,0.4678924870096007,0.0,0.5235246018560865,63.677984505379484,66.02061261087059,-2.3426281054911016,As Expected
Godzilla x Kong: The New Empire,2024,567167020,140000000,12711475,34,18764,9471,28235,4592,7.047,18.5124,5.034682080924855,4,5,0,1,1,5,0.8780713601228232,0.11258278145695365,0.6401718644819424,0.7968441948242507,0.08786672455033728,0.34788878950026897,0.16666666666666669,0.31546487678572865,0.48638004829937376,57.450526416438976,67.74813976433356,-10.297613347894583,Underperformer
King Kong,2005,562207947,207000000,2560074,49,114420,9713,124133,8437,6.887,12.821,4.4664179104477615,47,104,3,27,1,5,0.792053480602644,0.16225165562913907,0.7326690064633485,0.854319709069787,0.07702064863457303,0.7590389246890306,0.801225820342934,0.31546487678572865,0.6018766609283177,76.81407357721412,67.59434418690643,9.219729390307691,Overperformer
Rampage,2018,428758310,160000000,1675447,14,110012,16261,126273,7459,6.448,11.6158,4.741071428571429,0,7,0,3,2,7,0.7692962223771397,0.046357615894039736,0.7337367050012658,0.8426783670875977,0.08226277555874642,0.31417488238444086,0.33333333333333337,0.5,0.5124872829014969,61.82752637296364,65.25102229845515,-3.4234959254915154,As Expected
Dune,2021,636925760,165000000,17932781,86,451409,39867,491276,14721,7.78,23.5603,10.868421052631579,178,299,6,30,2,5,0.8965434358619216,0.2847682119205298,0.8185999047297026,0.906917720211874,0.19921137558959198,0.9321429275056419,0.8256993850644793,0.5,0.7079026301475366,94.58982308632777,68.74072316885753,25.84909991747024,Strong Overperformer
Dune: Part Two,2024,711419839,190000000,21358966,50,95806,31559,127365,7796,8.128,23.4264,6.086705202312139,125,376,2,20,2,4,0.9059286245907217,0.16556291390728478,0.7342745784148346,0.8468536830046498,0.10794598210783216,0.9395445469564574,0.7320529037964602,0.5,0.6572366435783797,86.09543352764032,69.69022730064728,16.405206226993045,Strong Overperformer
Inception,2010,839292287,160000000,7428924,83,266771,16808,283579,39032,8.372,36.9265,3.1971153846153846,160,220,4,17,4,6,0.8492394256324324,0.27483443708609273,0.7842740665548346,0.9990604931212105,0.05279432526160543,0.8978748655788023,0.6949875002403854,0.7324867603589634,0.6919065366021594,91.90800320690681,71.18376508091711,20.7242381259897,Strong Overperformer
Interstellar,2014,731210309,165000000,16578747,8,559121,35012,594133,39422,8.47,62.7208,4.8,45,148,1,16,3,3,0.8923292126892081,0.026490066225165563,0.8304744563375952,1.0,0.08338750555674228,0.7959005744420475,0.6812438068750566,0.6309297535714573,0.6663559044724077,87.62432025750681,69.96008489078486,17.664235366721954,Strong Overperformer
Seabiscuit,2003,302576117,85000000,1321337,14,412419,15198,427617,924,7.1,4.5141,11.216417910447761,6,44,0,7,1,10,0.7565510630818572,0.046357615894039736,0.809931031347146,0.6454097689634469,0.20585335749591716,0.5940445215494722,0.5,0.31546487678572865,0.5440094329546611,67.11236222459544,62.29551408167359,4.816848142921856,As Expected
Apollo 13,1995,355237933,52000000,4509435,64,187779,17055,204834,5845,7.454,10.8034,16.365671641791046,31,59,2,0,0,7,0.822442704249579,0.2119205298013245,0.7639545888158478,0.8196396848151413,0.304133699247523,0.6815285385555067,0.0,0.0,0.519001703855035,62.91969950677001,63.80857389042069,-0.8888743836506805,As Expected
The Revenant,2015,532950695,135000000,4554926,68,23691,17508,41199,19201,7.54,11.1276,3.641891891891892,0,0,0,9,1,6,0.8229814961097287,0.2251655629139073,0.6637739841999539,0.932023450559458,0.06128347522757873,0.0,0.5536546824812272,0.31546487678572865,0.5061103008587265,60.75839551520153,67.20560294019748,-6.447207424995952,Underperformer
Oppenheimer,2023,952060471,100000000,51537543,72,293173,43583,336756,11615,8.032,26.5351,3.1371681415929205,370,378,7,9,7,4,0.9532106068499525,0.23841059602649006,0.7950099018411243,0.8845252451145005,0.05165015256421974,1.0,0.5536546824812272,0.946394630357186,0.7171076323925777,96.13308475461174,72.38893093759393,23.744153817017818,Strong Overperformer
Killers of the Flower Moon,2023,156529284,200000000,2731667,48,22864,17011,39875,4071,7.398,12.7701,5.712389380530974,136,423,0,0,0,6,0.7955359098007883,0.15894039735099338,0.6617336242863291,0.7854665785823642,0.10080166784268732,0.9560638060343194,0.0,0.0,0.49158115179845996,58.3225157380322,56.30707421049354,2.0154415275386626,As Expected
The Wolf of Wall Street,2013,392002827,100000000,7890143,11,154568,18119,172687,25753,8.027,24.2201,9.19767441860465,38,180,0,18,0,7,0.8524726457936895,0.03642384105960265,0.7532905300636168,0.9597660899887033,0.167322958599568,0.8142142700047572,0.7079879189072642,0.0,0.5897241430274508,74.7766471268679,64.550989922237,10.225657204630906,Overperformer
Once Upon a Time in Hollywood,2019,405199931,95000000,10464146,62,501147,56605,557752,14732,7.423,15.3391,6.26,0,0,0,15,4,3,0.8676282167854794,0.2052980132450331,0.8265273236386325,0.9069883018316177,0.11125354332527003,0.0,0.6666666666666667,0.7324867603589634,0.6011004366275775,76.68393594362819,64.85345791752829,11.830478026099897,Overperformer
Pulp Fiction,1994,213959223,8000000,7008469,86,549620,22025,571645,30013,8.485,35.9396,29.253731343283583,69,72,1,24,1,5,0.8461120309579934,0.2847682119205298,0.8280642145598099,0.9742314529039405,0.5501194241823392,0.7487569867829595,0.7739760316291208,0.31546487678572865,0.6995669475240225,93.19230691746637,59.69511638853035,33.49719052893602,Strong Overperformer
Inglourious Basterds,2009,321456983,70000000,7091293,69,76580,11462,88042,24015,8.217,18.8095,7.7342342342342345,134,173,1,12,3,6,0.8467426666372679,0.22847682119205298,0.7112097270876601,0.9531634639455232,0.13939126034638497,0.8657388963733664,0.6167399530235154,0.6309297535714573,0.6550344935902156,85.72623278503576,62.86801904283868,22.85821374219708,Strong Overperformer
The Hateful Eight,2015,160369000,44000000,3838055,52,73766,18231,91997,15181,7.757,11.1166,3.2866666666666666,46,116,1,12,1,7,0.8137894260561009,0.17218543046357615,0.7139545696820215,0.9098252270722437,0.05450353033548289,0.7695952678435927,0.6167399530235154,0.31546487678572865,0.5893802277000384,74.71898811410483,56.816252367002335,17.902735747102497,Strong Overperformer
The Big Lebowski,1998,47010480,15000000,3861432,52,0,0,0,12241,7.837,8.5031,37.93333333333333,7,18,0,22,0,0,0.8141153808658513,0.17218543046357615,0.0,0.8894854308173631,0.7157811480662536,0.4922533652007107,0.7539269926761688,0.0,0.46518631289557755,53.897297575669036,46.18711439869273,7.710183176976308,Overperformer
Donnie Darko,2001,7500000,4500000,4336623,50,0,0,0,13472,7.763,9.8693,19.82962962962963,12,17,0,17,0,0,0.8203451729144933,0.16556291390728478,0.0,0.8985398697244024,0.3702479349445801,0.5138739252495418,0.6949875002403854,0.0,0.42839024898951816,47.72826540617214,30.209315738499527,17.518949667672615,Strong Overperformer
Fight Club,1999,100853753,63000000,5489766,77,0,0,0,32228,8.438,34.0383,27.62962962962963,12,38,0,0,0,0,0.8330019731288445,0.25496688741721857,0.0,0.9809600509497018,0.5191212874065777,0.5940445215494722,0.0,0.0,0.4015096693580659,43.22161053937689,52.649547526297994,-9.427936986921104,Underperformer
Office Space,1999,12800000,10000000,2476461,27,0,0,0,3412,7.377,4.0666,16.833333333333332,1,2,0,16,0,0,0.7902710572440605,0.08940397350993377,0.0,0.7687834503540609,0.31305964332931124,0.20944992158962725,0.6812438068750566,0.0,0.36424829101461115,36.9745662286751,34.77522499100559,2.1993412376695147,As Expected
Blade Runner,1982,41722424,28000000,6391243,67,0,0,0,15056,7.936,13.5654,4.044444444444444,13,22,0,18,0,0,0.8411633972607003,0.22185430463576158,0.0,0.9090439537336542,0.06896672497637783,0.5414201930881729,0.7079879189072642,0.0,0.4131599889862631,45.17484110106841,45.011416331709086,0.16342476935932382,As Expected
The Thing,1982,19629760,15000000,4616252,0,0,0,0,7996,8.074,15.1444,28.233333333333334,1,5,0,11,0,0,0.8236993814416651,0.0,0.0,0.8492471035750415,0.5306437738506925,0.2940001341496096,0.5974937501201928,0.0,0.39187835245788666,41.60687522574349,38.473149546923,3.1337256788204897,As Expected
The Shawshank Redemption,1994,28341469,25000000,8423157,85,0,0,0,30642,8.723,107.2232,38.03703703703704,21,42,0,19,0,0,0.8559816229629277,0.2814569536423841,0.0,0.9761913949435786,0.7177604708910096,0.6283497647688817,0.7203213491478937,0.0,0.5036043179319604,60.338255759740214,41.61771839512238,18.720537364617833,Strong Overperformer
Scott Pilgrim vs. the World,2010,51825248,73000000,3783952,0,0,0,0,8645,7.5,7.5254,2.876190476190476,18,66,0,26,0,0,0.8130273674543074,0.0,0.0,0.8566209027620303,0.04666904744035213,0.6712232145056547,0.7924812503605781,0.0,0.399304914997723,42.851973161598714,46.73995288459537,-3.887979722996654,As Expected
Clerks,1994,3158707,27575,1037671,0,0,0,0,2778,7.37,2.9482,4.762962962962963,7,10,0,15,0,0,0.7435788773915005,0.0,0.0,0.7493638239798178,0.08268060454790087,0.43669523229335927,0.6666666666666667,0.0,0.3422564082270746,33.28752424694355,23.564216716130574,9.723307530812974,Overperformer
Pi,1998,3221152,60000,7039682,0,0,0,0,2502,7.115,2.3164,6.5,8,12,0,0,0,0,0.846350562702174,0.0,0.0,0.7394791043081766,0.11583426186256228,0.4599852698988825,0.0,0.0,0.30079997614739695,26.337159561606114,23.585605264242815,2.751554297363299,As Expected
Memento,2000,40060108,9000000,4662183,15,0,0,0,16336,8.176,14.4478,37.15555555555556,0,0,0,10,0,0,0.8242308331538004,0.04966887417218543,0.0,0.9167540905316349,0.7009362268805844,0.0,0.5765719364395496,0.0,0.3892392794331556,41.16442229303902,44.873511226844755,-3.709088933805738,As Expected
Primer,2004,545436,7000,1254990,24,0,0,0,2446,6.754,3.2142,13.792592592592593,3,7,0,7,0,0,0.7537857443972105,0.07947019867549669,0.0,0.7373408502773823,0.2550230705034328,0.36228884063412964,0.5,0.0,0.3441694448884862,33.60825378844573,8.317954705052912,25.290299083392817,Strong Overperformer
Moon,2009,9760104,5000000,1424608,291,0,0,0,6314,7.565,5.3577,7.531531531531532,28,37,0,1,0,0,0.760590495050786,0.9635761589403974,0.0,0.8269321933885713,0.13552241023042869,0.632998937178216,0.16666666666666669,0.0,0.42468773565058526,47.10752173222426,32.51536080763776,14.592160924586494,Overperformer
The Man from Earth,2007,0,200000,1862373,33,0,0,0,2925,7.629,3.4398,13.410569105691057,5,1,0,2,0,0,0.7749738584073096,0.10927152317880795,0.0,0.754234797513901,0.24773164521955415,0.2940001341496096,0.2641604167868594,0.0,0.32193462336633516,29.880481991892673,,,
Coherence,2013,139745,50000,1817064,25,0,0,0,3444,7.2,6.9208,22.666666666666668,6,6,0,0,0,0,0.773651789753332,0.08278145695364239,0.0,0.7696653386761008,0.4243965522218309,0.38752840440589703,0.0,0.0,0.32116753317641356,29.751875734695897,-4.093508993948532,33.84538472864443,Strong Overperformer
Napoleon Dynamite,2004,46118097,400000,3277004,0,0,0,0,2183,6.794,2.6689,5.940740740740741,10,23,0,34,0,0,0.8053063087245047,0.0,0.0,0.7265958491644485,0.10516005662905722,0.532784346595013,0.8548805028241611,0.0,0.383003337266169,40.118937429943976,46.72425297538214,-6.605315545438167,Underperformer
Mean Girls,2004,130195052,17000000,6544840,0,0,0,0,9493,7.2,11.984,9.451851851851853,7,25,0,17,0,0,0.8424381603158527,0.0,0.0,0.8654625497407189,0.17217427226722143,0.5282739763834025,0.6949875002403854,0.0,0.3945774619263434,42.05939354896451,55.16044939802467,-13.10105584906016,Underperformer
American Psycho,2000,34269748,7000000,167,0,0,0,0,12365,7.403,14.8944,37.114814814814814,7,11,0,14,0,0,0.2750459520962386,0.0,0.0,0.890437803621357,0.7001586357708588,0.4448640423045896,0.6511484326014197,0.0,0.32367008184907026,30.17143972139743,43.5435229641304,-13.372083242732973,Underperformer
Heathers,1988,1166207,3000000,2215585,0,0,0,0,1890,7.27,4.1927,24.725925925925925,0,0,0,13,0,0,0.7842959049332043,0.0,0.0,0.7129830308693567,0.4637002483134124,0.0,0.6345591536762674,0.0,0.3379834242725445,32.571138506812815,13.84906639069537,18.722072116117445,Strong Overperformer
Wet Hot American Summer,2001,295206,5000000,996912,16,0,0,0,888,6.249,2.652,2.596296296296296,0,1,0,14,0,0,0.7414279043119288,0.052980132450331126,0.0,0.6416584828824629,0.0413268955306793,0.10472496079481362,0.6511484326014197,0.0,0.29746947128835644,25.77878484879605,1.614571565004212,24.164213283791838,Strong Overperformer
Idiocracy,2006,495303,30000000,4195921,35,0,0,0,3599,6.374,8.4379,22.62015503875969,0,1,0,12,0,0,0.8185746963312088,0.11589403973509933,0.0,0.7738242411177073,0.4235088160711929,0.10472496079481362,0.6167399530235154,0.0,0.3671841403404747,37.46677509596825,5.836309813999307,31.630465281968945,Strong Overperformer
The Boondock Saints,1999,38256,6000000,1402351,26,0,0,0,2710,7.25,4.0351,12.218518518518518,0,0,0,13,0,0,0.7597452454629811,0.08609271523178808,0.0,0.7470227414645798,0.22497977762767354,0.0,0.6345591536762674,0.0,0.3212144878926271,29.759747912425837,-16.46963481441989,46.22938272684573,Strong Overperformer
The Room,2003,0,0,28042,35,0,0,0,88,6.6,0.5966,23.474074074074075,1,0,0,12,0,0,0.5497465573434539,0.11589403973509933,0.0,0.42417236503615197,0.4398069942145733,0.10472496079481362,0.6167399530235154,0.0,0.2800831427491061,22.8638855720173,,,
The Princess Bride,1987,30900000,16000000,4894428,38,0,0,0,5141,7.699,10.3989,41.96296296296296,7,11,0,4,0,0,0.8268403318072012,0.12582781456953643,0.0,0.8075139724252455,0.7926919778281973,0.4448640423045896,0.3869880158145604,0.0,0.42115664865565317,46.51551848642489,42.468131376708044,4.047387109716844,As Expected
Labyrinth,1986,12729917,25000000,2480471,0,0,0,0,2757,7.286,10.0293,13.518518518518519,0,4,0,1,0,0,0.790357905382963,0.0,0.0,0.7486470127576937,0.24979200303800653,0.2431638287054553,0.16666666666666669,0.0,0.2988985321933748,26.018373591704414,34.548135295088315,-8.529761703383901,Underperformer
The Dark Crystal,1982,44626631,15000000,1284819,0,0,0,0,1264,7.148,3.123,9.748148148148148,3,5,0,23,0,0,0.7550466612490461,0.0,0.0,0.6749911871289674,0.17782948033795257,0.3319702714985457,0.7641604167868594,0.0,0.34590446782504175,33.899138496596905,45.72745332964175,-11.828314833044843,Underperformer
Tron,1982,33002371,17000000,0,0,0,0,0,2772,6.632,4.5753,3.3962962962962964,2,8,0,47,0,0,0.0,0.0,0.0,0.7491595749961028,0.05659595732165342,0.36228884063412964,0.9308270834535262,0.0,0.2098871456405412,11.09519842552778,43.037723691603986,-31.942525266076206,Strong Underperformer
Fear and Loathing in Las Vegas,1998,10700000,18500000,1015072,0,0,0,0,5052,7.204,4.6323,20.451851851851853,1,3,0,0,0,0,0.7423969223670073,0.0,0.0,0.805864018747811,0.38212387189311553,0.2431638287054553,0.0,0.0,0.29159455640803966,24.79382789844784,33.072454029631984,-8.278626131184144,Underperformer
Bring It On,2000,90449929,28000000,1879126,0,0,0,0,1862,6.3,3.3265,24.24074074074074,2,7,0,19,0,0,0.7754545635968018,0.0,0.0,0.7115733209386645,0.45443984509759017,0.34788878950026897,0.7203213491478937,0.0,0.37851324318780216,39.3661521623613,51.84592600714558,-12.479773844784276,Underperformer
Jennifer's Body,2009,31556061,16000000,3490515,37,0,0,0,4273,6.0,9.0976,16.117117117117118,3,4,0,10,0,0,0.8086944692907896,0.12251655629139073,0.0,0.7900418383352033,0.29938970625293243,0.31417488238444086,0.5765719364395496,0.0,0.37200838582850965,38.27558240984883,42.653705738209965,-4.378123328361134,As Expected
Hocus Pocus,1993,51663767,28000000,2490425,10,0,0,0,3306,7.04,5.7464,7.148148148148148,2,11,0,19,0,0,0.7905728826564279,0.033112582781456956,0.0,0.7658019795715397,0.12820502951728668,0.39872509494442326,0.7203213491478937,0.0,0.3627311801275456,36.720215494561394,46.89916175918728,-10.178946264625885,Underperformer
The Iron Giant,1999,23300000,50000000,1897608,50,0,0,0,6210,7.958,7.4461,42.72962962962963,20,18,0,24,0,0,0.7759799332584052,0.16556291390728478,0.0,0.8253629552525495,0.8073248287112141,0.5535135401551698,0.7739760316291208,0.0,0.467770013617215,54.330467082843114,39.752496418092704,14.57797066475041,Overperformer
Treasure Planet,2002,109578115,140000000,1874105,58,0,0,0,4641,7.575,7.2664,50.21851851851852,1,14,0,33,0,0,0.7753109438556622,0.19205298013245034,0.0,0.7978470106938885,0.9502602126989442,0.4188998431792545,0.8479104735417233,0.0,0.4757592407957585,55.6698983763554,53.22674049814546,2.443157878209938,As Expected
Children of Men,2006,70595464,76000000,3246301,0,0,0,0,7890,7.613,7.0656,3.631782945736434,49,89,0,10,0,0,0.804801013275058,0.0,0.0,0.8479861444168488,0.06109053257321708,0.7455308247415577,0.5765719364395496,0.0,0.38407814647212896,40.29913421905073,49.46224457650837,-9.16311035745764,Underperformer
Snatch,2000,83557872,100000000,2586851,0,0,0,0,10033,7.824,9.4228,32.129629629629626,0,0,0,53,0,0,0.7926120112566364,0.0,0.0,0.8706901776653065,0.6050097599808071,0.0,0.9591479170272449,0.0,0.4020071877186631,43.305021818889685,50.897744289319945,-7.59272247043026,Underperformer
"Lock, Stock and Two Smoking Barrels",1998,28356188,1350000,1614106,0,0,0,0,7238,8.095,4.5373,48.07037037037037,13,9,0,37,0,0,0.7672940879661917,0.0,0.0,0.839836556331579,0.9092599541861432,0.4737298485009811,0.8746545855739309,0.0,0.46320691205250175,53.56544176879691,42.19120369958702,11.374238069209888,Overperformer
Trainspotting,1996,71981823,4000000,3156869,0,0,0,0,10441,8.0,7.6962,15.64074074074074,23,35,0,17,0,0,0.8033014831237778,0.0,0.0,0.8744566126162561,0.2902974308446184,0.6160595627143017,0.6949875002403854,0.0,0.4082404072663117,44.350050222121936,50.207926300227626,-5.85787607810569,Underperformer
Requiem for a Dream,2000,7390108,4500000,4785585,0,0,0,0,11041,8.011,5.0873,36.925925925925924,37,69,0,13,0,0,0.8256331520002289,0.0,0.0,0.8797362852859245,0.6965534406257676,0.7059998658503904,0.6345591536762674,0.0,0.4568115049438808,52.49322186259072,30.07893650004459,22.41428536254613,Strong Overperformer
Dredd,2012,41037742,50000000,1986016,33,0,0,0,5561,6.864,6.0225,9.881720430107526,2,14,0,9,0,0,0.778424255092644,0.10927152317880795,0.0,0.8149336350852393,0.18037888462145152,0.4280593858001993,0.5536546824812272,0.0,0.36431466213522135,36.985693657391806,44.75224988203894,-7.7665562246471325,Underperformer
Edge of Tomorrow,2014,370541256,178000000,3726108,48,0,0,0,15138,7.64,11.3489,4.9753086419753085,11,38,0,9,0,0,0.8122004682602615,0.15894039735099338,0.0,0.9095571972189911,0.08673350366525821,0.5910526182057242,0.5536546824812272,0.0,0.3924339335442717,41.7000209927316,63.941273049435665,-22.241252056704063,Strong Underperformer
Blade Runner 2049,2017,259239658,150000000,6852385,54,0,0,0,15227,7.6,31.1278,5.277777777777778,100,164,2,17,0,0,0.8449030599734122,0.17880794701986755,0.0,0.910111117546472,0.09250652857079626,0.8430200737453973,0.6949875002403854,0.0,0.44092392870697433,49.82959541735372,60.81942195748161,-10.989826540127886,Underperformer
The Nice Guys,2016,71261763,50000000,2452384,39,0,0,0,8705,7.132,8.5424,4.630434782608695,9,34,0,20,0,0,0.7897466246503321,0.1291390728476821,0.0,0.8572744265262471,0.08015112832930754,0.5717387622237569,0.7320529037964602,0.0,0.3949849543024118,42.12771155121629,49.626831786103736,-7.4991202348874495,Underperformer
Annihilation,2018,43070915,40000000,352131,0,0,0,0,9402,6.442,8.1579,6.201754385964913,17,63,0,1,0,0,0.6855671281076868,0.0,0.0,0.864552406331233,0.11014184847557631,0.6639405429970914,0.16666666666666669,0.0,0.31764357206859406,29.161067177191068,45.22286361679767,-16.0617964396066,Strong Underperformer
Sorry to Bother You,2018,18200000,3200000,1214780,0,0,0,0,1768,6.778,4.448,4.368421052631579,20,56,0,0,0,0,0.7520377309373122,0.0,0.0,0.7066807520215155,0.07515024853792729,0.6562889747837393,0.0,0.0,0.29421954372178066,25.2339192958411,38.10627843285525,-12.872359137014147,Underperformer
Swiss Army Man,2016,5800000,3000000,0,0,0,0,0,3829,6.919,2.746,5.673913043478261,8,31,0,0,0,0,0.0,0.0,0.0,0.7796766645812421,0.10006729588275204,0.5573387110898962,0.0,0.0,0.14370826715538904,0.0,28.017896641296403,-28.017896641296403,Strong Underperformer
The Lighthouse,2019,18262464,11000000,3549574,0,0,0,0,5574,7.471,6.3514,14.303921568627452,33,139,0,6,0,0,0.8095951009092648,0.0,0.0,0.8151542491884557,0.26478246266667255,0.7785911496632707,0.4678924870096007,0.0,0.394561055034653,42.056642856855206,37.895877067583854,4.160765789271352,As Expected
Mandy,2018,1653784,6000000,1062764,0,0,0,0,2164,6.208,3.2388,13.078947368421053,13,43,0,8,0,0,0.7448614819353804,0.0,0.0,0.7257701441944687,0.2414022042225468,0.6108491780538625,0.5283208335737188,0.0,0.3596065323915358,36.19635369099995,16.79937085182206,19.396982839177888,Strong Overperformer
Hackers,1995,7563728,20000000,1120460,0,0,0,0,1486,6.4,5.578,22.814814814814813,0,1,0,12,0,0,0.7476992528141988,0.0,0.0,0.6902706187891059,0.42722415625719645,0.10472496079481362,0.6167399530235154,0.0,0.33343581944930295,31.808711293935932,29.99331299035225,1.815398303583681,As Expected
Empire Records,1995,303841,10000000,989372,18,0,0,0,824,6.6,2.912,13.655555555555555,1,1,0,14,0,0,0.7410203731378393,0.059602649006622516,0.0,0.6345980869187781,0.25240753677071964,0.16598513574927284,0.6511484326014197,0.0,0.3245782587322492,30.32369982242965,1.7341308945514697,28.58956892787818,Strong Overperformer
Dazed and Confused,1993,8259076,6900000,2809243,5,0,0,0,2280,7.313,3.9152,27.677777777777777,1,4,0,13,0,0,0.7970390645516193,0.016556291390728478,0.0,0.7307023938196282,0.5200402587180716,0.27071009654408645,0.6345591536762674,0.0,0.3766646323252021,39.0562239072801,30.977577686568367,8.078646220711732,Overperformer
This Is Spinal Tap,1984,6051884,2500000,2696421,24,0,0,0,1640,7.41,2.7779,18.2,3,2,0,16,0,0,0.7948388049799133,0.07947019867549669,0.0,0.6995830521469019,0.3391442905555587,0.27071009654408645,0.6812438068750566,0.0,0.3659829054756927,37.26538245400306,28.428933851964786,8.836448602038274,Overperformer
Brazil,1985,9953708,15000000,1879896,302,0,0,0,3722,7.66,4.1791,14.188888888888888,9,6,0,21,0,0,0.7754765545886746,1.0,0.0,0.7769990301072593,0.26258691129803574,0.4188998431792545,0.7432386031062163,0.0,0.4752677496868115,55.58749759376474,32.4747259233402,23.112771670424536,Strong Overperformer
Repo Man,1984,2300000,1500000,9066,0,0,0,0,674,6.652,2.5953,6.977777777777778,2,3,0,9,0,0,0.4891384568487828,0.0,0.0,0.6156348748257678,0.12495328487661625,0.27071009654408645,0.5536546824812272,0.0,0.25432298524252633,18.545074713467063,19.983037804812028,-1.4379630913449652,As Expected
Withnail and I,1987,1544889,0,903149,0,0,0,0,629,7.241,1.9288,26.462962962962962,1,1,0,12,0,0,0.7361258328564978,0.0,0.0,0.6091151064465347,0.49685390562807374,0.16598513574927284,0.6167399530235154,0.0,0.3360945766560392,32.25446437179534,19.239750644740184,13.01471372705516,Overperformer
A Clockwork Orange,1971,27033812,2200000,4269364,0,0,0,0,13876,8.176,11.6556,42.18888888888889,12,26,0,2,0,0,0.8195061232904229,0.0,0.0,0.901331857850105,0.7970040739821299,0.5535135401551698,0.2641604167868594,0.0,0.41550221353551103,45.56752599881684,41.67418764680613,3.8933383520107085,As Expected
Eraserhead,1977,7000000,100000,2481223,0,0,0,0,2749,7.342,3.843,24.192592592592593,3,2,0,12,0,0,0.7903741764815861,0.0,0.0,0.7483725052017668,0.45352087378609635,0.27071009654408645,0.6167399530235154,0.0,0.36700917815186374,37.437441866937505,30.341866778189598,7.095575088747907,Overperformer
Harold and Maude,1971,0,1200000,966441,0,0,0,0,1214,7.59,2.6263,19.492592592592594,3,3,0,7,0,0,0.7397616091539286,0.0,0.0,0.671180220728475,0.36381513576412344,0.2940001341496096,0.5,0.0,0.33085187089500656,31.375500236457732,,,
John Carter,2012,284100000,263700000,2350078,14,0,0,0,6139,6.372,8.0609,2.8763440860215055,2,8,0,0,0,0,0.7874592785621704,0.046357615894039736,0.0,0.8242764822148732,0.046671979287854236,0.36228884063412964,0.0,0.0,0.28545134751552376,23.763890202431682,61.51831432454131,-37.754424122109626,Strong Underperformer
The Lone Ranger,2013,260502115,215000000,1102925,0,0,0,0,6176,6.126,5.1766,3.971264367816092,6,23,0,4,0,0,0.746852554104502,0.0,0.0,0.8248442307616551,0.06756998608649466,0.5138739252495418,0.3869880158145604,0.0,0.3286981266121256,31.014414936685363,60.79216399019643,-29.777749053511066,Strong Underperformer
Cutthroat Island,1995,16000000,102000000,666111,29,0,0,0,624,5.806,3.2473,20.618518518518517,0,1,0,0,0,0,0.7197844871183787,0.09602649006622517,0.0,0.6083621211105221,0.38530492643290176,0.10472496079481362,0.0,0.0,0.26339874726412205,20.066668653972812,36.29356746462503,-16.226898810652216,Strong Underperformer
Heaven's Gate,1980,3484331,44000000,35363,13,0,0,0,415,6.739,2.8898,21.785185185185185,2,9,0,0,0,0,0.5621975364170136,0.04304635761589404,0.0,0.5698946893722946,0.4075723082114057,0.3754350573389001,0.0,0.0,0.25203434853725215,18.161374068333586,22.993374352684185,-4.832000284350599,As Expected
Waterworld,1995,264218220,175000000,2250192,44,0,0,0,4101,6.236,5.919,33.8962962962963,6,9,0,16,0,0,0.7851278690684731,0.1456953642384106,0.0,0.7861602383620611,0.6387289381025417,0.4188998431792545,0.6812438068750566,0.0,0.42409839288942713,47.00871566259337,60.95739894627201,-13.94868328367864,Underperformer
Ishtar,1987,14375181,51000000,771951,21,0,0,0,166,4.584,1.4368,12.955555555555556,1,3,0,2,0,0,0.7277001412859394,0.0695364238410596,0.0,0.48364611450643236,0.2390471077036173,0.2431638287054553,0.2641604167868594,0.0,0.27549541741153033,22.09473196731176,35.48279533843041,-13.388063371118648,Underperformer
Battlefield Earth,2000,29725663,44000000,994028,32,0,0,0,940,3.346,2.6422,17.022222222222222,19,3,0,8,0,0,0.7412723915134025,0.10596026490066225,0.0,0.6470303730483072,0.3166648384744024,0.4737298485009811,0.5283208335737188,0.0,0.3554250941524877,35.495316018130694,41.928725859210715,-6.433409841080021,Underperformer
The Adventures of Pluto Nash,2002,7103973,100000000,409611,0,0,0,0,537,4.406,1.4404,1.548148148148148,1,12,0,8,0,0,0.6936835241555118,0.0,0.0,0.5941973501043034,0.021321596980467844,0.39872509494442326,0.5283208335737188,0.0,0.2929931923913937,25.028315760974518,29.12570678920838,-4.0973910282338615,As Expected
Mars Needs Moms,2011,39000000,150000000,595413,0,0,0,0,787,6.0,3.5195,3.3838383838383836,0,2,0,6,0,0,0.7137617294993788,0.0,0.0,0.6302619649601816,0.05635818152777041,0.16598513574927284,0.4678924870096007,0.0,0.27480212282455835,21.97849788801221,44.08825541323222,-22.109757525220008,Strong Underperformer
Gigli,2003,7266209,75600000,674793,0,0,0,0,496,4.025,1.8744,10.648148148148149,12,13,0,2,0,0,0.7204796021846425,0.0,0.0,0.5867065402463036,0.19500717485279845,0.4922533652007107,0.2641604167868594,0.0,0.29790867014559574,25.852418590873267,29.379676759576654,-3.527258168703387,As Expected
Catwoman,2004,82102379,100000000,1114545,53,0,0,0,3600,4.617,4.9579,5.574074074074074,13,8,0,0,0,0,0.7474151300307971,0.17549668874172186,0.0,0.7738504872391584,0.09816173664152743,0.4670138014289433,0.0,0.0,0.3009352974112945,26.35984680425065,50.742528692325465,-24.382681888074814,Strong Underperformer
The 13th Warrior,1999,61698899,120000000,1154868,42,0,0,0,2059,6.688,5.5005,9.644444444444444,2,2,0,20,0,0,0.7493228464120499,0.1390728476821192,0.0,0.7210721771878902,0.17585015751319663,0.2431638287054553,0.7320529037964602,0.0,0.35098576077092214,34.751041018719974,48.18343017502929,-13.432389156309313,Underperformer
Sahara,2005,119269486,130000000,777294,206,0,0,0,1657,5.915,5.0072,3.911111111111111,2,5,0,18,0,0,0.7280703915846044,0.6821192052980133,0.0,0.7005569836015161,0.06642188134454881,0.31417488238444086,0.7079879189072642,0.0,0.3927401654704992,41.75136220708126,53.98975258031919,-12.238390373237934,Underperformer
Final Fantasy: The Spirits Within,2001,85131830,137000000,753174,31,0,0,0,1611,6.201,3.2747,7.307407407407408,3,11,0,15,0,0,0.7263783243050966,0.10264900662251655,0.0,0.6978981162517763,0.13124470385530468,0.40914896445472815,0.6666666666666667,0.0,0.3460364106461186,33.92125932750522,51.00121939861549,-17.07996007111027,Strong Underperformer
Speed Racer,2008,93900000,120000000,1225944,0,0,0,0,1788,6.367,6.4582,3.482905982905983,1,12,0,8,0,0,0.752528789190285,0.0,0.0,0.7077431483677534,0.05824901814232868,0.39872509494442326,0.5283208335737188,0.0,0.3198095673408794,29.52420641262179,51.892924881932004,-22.368718469310213,Strong Underperformer
Jupiter Ascending,2015,184000000,176000000,2737,0,0,0,0,7138,5.468,6.4847,3.3533333333333335,4,16,0,0,0,0,0.42486325926956525,0.0,0.0,0.8385220385480566,0.055775952151397405,0.4599852698988825,0.0,0.0,0.22040097791374674,12.857891568024982,57.76020221143466,-44.90231064340968,Strong Underperformer
Tomorrowland,2015,209200000,190000000,2054309,0,0,0,0,7382,6.293,9.3301,6.333333333333333,2,19,0,18,0,0,0.7802390611738996,0.0,0.0,0.8416979048401428,0.11265320732277599,0.4670138014289433,0.7079879189072642,0.0,0.36898309548469255,37.768378337676246,58.87902797479617,-21.110649637119927,Strong Underperformer
The Golden Compass,2007,372234864,180000000,1342031,0,0,0,0,4850,6.086,5.776,2.792682926829268,7,32,1,4,0,0,0.757385225973999,0.0,0.0,0.8020087122397642,0.04507519502634075,0.5573387110898962,0.3869880158145604,0.0,0.33061810861185603,31.33630889663257,63.97937512878278,-32.643066232150204,Strong Underperformer
Pan,2015,128388320,150000000,760193,0,0,0,0,2858,5.959,3.9942,11.486666666666666,0,8,0,0,0,0,0.7268762479019755,0.0,0.0,0.7520457821946076,0.2110114136929676,0.3319702714985457,0.0,0.0,0.27487799631900717,21.991218434135344,54.612613517566786,-32.62139508343144,Strong Underperformer
King Arthur: Legend of the Sword,2017,149175066,175000000,1724584,0,0,0,0,6077,6.6,10.6689,10.317460317460318,0,13,0,8,0,0,0.770847840804568,0.0,0.0,0.8233174057390589,0.18869555870242885,0.39872509494442326,0.5283208335737188,0.0,0.3480754574568766,34.26311505975935,55.90804008241835,-21.644925022659002,Strong Underperformer
Valerian and the City of a Thousand Planets,2017,225973340,177200000,1811019,37,0,0,0,8036,6.64,7.5349,3.9761904761904763,0,11,0,1,0,0,0.7734729152507347,0.12251655629139073,0.0,0.8497185984270665,0.06766400740294155,0.3754350573389001,0.16666666666666669,0.0,0.31289467166284346,28.36489181866344,59.57386941818598,-31.208977599522537,Strong Underperformer
Ben-Hur,2016,94061311,100000000,821811,29,0,0,0,1790,5.774,4.3409,2.891304347826087,2,3,0,2,0,0,0.7310598311604752,0.09602649006622517,0.0,0.7078487340320084,0.046957515740233366,0.27071009654408645,0.2641604167868594,0.0,0.28478229154903634,23.651719841194346,51.943622282776516,-28.29190244158217,Strong Underperformer
Monster Trucks,2016,64493915,125000000,3964,0,0,0,0,929,6.09,3.3186,3.4565217391304346,0,2,0,2,0,0,0.44473917969488724,0.0,0.0,0.6459191996293896,0.057745439831682475,0.16598513574927284,0.2641604167868594,0.0,0.2023288551386979,9.828015680891994,48.56681249357126,-38.73879681267927,Strong Underperformer
A Wrinkle in Time,2018,132675864,103000000,815335,17,0,0,0,1865,5.057,1.9219,2.8333333333333335,5,17,0,5,0,0,0.7306351623665985,0.056291390728476824,0.0,0.7117253711077147,0.045851061987264234,0.4737298485009811,0.43082708345352605,0.0,0.317969508051116,29.21571186871318,54.97603840641179,-25.76032653769861,Strong Underperformer
Cats,2019,77276321,95000000,1617165,0,0,0,0,1045,4.095,4.5939,6.8431372549019605,11,8,0,2,0,0,0.7673957210586454,0.0,0.0,0.657027014380566,0.12238349179741637,0.45261375029508255,0.2641604167868594,0.0,0.3030976115377216,26.722368878365486,50.21743557151751,-23.495066693152026,Strong Underperformer
The Happening,2008,163403799,60000000,2120857,0,0,0,0,3973,5.401,5.3539,2.7777777777777777,3,10,0,12,0,0,0.7819503645999153,0.0,0.0,0.7831644717848745,0.044790710474002134,0.39872509494442326,0.6167399530235154,0.0,0.3407320959426646,33.03196616489185,56.92139011507024,-23.88942395017839,Strong Underperformer
Green Lantern,2011,219851172,200000000,1216431,0,0,0,0,7679,5.187,5.8122,5.126262626262626,3,6,0,2,0,0,0.7521106352661299,0.0,0.0,0.8454249032275433,0.0896146608073542,0.34788878950026897,0.2641604167868594,0.0,0.3051310040854286,27.063276646980217,59.30767208040433,-32.24439543342412,Strong Underperformer
R.I.P.D.,2013,61600000,130000000,772061,0,0,0,0,4306,5.859,3.795,6.82183908045977,0,0,0,0,0,0,0.7277077896867234,0.0,0.0,0.7907686738189421,0.12197698787042544,0.0,0.0,0.0,0.23681612410628147,15.609967583200762,48.153659159278874,-32.54369157607811,Strong Underperformer
47 Ronin,2013,151783839,175000000,1435451,0,0,0,0,4162,6.209,5.8621,4.752873563218391,0,5,0,11,0,0,0.7609975053770692,0.0,0.0,0.787555169616967,0.08248803496273376,0.27071009654408645,0.5974937501201928,0.0,0.3260242061998119,30.566119676508873,56.06117433781776,-25.495054661308888,Strong Underperformer
Dark Phoenix,2019,252442974,200000000,2919683,0,0,0,0,7106,5.967,8.1293,3.803921568627451,0,14,0,4,0,0,0.7991089009803548,0.0,0.0,0.8380975013873632,0.06437602666013724,0.40914896445472815,0.3869880158145604,0.0,0.32968283102774987,31.179505236369053,60.52868143892721,-29.349176202558155,Strong Underperformer
Terminator: Dark Fate,2019,261119292,185000000,3766259,45,0,0,0,5704,6.4,9.4029,5.294117647058823,1,12,0,7,0,0,0.8127757896895897,0.1490066225165563,0.0,0.8173325177524177,0.09281839666293216,0.39872509494442326,0.5,0.0,0.35834342112555084,35.98458718104365,60.84235753271716,-24.85777035167351,Strong Underperformer
Solo: A Star Wars Story,2018,392952373,250000000,2214625,46,0,0,0,9301,6.6,7.316,6.649122807017544,6,26,0,8,0,0,0.7842726413870829,0.152317880794702,0.0,0.8635318762175869,0.11868046855605524,0.5282739763834025,0.5283208335737188,0.0,0.3759670318299631,38.939267922325485,64.39376514988601,-25.454497227560523,Strong Underperformer
Babylon,2022,65267446,78000000,4828138,115,0,0,0,3797,7.347,10.7869,10.984848484848484,45,158,0,0,0,0,0.826108345520491,0.38079470198675497,0.0,0.7788837986008783,0.20143354766044747,0.8034944431390993,0.0,0.0,0.3816823182428162,39.89746241369262,48.76404332536114,-8.866580911668521,Underperformer
Amsterdam,2022,31245810,80000000,2595389,239,0,0,0,1837,6.068,3.4591,11.363636363636363,2,12,0,0,0,0,0.7927888869026116,0.7913907284768212,0.0,0.7102966308951597,0.20866321706905264,0.40914896445472815,0.0,0.0,0.3705077314700985,38.02399068971353,42.252736994202934,-4.228746304489405,As Expected
Strange World,2022,73621640,180000000,1799614,0,0,0,0,1427,6.2,3.7341,8.0,0,9,0,12,0,0,0.7731338038961603,0.0,0.0,0.6864447443737711,0.14446375272063874,0.34788878950026897,0.6167399530235154,0.0,0.33418048474105155,31.933557912096866,49.66493161305695,-17.731373700960084,Strong Underperformer
The Marvels,2023,206136825,274800000,12088246,0,0,0,0,3425,5.938,8.114,4.012711864406779,5,13,0,1,0,0,0.8753728661091796,0.0,0.0,0.769142710642241,0.06836106656965016,0.4448640423045896,0.16666666666666669,0.0,0.3199780218401507,29.552448597105275,58.67681201947863,-29.124363422373357,Strong Underperformer
Mortal Engines,2018,83869818,100000000,479032,0,0,0,0,5182,6.229,5.1753,3.763157894736842,3,2,0,0,0,0,0.7020873599262868,0.0,0.0,0.808264478170846,0.06359799784080872,0.27071009654408645,0.0,0.0,0.2546747292408315,18.60404623951159,50.93065861913706,-32.32661237962547,Strong Underperformer
Robin Hood,2018,86493046,100000000,1249754,0,0,0,0,3159,5.909,6.9776,13.692982456140351,0,4,0,0,0,0,0.7535613222237307,0.0,0.0,0.7615051588756402,0.253121878842812,0.2431638287054553,0.0,0.0,0.27649135108713696,22.26170490493868,51.202695515710786,-28.940990610772108,Strong Underperformer
The Nutcracker and the Four Realms,2018,173961069,120000000,3894,0,0,0,0,2250,6.083,4.2902,2.745614035087719,1,8,0,4,0,0,0.4437830514196622,0.0,0.0,0.7294512834047939,0.04417682275579777,0.34788878950026897,0.3869880158145604,0.0,0.23960710143147457,16.077887982170864,57.33928949514063,-41.26140151296977,Strong Underperformer
Cleopatra,1963,57779280,44000000,123220171,0,0,0,0,852,7.1,5.1511,44.58518518518518,7,13,4,14,0,0,1.0,0.0,0.0,0.6377521061013648,0.842740569254168,0.4599852698988825,0.6511484326014197,0.0,0.4591626377855835,52.88740027722372,47.79923066725999,5.088169609963728,Overperformer
The Blair Witch Project,1999,248639099,60000,4161263,43,0,0,0,5478,6.366,7.6986,18.366666666666667,23,27,0,16,0,0,0.8181294758810777,0.1423841059602649,0.0,0.8135128257369773,0.342325345095345,0.5940445215494722,0.6812438068750566,0.0,0.4209769556979271,46.48539212183126,61.97563055706573,-15.490238435234467,Strong Underperformer
Paranormal Activity,2007,193355800,15000,2039656,41,0,0,0,5462,6.049,4.7214,2.3252032520325203,3,12,0,3,0,0,0.7798548117263158,0.1357615894039735,0.0,0.8132364617025274,0.03615272497572071,0.4188998431792545,0.33333333333333337,0.0,0.3297093576047441,31.18395254103844,60.02461581277859,-28.84066327174015,Strong Underperformer
Once,2007,20710513,160000,737075,19,0,0,0,1467,7.425,2.5241,20.516260162601625,0,0,0,0,0,0,0.7252185177499643,0.06291390728476821,0.0,0.6890553844219384,0.3833531899889787,0.0,0.0,0.0,0.2585759517195614,19.25810442989553,39.83156064973801,-20.57345621984248,Strong Underperformer
Little Miss Sunshine,2006,100523351,8000000,0,0,0,0,0,7890,7.7,3.7981,4.562015503875969,73,112,2,32,0,0,0.0,0.0,0.0,0.8479861444168488,0.07884525558597769,0.7895381109191624,0.8407323532264089,0.0,0.2557101864148398,18.77764547645447,53.022798619196124,-34.24515314274166,Strong Underperformer
Juno,2007,232372681,7500000,3027571,0,0,0,0,7662,7.061,4.2411,3.3008130081300813,90,101,1,19,0,0,0.8010566515579226,0.0,0.0,0.8452154935460054,0.05477353203788427,0.7943349005181546,0.7203213491478937,0.0,0.40167585783657833,43.24947281488439,60.43691193719346,-17.187439122309065,Strong Underperformer
Get Out,2017,255407969,4500000,6341292,51,0,0,0,18969,7.624,15.4472,6.119047619047619,154,214,1,14,0,0,0.8407422241333418,0.16887417218543047,0.0,0.9308747512510892,0.1085632800573365,0.8930396951383496,0.6511484326014197,0.0,0.44339847795003096,50.24446516875957,61.37135831224862,-11.126893143489049,Underperformer
Hereditary,2018,87796204,10000000,7630340,35,0,0,0,8652,7.295,14.1247,6.359649122807017,52,112,0,7,0,0,0.8506753952340903,0.11589403973509933,0.0,0.8566973804952919,0.11315547909221593,0.7714378050888577,0.5,0.0,0.40585354948796454,43.949882354813376,51.78358272453744,-7.833700369724063,Underperformer
The Witch,2015,40423945,4000000,4469115,0,0,0,0,7684,7.0,8.807,19.8,0,0,0,11,0,0,0.8219605940429231,0.0,0.0,0.8454864060996636,0.36968241413750697,0.0,0.5974937501201928,0.0,0.34565837584432096,33.85788002532134,45.111430618537526,-11.253550593216183,Underperformer
It Follows,2014,23374076,2300000,2842615,0,0,0,0,6956,6.585,9.7696,7.08641975308642,25,44,0,3,0,0,0.7976729708573238,0.0,0.0,0.8360816578906601,0.1270268611692177,0.6418889236498786,0.33333333333333337,0.0,0.3533676717757737,35.15037953632126,40.3806853239775,-5.230305787656242,Underperformer
Whiplash,2014,50307484,3300000,4777368,21,0,0,0,16712,8.375,27.9952,5.462962962962963,100,144,3,11,0,0,0.8255409053791938,0.0695364238410596,0.0,0.9189043608557039,0.09604103361500323,0.8311640970046746,0.5974937501201928,0.0,0.4164221476195022,45.721757249541014,47.080955630427525,-1.359198380886511,As Expected
Ex Machina,2014,36869414,15000000,3260917,10,0,0,0,14315,7.572,9.494,5.617283950617284,74,162,1,15,0,0,0.8050421497790263,0.033112582781456956,0.0,0.9042750341324101,0.0989864544851757,0.8261483274612209,0.6666666666666667,0.0,0.4139273365084983,45.303490501230826,44.04082822625631,1.2626622749745167,As Expected
Lady Bird,2017,79000000,10000000,3466790,2,0,0,0,9045,7.25,10.0165,6.198412698412699,124,228,0,9,0,0,0.8083283724996423,0.006622516556291391,0.0,0.8608947108722527,0.11007806793342521,0.8863422581767739,0.5536546824812272,0.0,0.4034248981019255,43.54270759375147,50.8510918261419,-7.308384232390424,Underperformer
Moonlight,2016,65046687,4000000,2974533,43,0,0,0,7555,7.358,7.1574,5.63768115942029,235,310,3,10,0,0,0.8001079623336896,0.1423841059602649,0.0,0.8438866839403099,0.09937576228714634,0.9522386350995932,0.5765719364395496,0.0,0.42146730483942435,46.56760144823924,49.31308165037996,-2.745480202140719,As Expected
The Florida Project,2017,11303040,2000000,2468370,35,0,0,0,3115,7.426,3.9058,13.746031746031745,68,134,0,0,0,0,0.7900953943048346,0.11589403973509933,0.0,0.760180101147277,0.2541343949494608,0.8027520034062943,0.0,0.0,0.3513151327847801,34.80626177696219,33.99034549320862,0.8159162837535661,As Expected
Tangerine,2015,925000,100000,1233805,0,0,0,0,805,6.864,1.9363,15.286666666666667,24,42,0,0,0,0,0.7528718865013223,0.0,0.0,0.6323962901562493,0.28353945720009466,0.6352709526485328,0.0,0.0,0.30569504730075214,27.157841129453153,12.46525692160597,14.692584207847183,Overperformer
Eighth Grade,2018,13539709,2000000,824947,0,0,0,0,1674,7.151,2.8701,4.4298245614035086,60,91,0,0,0,0,0.7312642756714766,0.0,0.0,0.7015209797885829,0.07632221599995381,0.7590389246890306,0.0,0.0,0.29994106718205205,26.193159457371884,35.58516674730748,-9.392007289935599,Underperformer
Saw,2004,104045735,1200000,2239198,0,0,0,0,10111,7.423,12.0197,10.037037037037036,9,10,0,12,0,0,0.7848649644243745,0.0,0.0,0.8714219329801179,0.1833433082069154,0.45261375029508255,0.6167399530235154,0.0,0.369384887335438,37.835740620202394,53.69677614795299,-15.861035527750595,Strong Underperformer
Open Water,2003,54683487,120000,1024005,0,0,0,0,1136,5.548,4.0485,2.1222222222222222,2,6,0,6,0,0,0.7428672443147716,0.0,0.0,0.6649101200233394,0.03227856261750946,0.3319702714985457,0.4678924870096007,0.0,0.2982785929778538,25.91443788343286,48.46365619561928,-22.54921831218642,Strong Underperformer
Chronicle,2012,145000000,15000000,1432068,0,0,0,0,5756,6.856,8.4954,4.059139784946237,2,7,0,8,0,0,0.7608708496659852,0.0,0.0,0.8181899579926052,0.06924720505407943,0.34788878950026897,0.5283208335737188,0.0,0.3285388485452643,30.98771122400372,56.13614645428851,-25.148435230284786,Strong Underperformer
District 9,2009,210888950,30000000,2380288,57,0,0,0,10392,7.471,11.1589,2.0585585585585586,32,117,0,8,0,0,0.7881449102592384,0.18874172185430463,0.0,0.8740121233087196,0.031063457099609115,0.7570377539549971,0.5283208335737188,0.0,0.3955465710309827,42.22186922183906,59.309823911812884,-17.087954689973827,Strong Underperformer
Looper,2012,47042000,30000000,1768810,5,0,0,0,10954,6.911,11.1653,4.666666666666667,18,47,0,5,0,0,0.7722070372551749,0.016556291390728478,0.0,0.8789887770110922,0.08084266192491327,0.632998937178216,0.43082708345352605,0.0,0.3584627825468826,36.004598681455,46.057933067033446,-10.053334385578445,Underperformer
Brick,2005,3900000,475000,2114,126,0,0,0,1382,6.817,2.1747,7.2,11,23,0,19,0,0,0.41100496219268345,0.41721854304635764,0.0,0.6834188991190631,0.12919469092966462,0.537163962855065,0.7203213491478937,0.0,0.3309327369483411,31.389057808422894,24.871521543901764,6.51753626452113,Overperformer
The Babadook,2014,10300000,2000000,1996838,25,0,0,0,6444,6.536,6.1475,14.882716049382717,56,64,0,0,0,0,0.7787159596262783,0.08278145695364239,0.0,0.8288577914810454,0.2758295235303312,0.7245776812682593,0.0,0.0,0.34694783724858347,34.074064259171145,33.169525170441005,0.9045390887301394,As Expected
A Ghost Story,2017,1929659,100000,767056,0,0,0,0,2505,7.064,3.1645,11.412698412698413,11,21,0,0,0,0,0.7273586794379385,0.0,0.0,0.7395922995618917,0.20959963139245294,0.5282739763834025,0.0,0.0,0.29321832662136244,25.06606056733962,18.960112267458598,6.105948299881021,Overperformer
Frances Ha,2012,8986144,0,908997,0,0,0,0,1830,7.33,2.9738,11.03225806451613,1,49,0,8,0,0,0.736472285909561,0.0,0.0,0.7099360449478423,0.2023384224122342,0.5940445215494722,0.5283208335737188,0.0,0.350758439430239,34.71292953301683,34.79208042582775,-0.07915089281091525,As Expected
500 Days of Summer,2009,60781545,7500000,3174268,0,0,0,0,11081,7.302,8.8848,8.752252252252251,17,58,0,9,0,0,0.8035965175659263,0.0,0.0,0.8800779929794509,0.15882148537318758,0.6543139638942169,0.5536546824812272,0.0,0.38540611598599356,40.52177451753637,48.591521461381944,-8.069746943845573,Underperformer
Lost in Translation,2003,119723856,4000000,3029877,0,0,0,0,8129,7.38,6.833,3.774074074074074,98,133,1,21,0,0,0.8010975209964423,0.0,0.0,0.850805815448219,0.06380634761183565,0.8229267516411255,0.7432386031062163,0.0,0.4082972559800281,44.35958117479682,54.70186885066772,-10.3422876758709,Underperformer
Garden State,2004,26781723,2500000,880569,0,0,0,0,2064,7.075,3.1427,3.337037037037037,13,39,0,16,0,0,0.734766738400112,0.0,0.0,0.7213012661720303,0.05546491570750719,0.5998562450399421,0.6812438068750566,0.0,0.352739971059476,35.0451425761523,41.56651895942946,-6.521376383277158,Underperformer
Booksmart,2019,24849029,6000000,1677431,26,0,0,0,2856,7.008,3.9515,6.568627450980392,29,60,0,10,0,0,0.7693597485794852,0.08609271523178808,0.0,0.7519796526190067,0.11714410784953308,0.6798590609988147,0.5765719364395496,0.0,0.3750366970297663,38.78329294289645,40.73428930177411,-1.95099635887766,As Expected
Uncut Gems,2019,50023780,19000000,3709133,29,0,0,0,5410,7.165,6.9792,5.5,27,91,0,6,0,0,0.8119553675577341,0.09602649006622517,0.0,0.8123326556033614,0.09674793462384462,0.722059519949809,0.4678924870096007,0.0,0.381896982236831,39.933451836041996,46.68980840523258,-6.7563565691905865,Underperformer
Good Time,2017,3283369,2000000,1596769,10,0,0,0,3136,7.2,6.8909,29.03174603174603,6,47,0,0,0,0,0.7667144141472555,0.033112582781456956,0.0,0.7608148332163995,0.5458825398841448,0.6026803680426321,0.0,0.0,0.34759191522191446,34.18204694306057,23.07112480247804,11.110922140582531,Overperformer
The Lobster,2015,15700000,4000000,8833,1,0,0,0,6919,7.025,5.2656,11.206666666666667,33,84,0,7,0,0,0.48774101951629056,0.0033112582781456954,0.0,0.8355777338157695,0.20566724206612666,0.7207845235091154,0.5,0.0,0.32408227967017383,30.240546613511665,36.757631179255554,-6.51708456574389,Underperformer
Amelie,2001,173921954,10000000,21158,0,0,0,0,12448,7.919,11.9752,33.25925925925926,0,0,0,2,0,0,0.534626776800826,0.0,0.0,0.891069958326374,0.6265702407504696,0.0,0.2641604167868594,0.0,0.2851054169465355,23.70589332499531,57.821637721080236,-34.11574439608493,Strong Underperformer
Oldboy,2003,17500000,3000000,4491403,0,0,0,0,9923,8.235,12.7542,30.366666666666667,46,28,0,1,0,0,0.8222276289069907,0.0,0.0,0.8696484888364316,0.5713612719599568,0.6523127931601834,0.16666666666666669,0.0,0.39044444784372206,41.36647441234794,37.772425788501494,3.5940486238464473,As Expected
Pan's Labyrinth,2006,83258226,19000000,2587853,53,0,0,0,11508,7.765,11.2487,12.492248062015504,0,0,0,9,0,0,0.7926327991859706,0.17549668874172186,0.0,0.8836507385418686,0.2302042692697618,0.0,0.5536546824812272,0.0,0.3428271977406521,33.38321977786395,51.189705888431064,-17.806486110567114,Strong Underperformer
City of God,2002,30641770,3300000,1675308,0,0,0,0,8232,8.428,14.2444,11.188888888888888,0,0,0,6,0,0,0.7692917688812861,0.0,0.0,0.8519955168484331,0.20532792958188278,0.0,0.4678924870096007,0.0,0.3063799471202489,27.272667786732175,42.70170386289945,-15.429036076167275,Strong Underperformer
Akira,1988,49000000,5700000,2585041,0,0,0,0,4813,7.938,7.466,2.1,1,0,0,9,0,0,0.7925744397887718,0.0,0.0,0.8012851765979632,0.031854422012204626,0.10472496079481362,0.5536546824812272,0.0,0.30766681214637526,27.48841672564698,46.741827359238016,-19.253410633591034,Strong Underperformer
Princess Mononoke,1997,176506186,23500000,3186411,64,0,0,0,9056,8.32,18.3428,43.03703703703704,14,6,0,22,0,0,0.8038014695337538,0.2119205298013245,0.0,0.8610095527088966,0.8131921070845978,0.4599852698988825,0.7539269926761688,0.0,0.4707637391237378,54.8323791624485,57.78538167614232,-2.953002513693825,As Expected
Drive,2011,79713640,15000000,3086706,20,0,0,0,13693,7.584,9.2299,30.893939393939394,79,180,0,10,0,0,0.8020949975150552,0.06622516556291391,0.0,0.9000773803061958,0.5814249717767351,0.8401421547009796,0.5765719364395496,0.0,0.4568631603816485,52.50188213826944,50.851495270464426,1.650386867805011,As Expected
Burning,2018,6591038,7280000,1089953,0,0,0,0,1826,7.371,5.5371,52.824561403508774,54,144,0,4,0,0,0.7462174771922412,0.0,0.0,0.7097293763915989,1.0,0.7997452139911421,0.3869880158145604,0.0,0.4388897560581784,49.48855686114374,28.974414407235457,20.514142453908285,Strong Overperformer
A Separation,2011,24426169,5000000,627670,42,0,0,0,1964,7.899,3.0116,10.146464646464647,89,52,1,0,0,0,0.716593755541085,0.1390728476821192,0.0,0.7166105186707857,0.1854318793694014,0.7487569867829595,0.0,0.0,0.3223059743587436,29.94274072217945,40.61822148347636,-10.67548076129691,Underperformer
Enter the Void,2009,754249,13000000,797977,0,0,0,0,2003,7.3,3.3902,30.98198198198198,4,8,0,0,0,0,0.7294800433709929,0.0,0.0,0.7184677047876554,0.5831053814230596,0.38752840440589703,0.0,0.0,0.3148061577358598,28.685361396770716,9.71399064891834,18.971370747852376,Strong Overperformer
Spring Breakers,2012,32016127,5000000,1323308,0,0,0,0,4045,5.256,2.7949,5.091397849462366,14,35,0,0,0,0,0.7566310738017886,0.0,0.0,0.784861260387584,0.08894922026823958,0.5910526182057242,0.0,0.0,0.29781252464651253,25.836299348382795,43.00826378434408,-17.171964435961286,Strong Underperformer
Nightcrawler,2014,47425835,8500000,2208522,0,0,0,0,11780,7.708,11.2917,6.1419753086419755,46,126,0,10,0,0,0.7841245119878553,0.0,0.0,0.885858118546234,0.10900088544376213,0.7785911496632707,0.5765719364395496,0.0,0.3918271114068527,41.598284423938324,46.37551950039136,-4.777235076453039,As Expected
Birdman,2014,103215094,18000000,2487498,0,0,0,0,13618,7.441,8.0872,3.0925925925925926,0,0,0,8,0,0,0.7905097573340861,0.0,0.0,0.8995583999825791,0.05079936904915399,0.0,0.5283208335737188,0.0,0.3059698117273625,27.203906670352307,53.098149127779095,-25.894242457426788,Strong Underperformer
Her,2013,47351251,23000000,1546562,0,0,0,0,15357,7.838,9.0041,33.3448275862069,1,3,0,6,0,0,0.7649995094020816,0.0,0.0,0.9109144239438386,0.6282034258398619,0.2431638287054553,0.4678924870096007,0.0,0.37801731843029207,39.283008057857614,46.16759816122814,-6.8845901033705275,Underperformer
The Grand Budapest Hotel,2014,174600318,30000000,3845731,0,0,0,0,16168,8.028,11.0858,9.703703703703704,137,227,4,20,0,0,0.8138966739869292,0.0,0.0,0.9157772862381611,0.1769811991273429,0.8913929629609396,0.7320529037964602,0.0,0.4343997700096762,48.735789705273,57.64189129940107,-8.906101594128067,Underperformer
Eternal Sunshine of the Spotless Mind,2004,72258126,20000000,5032488,53,0,0,0,16409,8.091,17.8693,9.84074074074074,73,111,1,9,0,0,0.8283335065082541,0.17549668874172186,0.0,0.9171754085200594,0.17959673286005604,0.788723628183357,0.5536546824812272,0.0,0.42713141538029303,47.517216065373624,49.928070105412985,-2.4108540400393608,As Expected
There Will Be Blood,2007,77208711,25000000,5657877,53,0,0,0,7496,8.074,8.9049,4.2926829268292686,114,138,2,6,0,0,0.8346210784955711,0.17549668874172186,0.0,0.843145904165925,0.07370468588441723,0.8360186891351107,0.4678924870096007,0.0,0.40655006119279175,44.06665579896435,50.46990998547429,-6.40325418650994,Underperformer
No Country for Old Men,2007,171627166,25000000,8156231,69,0,0,0,13394,7.95,15.2928,7.333333333333333,165,139,4,0,0,0,0.8542530447127396,0.22847682119205298,0.0,0.8979911906145281,0.13173953456149365,0.8642600638660659,0.0,0.0,0.383097369965962,40.13470245175416,57.525723135857874,-17.391020684103715,Strong Underperformer
Donnie Brasco,1997,124909762,35000000,75979,0,0,0,0,4883,7.54,4.5812,22.68148148148148,2,16,0,6,0,0,0.6032494421887581,0.0,0.0,0.8026493869627569,0.4246793126253674,0.4448640423045896,0.4678924870096007,0.0,0.3346584113279831,32.01368453914495,54.653644112428054,-22.639959573283107,Strong Underperformer
Gattaca,1997,12532777,36000000,2380345,0,0,0,0,6956,7.569,6.7977,33.544444444444444,6,16,0,8,0,0,0.7881461956617846,0.0,0.0,0.8360816578906601,0.6320133785185484,0.4737298485009811,0.5283208335737188,0.0,0.4046438109807478,43.74706403743159,34.339203146779084,9.407860890652508,Overperformer
Event Horizon,1997,26700000,60000000,3026444,0,0,0,0,3317,6.582,6.9981,22.32962962962963,1,2,0,5,0,0,0.8010366663132176,0.0,0.0,0.7661157883901636,0.4179637530413742,0.20944992158962725,0.43082708345352605,0.0,0.34264298791011266,33.3523361384226,40.92008852804955,-7.567752389626946,Underperformer
Dark City,1998,27200000,27000000,1494050,0,0,0,0,3228,7.331,6.5514,22.985185185185184,12,19,0,17,0,0,0.7631452536411119,0.0,0.0,0.7635463845890338,0.43047590089786686,0.5236248039740681,0.6949875002403854,0.0,0.3938925096983578,41.94455810515727,41.239606143070375,0.7049519620868949,As Expected
The Fountain,2006,15304890,35000000,1039116,0,0,0,0,3116,6.908,3.8716,7.042635658914729,9,38,0,8,0,0,0.7436535746611508,0.0,0.0,0.7602104233550384,0.12619118362000595,0.5848849789285274,0.5283208335737188,0.0,0.3486914568799592,34.36639024340644,36.109724412295094,-1.7433341688886514,As Expected
Sunshine,2007,34800000,50000000,50705,0,0,0,0,4294,6.969,5.3395,19.308943089430894,1,22,0,7,0,0,0.5815405255313514,0.0,0.0,0.7905050163784065,0.3603099412495513,0.48016001813371373,0.5,0.0,0.32940560268243746,31.133026607978397,43.29593046561476,-12.162903857636362,Underperformer
Grindhouse,2007,25422088,60000000,1600856,0,0,0,0,1890,7.001,3.0151,2.2845528455284554,10,22,0,28,0,0,0.7668516306218749,0.0,0.0,0.7129830308693567,0.03537685801479723,0.5282739763834025,0.8096634991879288,0.0,0.3620000625699235,36.59764021737496,40.486878448239906,-3.8892382308649474,As Expected
MacGruber,2010,9322895,10000000,637960,0,0,0,0,609,5.423,1.3872,3.6952380952380954,0,3,0,7,0,0,0.7174666197434985,0.0,0.0,0.6060664820764512,0.06230165832158754,0.20944992158962725,0.5,0.0,0.2812751301474663,23.063727832996417,31.975449519846137,-8.91172168684972,Underperformer
Kung Fury,2015,0,630019,568561,19,0,0,0,1974,7.477,1.5501,10.753333333333334,4,6,0,0,0,0,0.7112846561998986,0.06291390728476821,0.0,0.7170902108666894,0.19701477371790801,0.36228884063412964,0.0,0.0,0.2761877044903292,22.21079713315505,,,
