rank,title,year,worldwide_gross,domestic_gross,budget,genre,franchise,director,studio,is_sequel,is_animated,wiki_total_views,wiki_avg_monthly_views,wiki_max_monthly_views,wiki_pageviews_found,wiki_languages,reddit_posts,reddit_comments,reddit_upvotes,reddit_avg_comments_per_post,reddit_top_post_upvotes,tmdb_id,tmdb_popularity,tmdb_vote_average,tmdb_vote_count,tmdb_runtime,gtrends_avg_interest,gtrends_max_interest,imsdb_found,imsdb_dialogue_percentage,imsdb_total_lines,imsdb_script_length_chars,omdb_oscar_wins,omdb_oscar_nominations,omdb_total_wins,omdb_total_nominations,imdb_rating,imdb_votes,metascore,imdb_id_from_omdb,wikiquote_count,wikiquote_dl_count,wikiquote_li_count,wikiquote_found,meme_post_count,subreddit_diversity,top_subreddit,subreddit_concentration,subtitle_status,imdb_id,subtitle_available,estimated_word_count,dialogue_line_count,avg_dialogue_length,longest_monologue_words,unique_character_count,sentiment_mean,sentiment_std,sentiment_peak,exclamation_ratio,question_ratio,profanity_score,vocabulary_richness,avg_sentence_complexity,humor_indicator,romance_indicator,violence_indicator,short_punchy_count,short_punchy_density,rare_proper_noun_count,sentiment_spike,yt_status,yt_video_id,yt_channel_title,yt_trailer_count,yt_upload_lead_days,yt_total_comments,yt_comments_day_7,yt_comments_day_30,yt_comments_velocity,yt_early_status,yt_views_status,yt_top_channel,yt_top_views,yt_top_likes,yt_top_comments_total,yt_total_views_top3,years_since_release,cfi_comp_wiki_views,cfi_comp_wiki_langs,reddit_engagement,cfi_comp_reddit,cfi_comp_tmdb_votes,cfi_comp_gtrends,awards_total,cfi_comp_awards,cfi_comp_quotes,cfi_comp_memes,cultural_footprint_index,cfi_score,cfi_predicted,cfi_residual,cultural_category,in_franchise,collection_name,sequel_number,n_in_collection,is_animated_tmdb,primary_genre,has_franchise,rare_pn_density,reddit_serp_volume,reddit_serp_log,SCI_z,SCI_pca,reddit_serp_w,DIM_attention,DIM_engagement,DIM_legitimation,DIM_symbolic_reuse,log_gross,CFI_final_z,CFI_final,log_budget,cultural_perf,DIM_attention_adj,DIM_engagement_adj,DIM_legitimation_adj,DIM_symbolic_reuse_adj,DIM_attention_adj_pct,DIM_engagement_adj_pct,DIM_legitimation_adj_pct,DIM_symbolic_reuse_adj_pct,persistence_slope,persistence_ratio,attention_cv
1,Avatar,2009,2923706994,760505847.0,237000000,Science Fiction,Avatar,James Cameron,20th Century Fox,0,0,10390866,280834.2162162162,1594454,True,87,100,17605,362902,176.05,32886,19995.0,36.8934,7.602,33797,162.0,4.840909090909091,100,True,19.635099913119028,5755,343564,3,0,91,131,7.9,1486308.0,83.0,tt0499549,16,16,56,True,3,7,shittymoviedetails,0.18,success,tt0499549,True,9332.0,1682.0,5.548156956004756,16.0,0.0,0.0052747688300601,0.1527527046409587,1.0,0.1741973840665873,0.0975029726516052,9.586366057163149,0.3009053790165099,4.6106719367588935,0.7101011894194922,6.035860110065684,10.118941949227764,818.0,0.4863258026159334,299.0,2.0,success,5PSNL1qE6VY,20th Century Studios,10.0,36.0,9570.0,,,,too_many_comments_to_reach_window,success,20th Century Studios,15657825,93972.0,9569.0,16462490,17,0.8672509870251849,0.2880794701986754,380507,0.8026398279591739,0.9854520647994672,0.0841683098528716,222,0.8169489361834195,0.6812438068750566,0.6309297535714573,0.6826603971449665,90.35784469265104,82.13105224744922,8.22679244520181,Overperformer,1,Avatar Collection,0,5,0,Science Fiction,1,32.04029147021003,8920000,16.00380661666381,1.3712123088366055,2.446253559288446,16.00380661666381,0.1624962667200898,2.626026821788943,1.20016543895632,0.4982830874816588,21.796118166904552,1.1840072157699808,82.07123120932901,19.283570703318816,26.18610766979744,0.1405861431377559,2.6647199626994755,1.0409454435438965,0.1368798391393139,64.75644699140402,97.134670487106,87.10601719197709,45.27220630372493,0.03333036394238556,1.268219601831459,0.9490030186844601
2,Avengers: Endgame,2019,2798754989,858373391.0,356000000,Adventure,MCU,Anthony & Joe Russo,Marvel Studios,1,0,8470758,228939.4054054054,367953,True,82,100,170391,1006743,1703.91,59294,299534.0,43.6233,8.234,27516,181.0,5.11,100,True,36.238872403560826,5392,219715,0,1,71,132,8.4,1440952.0,78.0,tt4154796,13,13,61,True,1,4,movies,0.3400000000000001,success,tt4154796,True,12144.0,2357.0,5.152312261349173,14.0,0.0,-0.0052988260031111,0.1482540566089099,1.0,0.0509121764955451,0.1777683495969452,3.652198342463829,0.2621154656552886,4.610478359908884,0.9832841691248771,4.073605843517348,6.88298918387414,1146.0,0.4862112855324565,416.0,2.0,success,TcMBFSGVi1c,Marvel Entertainment,10.0,40.0,261651.0,,,,too_many_comments_to_reach_window,success,Marvel Entertainment,166790505,3502165.0,261648.0,318129052,7,0.8562841164685007,0.271523178807947,1177134,0.8731844619472995,0.96602326118834,0.0893042670007447,203,0.8034944431390993,0.6345591536762674,0.3154648767857286,0.6539306337429728,85.54116552007932,81.66594931181763,3.8752162082616906,As Expected,1,The Avengers Collection,3,6,0,Adventure,1,34.255599472990774,230000,12.345838935721968,1.4604395895329465,2.5723363568720665,12.345838935721968,0.1223717826229989,0.511395054193691,1.2092105543784135,0.3175246710090036,21.752440508814463,0.5983602394912554,67.33164210941528,19.69044129162529,13.682132770916851,0.2481470793795427,0.5399108535272995,1.0519001212576449,0.1086769926525159,75.93123209169055,77.07736389684814,88.53868194842407,43.26647564469914,-0.5594104903119997,0.691805953132743,0.274810158417069
3,Avatar: The Way of Water,2022,2320250281,684074366.0,350000000,Action,Avatar,James Cameron,20th Century Studios,1,0,12466372,336928.97297297296,1694554,True,62,100,40938,175978,409.38,20046,76600.0,33.5046,7.593,13973,192.0,7.078125,100,False,,0,0,1,0,74,153,7.5,601100.0,67.0,tt1630029,14,14,35,True,8,2,shittymoviedetails,0.6800000000000002,success,tt1630029,True,9509.0,2359.0,4.030945315811785,15.0,0.0,-0.0141133276783976,0.1758960668716493,1.0,0.2111064010173802,0.1030097498940229,7.260155574762317,0.245980985306828,3.479326747164288,0.5185825410544512,7.260155574762317,11.235955056179774,1533.0,0.6498516320474778,282.0,1.5,success,_ciBXV3MGGc,20th Century Studios UK,10.0,41.0,524.0,351.0,361.0,0.9722991689750692,success,success,Avatar,62521948,1046635.0,42280.0,63942557,4,0.8770262238825057,0.2052980132450331,216916,0.7675345063839976,0.9019901075037572,0.1268685447974459,227,0.8202990996434898,0.6511484326014197,1.0,0.6994725658324152,93.17648338554666,80.01310052825372,13.163382857292945,Overperformer,1,Avatar Collection,1,5,0,Action,1,29.656115259228105,64500,11.07443600653965,1.4534527233331778,2.99153309921078,11.07443600653965,0.3244380718711978,-0.2235893026856867,0.8610173000822539,0.3817567383688079,21.564940896978396,0.4058140055201711,62.485629944368405,19.67344371530488,9.717377644529629,0.4961104592125029,-0.2003495184910656,0.7155205943452718,0.2395721584575792,87.39255014326648,43.553008595988544,76.79083094555874,52.72206303724928,-0.8657079322271586,0.6744033806040253,1.0101000723071374
4,Titanic,1997,2257844680,659363944.0,200000000,Drama,,James Cameron,Paramount,0,0,11970823,323535.75675675675,1289082,True,141,100,18646,477118,186.46,60926,597.0,36.982,7.902,27009,194.0,20.682835820895523,100,True,25.08343579834885,5693,305932,11,0,126,84,8.0,1389357.0,75.0,tt0120338,18,18,60,True,3,7,shittymoviedetails,0.18,success,tt0120338,True,11890.0,2100.0,5.661904761904762,19.0,3.0,0.003307670037712,0.1452909330053007,1.0,0.1619047619047619,0.1309523809523809,5.005005005005005,0.2742742742742742,4.543370271303019,0.429000429000429,6.149006149006149,2.002002002002002,1032.0,0.4914285714285714,337.0,1.5,skipped_pre_youtube_era,,,,,,,,,,success,Rotten Tomatoes Trailers,6333281,51438.0,2341.0,11020346,29,0.8748488954701316,0.466887417218543,495764,0.8191679627674574,0.9642658765989252,0.3865325075131808,210,0.8085918098302273,0.7079879189072642,0.6309297535714573,0.7353229000114777,99.18695954415097,79.8813524982697,19.30560704588126,Strong Overperformer,0,,0,0,0,Drama,0,28.343145500420523,422000,12.952762962683588,0.6723029098058628,1.3757592927456996,12.952762962683588,1.0067487191467377,0.8622513054986309,1.0851608897376344,0.6018336765869136,21.53767651421412,1.0381937578597609,78.40139162697399,19.11382792951231,20.208869068964937,0.8104528164793418,0.9091951766939737,0.9436858255640798,0.0946108368019927,92.55014326647564,87.67908309455588,83.66762177650429,42.12034383954155,-0.7536460286048574,0.5113405233169424,0.6697314765976607
5,Star Wars: The Force Awakens,2015,2071562175,936662225.0,200000000,Adventure,Star Wars,J.J. Abrams,Lucasfilm,1,0,4246294,114764.7027027027,203851,True,69,100,44458,171516,444.58,36379,140607.0,18.0799,7.25,20434,136.0,2.189189189189189,100,True,31.99225473321859,4648,221500,0,0,0,0,6.7,6.0,,tt7768640,17,17,26,True,1,7,digitalcodesell,0.18,success,tt2488496,True,7098.0,1405.0,5.051957295373666,14.0,2.0,-0.0144754533722505,0.1703343948190693,1.0,0.1181494661921708,0.1516014234875445,0.7516913054372337,0.3139564019042846,4.265625,0.2505637684790779,0.7516913054372337,11.776497118516662,726.0,0.5167259786476869,263.0,2.0,success,OMOVFvcNfvE,Rotten Tomatoes Trailers,10.0,381.0,60354.0,,,,too_many_comments_to_reach_window,success,Star Wars,112415185,813884.0,113179.0,222913511,11,0.8192152796787349,0.2284768211920529,215974,0.7672626468743126,0.937904575214246,0.0335567160632253,0,0.0,0.6949875002403854,0.3154648767857286,0.5383346342601734,66.16095568852981,79.12077359116361,-12.959817902633802,Underperformer,1,Star Wars Collection,6,9,0,Adventure,1,37.052690898844745,70600,11.16479958768697,1.7139792586190346,3.0296388714329114,11.16479958768697,-0.2083631315951954,-0.1713510884654355,-1.385518669838427,0.5514973255445218,21.45156883399629,-0.3544362024505641,43.35161895738183,19.11382792951231,-10.807756867240798,-0.1387569463921171,-0.1428218709907414,-1.5230738833789406,0.3197717226003731,36.38968481375358,47.27793696275072,6.59025787965616,55.587392550143264,-0.3109025733306812,0.8394647199672644,0.2759154719040833
6,Avengers: Infinity War,2018,2052415039,678815482.0,316000000,Adventure,MCU,Anthony & Joe Russo,Marvel Studios,1,0,4171096,112732.32432432432,182630,True,79,100,119131,498116,1191.31,59042,299536.0,51.5505,8.234,31754,149.0,4.276785714285714,100,False,,0,0,0,1,48,80,8.4,1367190.0,68.0,tt4154756,24,24,97,True,3,4,movies,0.3,success,tt4154756,True,8952.0,1726.0,5.186558516801854,13.0,0.0,-0.0240851510405392,0.1631267302193691,1.0,0.0625724217844727,0.160486674391657,4.963271788763153,0.3132817153067302,4.679560899111343,0.1985308715505261,3.772086559459996,10.72066706372841,803.0,0.4652375434530706,296.0,1.3333333333333333,success,QwievZ1Tx-8,Marvel Entertainment,9.0,39.0,175180.0,,,,too_many_comments_to_reach_window,success,Marvel Entertainment,270463017,4215698.0,453485.0,420004252,8,0.8182561673432879,0.2615894039735099,617247,0.8328585274582571,0.979559906503603,0.0734012664836275,128,0.734250499447729,0.7739760316291208,0.6309297535714573,0.6755936251212139,89.17306731917084,78.9495960369604,10.22347128221044,Overperformer,1,The Avengers Collection,2,6,0,Adventure,1,33.06523681858802,119000,11.686887175419702,0.5524157183234616,1.0896152751755523,11.686887175419702,-0.1067327757035139,0.1304621299068355,0.9060246437418334,0.8573332025410063,21.442283005011472,0.4718924501274798,64.14869517192555,19.57125277471574,10.655394250248513,0.0071441990540121,0.1559868014252704,0.7687962408027735,0.6709168558094316,52.43553008595988,63.323782234957015,79.36962750716332,75.35816618911176,,,
7,Spider-Man: No Way Home,2021,1929340411,804793477.0,200000000,Action,Spider-Man,Jon Watts,Sony,1,0,8977321,242630.2972972973,481657,True,63,100,58185,337346,581.85,26022,634649.0,79.3508,7.934,21801,148.0,6.2368421052631575,100,False,,0,0,0,1,35,72,8.1,1016161.0,71.0,tt10872600,33,33,103,True,4,5,shittymoviedetails,0.28,success,tt10872600,True,12681.0,2171.0,5.841087056655919,14.0,3.0,-0.0039541130858496,0.1351404654378096,1.0,0.0529709811146936,0.2137263933671119,3.4746351633078527,0.2489228630993745,4.7246646795827125,0.2779708130646282,4.447533009034052,6.810284920083391,800.0,0.3684937816674343,356.0,1.5,success,JfVOs4VSpmA,Sony Pictures Entertainment,9.0,27.0,172394.0,,,,too_many_comments_to_reach_window,success,Sony Pictures Entertainment,94459522,2978006.0,164720.0,181699179,5,0.8594018360267692,0.2086092715231788,395531,0.805058785447551,0.944023640715864,0.1108115441681628,107,0.7074053288374458,0.8479104735417233,0.7324867603589634,0.688016826209398,91.25587507156511,78.49253661405928,12.763338457505853,Overperformer,1,Spider-Man (MCU) Collection,2,4,0,Action,1,28.07349578108981,192000,12.165255859329688,0.0964921053138124,0.1649511005197289,12.165255859329688,0.1950744748934708,0.4070019202634118,0.8024794205549421,1.1436001388295716,21.38044402601109,0.6914579484911572,69.67472938277777,19.11382792951231,16.91095804683193,0.3537018162653619,0.428852216260187,0.668965184970669,1.0087900454132002,82.8080229226361,73.06590257879655,73.92550143266476,91.40401146131804,-0.655200477424801,0.6341465282705279,0.33166075071535894
8,Inside Out 2,2024,1698468228,652858789.0,200000000,Animation,Inside Out,Kelsey Mann,Pixar,1,1,13137244,355060.64864864864,2858124,True,47,100,53884,400647,538.84,72443,1022789.0,27.5743,7.544,6595,97.0,3.7514450867052025,100,False,,0,0,0,1,7,107,7.5,245290.0,73.0,tt22022452,22,22,150,True,1,8,movies,0.14,no_subtitle,tt22022452,False,,,,,,,,,,,,,,,,,,,,,success,LEjhY15eCx0,Pixar,10.0,95.0,17885.0,,,,too_many_comments_to_reach_window,success,Pixar,68816884,576023.0,17886.0,113257698,2,0.8798398535295002,0.1556291390728476,454531,0.8137438233737426,0.8310462756251401,0.0633744433538325,114,0.7168936772064365,0.7539269926761688,0.3154648767857286,0.6223502758526639,80.24657085237469,77.36677366713869,2.8797971852360007,As Expected,1,Inside Out Collection,1,2,1,Animation,1,,63100,11.052491896264268,,,11.052491896264268,0.1687941535182945,-0.236274956783097,0.4903766209584024,0.779705282344136,21.252992640061734,0.3433724449546015,60.91409797584024,19.11382792951231,8.959079154574958,0.3727706116310295,-0.2189353159604571,0.3648056546897925,0.7043632190599981,83.66762177650429,42.693409742120345,61.31805157593123,77.65042979942693,,,
9,Jurassic World,2015,1670400637,652270625.0,150000000,Adventure,Jurassic,Colin Trevorrow,Universal,1,0,5334861,144185.43243243243,515955,True,58,100,14846,150182,148.46,52106,135397.0,12.922,6.699,21468,124.0,5.398648648648648,100,False,,0,0,0,0,15,58,6.9,723175.0,59.0,tt0369610,15,15,45,True,3,5,shittymoviedetails,0.22,success,tt0369610,True,7384.0,1289.0,5.728471683475562,16.0,0.0,0.0010843694707154,0.132568833107385,1.0,0.1024049650892164,0.1885182311869666,5.3068758652515,0.3458698661744347,4.96570275722932,1.6151361329026304,3.922473465620674,5.3068758652515,500.0,0.3878975950349108,228.0,1.3333333333333333,success,RFinNxS5KN4,Universal Pictures,10.0,192.0,47010.0,,,,too_many_comments_to_reach_window,success,Universal Pictures,94331638,380850.0,47010.0,137180090,11,0.8314655485372102,0.1920529801324503,165028,0.7504567501300328,0.9425691404078184,0.0948135095658664,73,0.6502847602727153,0.6666666666666667,0.6309297535714573,0.6341161407951461,82.21917312628736,77.27566096852223,4.943512157765127,As Expected,1,Jurassic Park Collection,3,7,0,Adventure,1,30.87757313109426,398000,12.894209796826232,0.1084048334203008,0.2120105814280918,12.894209796826232,0.015251742600112,0.8284023501728806,0.1506149949913682,0.441841824663479,21.236329337596967,0.3756677521218926,61.72690770043927,18.8261458587272,7.827420273808201,0.0868221093000308,0.8541881777977273,0.0269332212255658,0.2359065403738088,62.17765042979943,86.81948424068769,48.99713467048711,52.43553008595988,0.03734938606414988,1.1872388876257602,0.5106056355441271
10,The Lion King (2019),2019,1657922558,541386957.0,260000000,Adventure,Lion King,Jon Favreau,Disney,0,1,5022922,135754.64864864864,442401,True,56,100,39622,257801,396.22,52726,420818.0,13.7868,7.099,10701,118.0,4.71,100,False,,0,0,0,1,21,44,6.8,290328.0,55.0,tt6105098,41,41,16,True,1,5,boxoffice,0.28,success,tt6105098,True,7929.0,1537.0,5.158750813272609,14.0,0.0,-0.0082562308652093,0.16270489698087,1.0,0.1450878334417696,0.1522446324007807,0.0,0.2659010600706714,5.449484536082474,0.6625441696113075,7.950530035335689,8.613074204946997,645.0,0.4196486662329213,164.0,1.2,success,7TavVZMewpY,Disney,10.0,92.0,0.0,,,,comments_disabled,success,Disney,78765667,787582.0,0.0,81342782,7,0.828231374981717,0.1854304635761589,297423,0.7872514665351499,0.8767807726620537,0.0816697361052576,65,0.632998937178216,0.8987195704631268,0.3154648767857286,0.6222030039804275,80.22188003436199,77.10222084245487,3.119659191907118,As Expected,1,The Lion King (Reboot) Collection,0,2,1,Adventure,1,20.683566654054733,10600,9.268703615273097,-0.3113946759186899,-0.3066630091717621,9.268703615273097,-0.0357018262756604,-1.2674637738140997,0.0744802876864063,1.3403279984713938,21.228831185089795,0.0369380943195283,53.20174463431075,19.376192192825958,0.1844612143481256,0.0948517001387205,-1.2456217705449768,-0.0490804733728072,1.194219973083903,63.03724928366762,6.303724928366762,46.41833810888252,97.134670487106,,,
11,The Avengers,2012,1520591679,623357910.0,220000000,Science Fiction,MCU,Joss Whedon,Marvel Studios,0,0,4439368,119982.91891891892,225321,True,84,100,24718,125389,247.18,22316,24428.0,55.5394,8.003,37302,143.0,5.809782608695652,100,False,,0,0,0,1,40,81,8.0,1555308.0,69.0,tt0848228,30,30,33,True,2,5,marvelstudios,0.32,success,tt0848228,True,10797.0,1781.0,6.062324536777092,21.0,1.0,-0.0032444706083111,0.1094994510197073,1.0,0.0353733857383492,0.1734980348119034,2.246469833119384,0.3096919127086007,5.845695722793719,0.962772785622593,3.5301668806161746,7.862644415917844,672.0,0.3773161145423919,332.0,1.0,success,eOrNdBpGMv8,Marvel Entertainment,10.0,196.0,45828.0,,,,too_many_comments_to_reach_window,success,Marvel Entertainment,39905893,377575.0,45828.0,48003332,14,0.8216021097597697,0.2781456953642384,150107,0.7445371021085017,0.9947764975282024,0.1026605468662734,121,0.7258211959554243,0.8256993850644793,0.5,0.655938174451516,85.87773910697697,76.37103908149524,9.506700025481734,Overperformer,1,The Avengers Collection,0,6,0,Science Fiction,1,30.749282208020745,389000,12.871337193291367,-0.32712570857764,-0.503462437906385,12.871337193291367,-0.0122210844263398,0.8151799441099647,0.7927303640166887,1.057600974089395,21.142365359219244,0.6953148629430558,69.77180037693832,19.20913810886209,15.330905812698768,0.0160207052989153,0.8426543209606584,0.6753768313855565,0.8187279800618426,53.86819484240688,85.95988538681948,74.21203438395415,83.66762177650429,-0.9203889178449821,0.502103927026054,0.4006959137552393
12,Furious 7,2015,1515461453,515900338.0,190000000,Action,Fast & Furious,James Wan,Universal,1,0,3627877,98050.72972972972,457491,True,54,100,20423,140548,204.23,33766,168259.0,12.7135,7.218,11219,139.0,2.371621621621621,100,False,,0,0,0,0,36,36,7.1,437204.0,67.0,tt2820852,8,8,30,True,1,5,movies,0.32,success,tt2820852,True,8414.0,1462.0,5.755129958960328,16.0,0.0,-0.0024999301504089,0.1349513256967176,1.0,0.1231190150478796,0.1559507523939808,10.86065573770492,0.294672131147541,5.485006518904824,0.2049180327868852,7.786885245901639,4.918032786885246,623.0,0.4261285909712722,257.0,1.5,success,5Yab0sXGEjg,Rotten Tomatoes Trailers,10.0,150.0,2523.0,648.0,833.0,0.7779111644657863,success,success,The Fast Saga,76031234,380118.0,21044.0,106573111,11,0.8107663640059426,0.1788079470198675,160971,0.7489019269814251,0.8812474890317106,0.037038681167586,72,0.6482291342554843,0.5283208335737188,0.3154648767857286,0.5708445543808831,71.61139581072469,76.36976257419269,-4.758366763468004,As Expected,1,The Fast and the Furious Collection,6,12,0,Action,1,30.54433087710958,39000,10.5713425658087,0.4614305132536618,0.8672166405787952,10.5713425658087,-0.2405423193266526,-0.5144222089962598,0.3786971919528805,-0.0938197258033904,21.138985819628605,-0.1217168019831831,49.20871116037298,19.06253463538792,-4.573239980572282,-0.1680836382605075,-0.4898770979852792,0.2612897751549418,-0.2880911640548113,32.95128939828081,31.805157593123205,57.306590257879655,25.501432664756447,-1.009831907639175,0.4417771870187658,0.7260740022227875
13,Frozen II,2019,1450026015,477373578.0,150000000,Family,Frozen,Chris Buck,Disney,1,1,1112957,30079.91891891892,88997,True,71,100,17476,58346,174.76,25392,330457.0,14.3536,7.233,10230,103.0,8.83,100,False,,0,0,0,1,18,95,6.8,216694.0,64.0,tt4520988,10,10,33,True,1,6,movies,0.3,success,tt4520988,True,8409.0,1940.0,4.3345360824742265,15.0,0.0,-0.0073293244556131,0.1208298505237637,1.0,0.0675257731958762,0.134020618556701,0.0,0.1862814604750088,6.174008810572687,0.3544842254519674,9.039347749025168,2.304147465437788,489.0,0.2520618556701031,201.0,1.2,success,Zi4LMpSDccc,Walt Disney Animation Studios,9.0,161.0,0.0,,,,comments_disabled,success,Walt Disney Animation Studios,103222635,945544.0,0.0,195362378,7,0.7473385948232211,0.2350993377483443,75822,0.7018758546762571,0.8725275249057924,0.1603054043287743,113,0.7155741388486762,0.5765719364395496,0.3154648767857286,0.5773972118055821,72.70997946771209,76.02596725455908,-3.315987786846989,As Expected,1,Frozen Collection,1,3,1,Family,1,23.90296111309312,25200,10.134638955251866,-0.9510226453739452,-1.7513036234705175,10.134638955251866,-0.2229033316853809,-0.7668758686385607,0.3173605370158024,0.093003830750586,21.094847335286904,-0.1489109559884986,48.52428748503011,18.8261458587272,-4.331218711585855,-0.0911271272631957,-0.7467415906695881,0.2024358158197178,-0.0370500491906641,41.26074498567336,22.349570200573066,55.01432664756448,36.10315186246418,,,
14,Top Gun: Maverick,2022,1490212222,567915301.0,170000000,Action,Top Gun,Joseph Kosinski,Paramount,1,0,9908086,267786.1081081081,576039,True,44,100,26882,161746,268.82,34697,361743.0,29.0298,8.2,10774,131.0,9.875,100,False,,0,0,1,0,114,237,8.2,855273.0,78.0,tt1745960,10,10,29,True,3,4,movies,0.3,success,tt1745960,True,8913.0,1527.0,5.836935166994106,16.0,1.0,-0.0016434422377447,0.1198339254777991,1.0,0.1054354944335298,0.1257367387033398,11.29737609329446,0.276603498542274,4.862520458265139,0.7288629737609329,2.0043731778425657,11.84402332361516,636.0,0.4165029469548134,275.0,2.0,success,qSqVVswa420,Paramount Pictures,8.0,1037.0,36787.0,,,,too_many_comments_to_reach_window,success,Paramount Pictures,44764283,325893.0,21526.0,116038819,4,0.8646971880798531,0.1456953642384106,188628,0.7588059894345647,0.8774231775810586,0.1802506162932343,351,0.8859136446081977,0.5765719364395496,0.6309297535714573,0.6543790847760745,85.61635043270236,76.24303648960668,9.37331394309568,Overperformer,1,Top Gun Collection,1,2,0,Action,1,30.85380904297094,241000,12.392556361841775,1.0023054858184832,1.6992242349797873,12.392556361841775,0.4063878572595962,0.538401895694213,1.3479919421767497,0.093003830750586,21.122184378304993,0.6889800283674827,69.61236497909306,18.951309000896888,17.37871382943014,0.5821006469254375,0.5559984138544773,1.2310334740747426,0.0038709996770789,89.68481375358166,77.65042979942693,93.98280802292264,38.10888252148997,-0.9091168152300335,0.5363712463298024,0.42472530013507764
15,Barbie,2023,1444956839,636242439.0,145000000,Comedy,,Greta Gerwig,Warner Bros,0,0,29008463,784012.5135135135,9561981,True,82,100,33710,276634,337.1,51133,346698.0,25.0083,6.927,10977,114.0,3.2920353982300883,100,True,25.14581983149709,4629,187149,1,0,215,436,6.8,667737.0,80.0,tt1517268,2,2,14,True,6,4,shittymoviedetails,0.42,success,tt1517268,True,12448.0,2094.0,5.944603629417383,15.0,0.0,0.0063153245459835,0.1504288303960296,1.0,0.100764087870105,0.1432664756446991,1.4019346698443853,0.2503855320342072,5.486117232260908,0.280386933968877,9.39296228795738,1.6823216038132622,740.0,0.3533906399235912,292.0,1.3333333333333333,success,pBk4NYhWNMM,Warner Bros.,10.0,54.0,36766.0,,,,too_many_comments_to_reach_window,success,Warner Bros.,90955023,903516.0,36765.0,131648348,3,0.9223604274786276,0.271523178807947,310344,0.7899078791005211,0.8791869698227709,0.0546059997029592,651,0.97904518943322,0.2641604167868594,0.8856218745807111,0.6758680242292765,89.21907161270727,76.0016418709306,13.21742974177667,Overperformer,0,,0,0,0,Comedy,0,23.45758354755784,1510000,14.227620871042545,-0.3507766079027202,-0.5495425059564383,14.227620871042545,0.3541071838587808,1.5992329486748131,1.252798106717715,-1.116623053265781,21.091345289552624,0.6066152333244618,67.53940416070584,18.7922443072814,15.561276918642974,0.5448300812729445,1.6154743356852452,1.1377368258608125,-1.1873284938002249,88.82521489971347,92.55014326647564,91.69054441260744,15.472779369627506,-1.2699126049029734,0.3290324108051801,0.6701244524104372
16,Avengers: Age of Ultron,2015,1405403694,459005868.0,250000000,Action,MCU,Joss Whedon,Marvel Studios,1,0,2950625,79746.62162162163,117227,True,73,100,27302,219737,273.02,36676,99861.0,20.7453,7.3,24285,141.0,4.445945945945946,100,False,,0,0,0,0,8,52,7.3,998463.0,66.0,tt2395427,38,38,26,True,4,6,shittymoviedetails,0.24,success,tt2395427,True,10428.0,1826.0,5.710843373493976,19.0,0.0,-0.0075694006006163,0.1207996382779072,1.0,0.0498357064622124,0.1527929901423877,2.5100401606425704,0.3068942436412316,5.134416543574594,0.502008032128514,3.514056224899598,8.701472556894243,807.0,0.4419496166484118,307.0,1.125,success,u1OKBqHICMQ,Rotten Tomatoes Trailers,10.0,180.0,3948.0,1706.0,1954.0,0.8730808597748209,success,success,Rotten Tomatoes Trailers,12359972,36910.0,3396.0,12719179,11,0.7996747760396465,0.2417218543046357,247039,0.7756572800755305,0.9542199435473802,0.0766299140208719,60,0.6210962351606106,0.8809003698103748,0.7324867603589634,0.6657719189433191,87.5264123528824,75.6503133828466,11.876098970035798,Overperformer,1,The Avengers Collection,1,6,0,Action,1,29.439969313387035,78800,11.274680966120778,0.0599601203415479,0.2767662053159768,11.274680966120778,-0.1893238173992211,-0.1078298455868051,0.2304723375087913,1.2713337943357292,21.063590425863644,0.2982191439434375,59.777677691323085,19.33697147982652,6.086761831677528,-0.116177110948063,-0.0842457057797168,0.117924593178903,1.0860963450259602,38.96848137535817,50.429799426934096,52.43553008595988,95.12893982808023,-0.4834301949101237,0.7086181561489314,0.2613924709588158
17,Black Panther,2018,1350821664,700059566.0,200000000,Action,MCU,Ryan Coogler,Marvel Studios,0,0,4650432,125687.35135135136,211580,True,69,100,131702,418107,1317.02,57559,284054.0,15.2595,7.362,23365,135.0,4.464285714285714,100,True,28.485601823078515,4827,224168,3,0,125,289,7.3,907405.0,88.0,tt1825683,0,0,64,True,5,3,shittymoviedetails,0.42,success,tt1825683,True,7883.0,1574.0,5.0082592121982215,13.0,1.0,-0.0014535073143713,0.1707112902175002,1.0,0.1454891994917408,0.1365946632782719,3.43878954607978,0.326685006877579,4.783373786407767,0.687757909215956,6.189821182943604,13.067400275103164,777.0,0.4936467598475222,281.0,1.5,success,xjDjIWPwcPU,Marvel Entertainment,10.0,119.0,53875.0,,,,too_many_comments_to_reach_window,success,Marvel Entertainment,55843192,569266.0,53876.0,147364160,8,0.8240953664698367,0.2284768211920529,549809,0.8256313482707416,0.950570567596217,0.076979952840887,414,0.9107895832186528,0.0,0.8154648767857287,0.6281735231114697,81.22286548438265,75.34392238252096,5.878943101861694,Overperformer,1,Black Panther Collection,0,2,0,Action,1,35.646327540276545,66400,11.103467395592086,0.9783848504434196,1.816653886790213,11.103467395592086,-0.0685198630052707,-0.2068065689651164,1.3231803755592115,-2.1394263807281715,21.023978884990836,-0.2318087557554358,46.4379119800876,19.11382792951231,-6.550312552524943,0.049174372182341,-0.1866134992029172,1.212914110674281,-2.2757209016318387,57.879656160458445,44.985673352435526,92.55014326647564,1.4326647564469914,,,
18,Harry Potter and the Deathly Hallows – Part 2,2011,1342025430,380674993.0,250000000,Adventure,Harry Potter,David Yates,Warner Bros,1,0,3131083,84623.86486486487,129688,True,72,100,54527,1316505,545.27,111409,12445.0,22.8262,8.081,21855,130.0,8.760204081632653,100,False,,0,0,0,3,49,96,8.1,1035967.0,85.0,tt1201607,27,27,51,True,3,7,shittymoviedetails,0.18,success,tt1201607,True,5522.0,927.0,5.9568500539374325,17.0,1.0,-0.0069626814724853,0.150599731233119,1.0,0.058252427184466,0.2006472491909385,1.8732438339057136,0.3406181704651889,4.997285067873303,0.9366219169528568,2.497658445207618,15.922572588198562,378.0,0.4077669902912621,268.0,1.3333333333333333,success,PUXpgitNeOU,Movieclips,10.0,-53.0,70.0,0.0,0.0,0.0,success,success,Warner Bros.,14123936,85875.0,25398.0,28210931,15,0.8028612261517825,0.23841059602649,1371032,0.8827093108510425,0.9442574103445638,0.1589732565908883,145,0.752954095050298,0.801225820342934,0.6309297535714573,0.6897892005932282,91.55302192450448,75.24272361027755,16.31029831422694,Strong Overperformer,1,Harry Potter Collection,7,8,0,Adventure,1,48.5331401666063,10600,9.268703615273097,0.9150223516464924,1.4189348676673688,9.268703615273097,0.046077172716177,-1.2674637738140997,1.115400223529305,0.962841722356916,21.017445825390865,0.2616249263583137,58.85667279846959,19.33697147982652,4.34832324322317,0.0607302397528429,-1.2406195270289293,1.0061890545064904,0.7242045691058367,59.02578796561605,6.59025787965616,86.53295128939828,78.79656160458453,,,
19,Star Wars: The Last Jedi,2017,1332459537,620181382.0,200000000,Adventure,Star Wars,Rian Johnson,Lucasfilm,1,0,2966270,80169.45945945945,158570,True,57,100,134918,289810,1349.18,64509,181808.0,40.4235,6.755,16234,152.0,2.6451612903225805,100,False,,0,0,0,0,0,0,4.3,72.0,,tt7769872,13,13,20,True,4,5,shittymoviedetails,0.26,success,tt2527336,True,8111.0,1555.0,5.216077170418006,17.0,1.0,-0.0180905866195255,0.1825199171698003,1.0,0.1099678456591639,0.1266881028938906,1.273074474856779,0.3142372162104817,5.1109010712035285,0.6365372374283895,2.121790791427965,9.972416719711436,714.0,0.4591639871382637,281.0,2.0,success,J-qnbOVhM_U,Rotten Tomatoes Trailers,10.0,63.0,2077.0,1332.0,1357.0,0.9815770081061164,success,success,Star Wars,59175457,794400.0,85948.0,106240464,9,0.7999586409791983,0.1887417218543046,424728,0.8095075782935057,0.9161622358223708,0.0422595487971829,0,0.0,0.6345591536762674,0.7324867603589634,0.5733141859054498,72.02544108363081,75.22303082823765,-3.1975897446068444,As Expected,1,Star Wars Collection,7,9,0,Adventure,1,34.644310196030084,50300,10.825780236605915,1.35190579650442,2.331667299106959,10.825780236605915,-0.2796590079639731,-0.3673345284943371,-2.175411318076455,0.3175246710090036,21.01029234806481,-0.707336577907749,34.46980664018035,19.11382792951231,-18.72017985707702,-0.1765685591405707,-0.3463538402906497,-2.2847048341742364,0.1681378866862764,31.805157593123205,37.249283667621775,0.2865329512893982,47.56446991404012,,,
20,Aquaman,2018,1148161807,335061007.0,160000000,Action,DC Extended,James Wan,Warner Bros,0,0,5054873,136618.1891891892,770647,True,56,100,37776,309509,377.76,76628,297802.0,19.6144,6.867,14833,143.0,6.205357142857143,100,False,,0,0,0,0,3,36,6.8,550663.0,55.0,tt1477834,0,0,127,True,4,6,shittymoviedetails,0.22,success,tt1477834,True,7105.0,1134.0,6.265432098765432,16.0,0.0,-0.009341129182399,0.1410127626856316,1.0,0.1155202821869488,0.1269841269841269,6.193548387096774,0.3553548387096774,5.881622516556291,0.0,6.967741935483871,15.225806451612904,421.0,0.3712522045855379,209.0,1.5,success,WDkg3h8PCVU,Warner Bros.,10.0,138.0,84354.0,,,,too_many_comments_to_reach_window,success,Warner Bros.,66939822,675265.0,84354.0,83337494,8,0.8285717435827991,0.1854304635761589,347285,0.7969330401775263,0.907633917027734,0.1102106118725829,39,0.5573387110898962,0.0,0.7324867603589634,0.5744110031445987,72.2093276224096,73.95162340623224,-1.742295783822641,As Expected,1,Aquaman Collection,0,2,0,Action,1,29.415904292751584,274000,12.520887034998584,0.163554923651405,0.2688489676561891,12.520887034998584,0.0421395491719666,0.6125884773931521,-0.2607102477919671,-2.1394263807281715,20.861428072646778,-0.428553933497659,41.48622061178845,18.8906843794481,-11.305733854600057,0.1613171519721388,0.6307097143545451,-0.3604991656141549,-2.2562438199715102,67.90830945558739,80.51575931232091,35.53008595988539,1.7191977077363898,,,
21,Incredibles 2,2018,1242805359,608581744.0,200000000,Action,Incredibles,Brad Bird,Pixar,1,1,2498264,67520.64864864865,103900,True,52,100,51977,459418,519.77,60232,260513.0,12.6019,7.451,13607,118.0,3.267857142857143,100,False,,0,0,0,1,14,81,7.5,366471.0,80.0,tt3606756,25,25,62,True,0,3,movies,0.42,success,tt3606756,True,10827.0,2022.0,5.35459940652819,13.0,0.0,-0.0045572119385175,0.1372850352224326,1.0,0.1498516320474777,0.16864490603363,0.4778591908251035,0.2989805670595731,4.750767880649407,1.4335775724753106,9.238611022618668,3.0264415418923223,918.0,0.4540059347181009,327.0,1.3333333333333333,success,i5qOzqD9Rms,Pixar,10.0,61.0,0.0,,,,comments_disabled,success,Pixar,166595914,488933.0,0.0,259220509,8,0.7907415781971681,0.1721854304635761,511395,0.8211070405763985,0.899482042630465,0.0541445256088498,95,0.689609939723341,0.7834066196901821,0.0,0.5822525795663548,73.52400457614256,74.60777384276085,-1.0837692666182903,As Expected,1,The Incredibles Collection,1,3,1,Action,1,30.202272097533942,47100,10.76004951120163,0.3848130436677969,0.8160247700349017,10.76004951120163,-0.2931825024364984,-0.4053327537851608,0.6524843581773907,0.8938475182212519,20.940637048315836,0.2099322147941187,57.55566833882397,19.11382792951231,4.668073926526134,-0.1747277261017078,-0.3862019386399193,0.5475899603111384,0.7675391409438923,32.09169054441261,36.10315186246418,68.76790830945558,81.9484240687679,-0.2464303616801966,0.8964094398661483,0.26168659625391677
22,The Fate of the Furious,2017,1236005118,401715658.0,250000000,Action,Fast & Furious,F. Gary Gray,Universal,1,0,3207116,86678.81081081081,484739,True,50,100,18621,103550,186.21,23754,337339.0,8.2613,6.856,10761,136.0,2.8225806451612905,100,False,,0,0,0,0,2,16,6.6,273831.0,56.0,tt4630562,9,9,14,True,0,2,movies,0.6800000000000002,success,tt4630562,True,9129.0,1516.0,6.021767810026385,16.0,0.0,-0.0046613200636947,0.137161099002763,1.0,0.0996042216358839,0.1497361477572559,12.502332524724762,0.3028550102631088,5.610940381069453,1.1196118678857996,3.732039559619332,6.904273185295764,604.0,0.3984168865435356,325.0,1.5,success,KBpNzmPAywk,Rotten Tomatoes Trailers,10.0,-2129.0,60.0,39.0,39.0,1.0,success,success,The Fast Saga,21349597,164665.0,18253.0,33592038,9,0.8041491379978429,0.1655629139072847,122171,0.7316738171619231,0.877309095840333,0.0456458326621167,18,0.4448640423045896,0.5536546824812272,0.0,0.5158682477515084,62.394360939207125,74.51581734551104,-12.121456406303912,Underperformer,1,The Fast and the Furious Collection,7,12,0,Action,1,35.600832511775664,9200,9.12706745278236,0.5389599176024183,0.8880978131375719,9.12706745278236,-0.2500523258271137,-1.3493421157698382,-0.4875746737136057,0.0042704622543304,20.935150337559094,-0.550557570509864,38.415627658877725,19.33697147982652,-14.683629501715693,-0.1462761638834905,-1.329319169209144,-0.5920248493708962,-0.1361126938881617,35.53008595988539,4.584527220630372,24.92836676217765,30.37249283667622,-1.3796599634929088,0.3394694448756803,0.9014903021567534
23,Frozen,2013,1290000000,400721099.0,150000000,Animation,Frozen,Chris Buck,Disney,0,1,4598666,124288.27027027028,248120,True,24,100,18251,264542,182.51,57198,109445.0,20.2513,7.248,17491,102.0,10.05232558139535,100,True,34.55134135060129,4324,178144,2,0,83,60,7.4,708011.0,75.0,tt2294629,30,30,42,True,3,5,moviedetails,0.28,success,tt2294629,True,8138.0,1672.0,4.867224880382775,16.0,1.0,-0.0020788480193384,0.1813338935327081,1.0,0.1901913875598086,0.1543062200956937,0.0,0.2514805414551607,4.781433607520564,0.6345177664974618,25.592216582064296,1.9035532994923856,622.0,0.3720095693779904,216.0,1.3333333333333333,success,R-cdIvgBCWY,Rotten Tomatoes Trailers,10.0,54.0,0.0,,,,comments_disabled,success,Walt Disney Animation Studios,49464447,71426.0,3458.0,115127746,13,0.8234944987777814,0.0794701986754966,282793,0.7841006893418603,0.923209437701555,0.1836351103675418,143,0.7508701146778002,0.8256993850644793,0.6309297535714573,0.6609004376297615,86.70968573198175,74.993056497465,11.716629234516745,Overperformer,1,Frozen Collection,0,3,1,Animation,1,26.542147947898748,2400000,14.690979711984754,-0.1402510219686022,-0.1913996505695147,14.690979711984754,0.2131749038254756,1.867095710272594,0.8040580222709763,1.057600974089395,20.977908056095185,1.0418803052406798,78.49417481512836,18.8261458587272,24.47013989963521,0.2576461426778437,1.8915118909728668,0.6972141494139261,0.8531657050624538,77.07736389684814,94.84240687679085,75.93123209169055,85.38681948424069,-0.6140957800803387,0.5754647086626908,0.3519851238600849
25,Minions,2015,1159398499,336045770.0,74500000,Family,Minions,Pierre Coffin,Illumination,0,1,3048813,82400.35135135135,235332,True,64,100,13401,64834,134.01,9686,211672.0,7.1211,6.42,11052,91.0,4.283783783783784,100,False,,0,0,0,0,4,29,6.4,281964.0,56.0,tt2293640,13,13,39,True,6,5,shittymoviedetails,0.4,success,tt2293640,True,5323.0,1089.0,4.887970615243343,15.0,4.0,-0.0003931814537875,0.15247844211438,1.0,0.1891643709825528,0.1175390266299357,0.3034901365705614,0.3368740515933232,3.300061996280223,1.2139605462822458,7.890743550834597,2.1244309559939305,557.0,0.5114784205693297,299.0,1.0833333333333333,success,eisKxhjBnZ0,Rotten Tomatoes Trailers,10.0,224.0,0.0,,,,comments_disabled,success,Rotten Tomatoes Trailers,30875029,81179.0,0.0,77567086,11,0.8014319536665896,0.2119205298013245,78235,0.7038327980833008,0.879830378143343,0.0735348339281069,33,0.532784346595013,0.6345591536762674,0.8856218745807111,0.6228780620224547,80.33505667162882,74.18663241644936,6.148424255179464,Overperformer,1,Minions Collection,0,3,1,Family,1,56.1713319556641,314000,12.657151449598697,1.414756006448714,2.411993473058641,12.657151449598697,-0.1889588510966182,0.6913614696772112,-0.3438495452740262,0.3175246710090036,20.871167173096428,0.0997575533640277,54.78278756853416,18.126309696772605,1.3242109019018429,-0.1140561742080176,0.7124930298818235,-0.4439944896848546,0.1553436638876645,39.82808022922636,83.0945558739255,31.51862464183381,46.99140401146132,,,
26,Captain America: Civil War,2016,1153304495,408084349.0,250000000,Adventure,MCU,Anthony & Joe Russo,Marvel Studios,1,0,3164725,85533.1081081081,164265,True,64,100,23851,259685,238.51,70730,271110.0,20.2249,7.447,23906,147.0,3.411764705882353,100,False,,0,0,0,0,16,73,7.8,924967.0,75.0,tt3498820,10,10,32,True,2,5,moviedetails,0.26,success,tt3498820,True,10098.0,1865.0,5.414477211796247,16.0,0.0,-0.0025124644494617,0.1374127986418085,1.0,0.0423592493297587,0.1490616621983914,4.609081597814954,0.3303175145100717,5.170506912442396,0.1707067258449983,3.7555479685899615,9.730283373164903,838.0,0.4493297587131367,390.0,1.5,success,QGfhS1hfTWw,Rotten Tomatoes Trailers,10.0,47.0,15183.0,,,,too_many_comments_to_reach_window,success,Marvel Entertainment,90875622,820525.0,124906.0,117788762,10,0.8034348979657543,0.2119205298013245,283536,0.7842645939746242,0.95273358993233,0.0568911924488754,89,0.6798590609988147,0.5765719364395496,0.5,0.6153375293501652,79.070851110152,73.90411202407452,5.1667390860774844,Overperformer,1,Captain America Collection,2,4,0,Adventure,1,38.6215092097445,116000,11.661354090741,0.8952878970540982,1.5565745158873288,11.661354090741,-0.2235462916974172,0.1157017283134616,0.6571857546663132,0.093003830750586,20.865897133567135,0.1661386602007459,56.45347021251836,19.33697147982652,3.219544405779168,-0.1338668390196185,0.1358040542007572,0.5572899232836025,-0.0538135075843729,37.249283667621775,62.46418338108882,69.34097421203438,34.95702005730659,,,
27,Beauty and the Beast (2017),2017,1263521126,504014061.0,160000000,Family,,Bill Condon,Disney,0,0,3129033,84568.45945945945,150295,True,54,100,47089,246643,470.89,52716,321612.0,13.9292,6.968,15962,129.0,3.403225806451613,100,False,,0,0,0,2,17,81,7.1,356758.0,65.0,tt2771200,28,28,30,True,1,5,movies,0.4,success,tt2771200,True,8910.0,1784.0,4.994394618834081,14.0,0.0,0.0012276027410556,0.1740435896849973,1.0,0.1451793721973094,0.1149103139013452,0.1961938395134392,0.3103786541102609,5.995962314939435,2.158132234647832,17.853639395722972,4.904845987835982,675.0,0.3783632286995516,280.0,1.3333333333333333,success,iSGUAlTDyO8,Rotten Tomatoes Trailers,10.0,121.0,0.0,,,,comments_disabled,success,Rotten Tomatoes Trailers,5040164,38230.0,0.0,10434089,9,0.8028260700638225,0.1788079470198675,293732,0.7864714220815584,0.9145655911301,0.0567282162200818,98,0.6942591121326752,0.8096634991879288,0.3154648767857286,0.6148084226767142,78.98214390228468,74.79728462429759,4.184859277987087,As Expected,0,,0,0,0,Family,0,31.42536475869809,6130,8.721113147762688,0.0867882251367243,0.1507580879417086,8.721113147762688,-0.2269697110455936,-1.584019932651375,0.3677711176825919,0.995511590551752,20.957168205665788,-0.1149827512722787,49.37819404763624,18.8906843794481,-3.747648328798896,-0.1233944745355387,-1.563716351742015,0.261901762124513,0.8524902204937691,38.10888252148997,3.43839541547278,57.59312320916905,85.10028653295129,,,
28,Rogue One: A Star Wars Story,2016,1056057273,532177430.0,200000000,Action,Star Wars,Gareth Edwards,Lucasfilm,0,0,4390288,118656.43243243244,740942,True,52,100,25340,177603,253.4,89701,330459.0,9.4389,7.505,16293,133.0,5.014705882352941,100,False,,0,0,0,2,24,85,7.8,748381.0,65.0,tt3748528,6,6,24,True,1,5,movies,0.32,success,tt3748528,True,8057.0,1559.0,5.168056446440025,16.0,0.0,-0.0086445991112443,0.1474275916604006,1.0,0.1250801796023091,0.1289288005131494,0.0,0.3006121556624399,4.689755529685681,0.4372540445999126,1.9676432006996063,14.210756449497158,786.0,0.504169339320077,234.0,1.5,success,uKDdMAI-onI,Rotten Tomatoes Trailers,9.0,250.0,2667.0,1335.0,1407.0,0.9488272921108742,success,success,Star Wars,46741536,419859.0,78758.0,119429307,10,0.8210053571458905,0.1721854304635761,202943,0.7633752371147905,0.9165050349575982,0.0874854522874081,109,0.7101776301343986,0.4678924870096007,0.3154648767857286,0.5838472100159672,73.79135182739293,73.16952648260445,0.6218253447884763,As Expected,0,,0,0,0,Action,0,29.04306813950602,23600,10.069044362997351,0.7592042508303343,1.539828405022757,10.069044362997351,-0.0556499774656117,-0.8047953968198868,0.6069536076203835,-0.3277923803389092,20.777808257502148,-0.1232599796523041,49.16987239628418,19.11382792951231,-3.957691533269916,0.0348333357644497,-0.7858158301497601,0.5127356176067228,-0.4640547776819229,56.73352435530086,21.20343839541547,67.621776504298,22.063037249283667,,,
29,Finding Dory,2016,1028551760,486295808.0,200000000,Adventure,Finding Nemo,Andrew Stanton,Pixar,1,1,1778765,48074.72972972973,78958,True,64,100,18229,86085,182.29,27298,127380.0,7.7441,7.039,12605,97.0,2.838235294117647,100,False,,0,0,0,0,17,48,7.2,331036.0,77.0,tt2277860,14,14,93,True,0,3,digitalcodesell,0.38,success,tt2277860,True,11268.0,1574.0,7.158831003811944,17.0,0.0,-0.0039077713422769,0.1258993155040685,1.0,0.2687420584498094,0.2674714104193138,0.0,0.1723202170963365,3.7509986684420777,1.8091361374943464,6.633499170812604,1.206090758329564,419.0,0.2662007623888183,211.0,1.5,success,oP0WR2Ql9yI,Rotten Tomatoes Trailers,10.0,105.0,0.0,,,,comments_disabled,success,TheEllenShow,32602320,196288.0,0.0,40012198,10,0.7725082960671241,0.2119205298013245,104314,0.7218032967231889,0.8922542778042754,0.045944622414905,65,0.632998937178216,0.6511484326014197,0.0,0.5422889985380767,66.82392335003226,72.93642087449439,-6.112497524462128,Underperformer,1,Finding Nemo Collection,1,2,1,Adventure,1,18.725594604188853,24900,10.122663242288953,-0.7522761904977179,-1.366397694919195,10.122663242288953,-0.4045656558975915,-0.7737988994796802,0.4732014737084517,0.3817567383688079,20.751417592480294,-0.0998805699203114,49.75828641839311,19.11382792951231,-3.337412413122763,-0.3138415130020068,-0.7551557017556011,0.3806845158376836,0.2486565100133785,19.484240687679083,21.776504297994272,61.891117478510026,53.00859598853869,-0.29681173289623025,0.8098240786544645,0.24235686184660274
30,Iron Man 3,2013,1215439994,408992272.0,200000000,Action,MCU,Shane Black,Marvel Studios,1,0,2350536,63528.0,95137,True,63,100,15962,87281,159.62,13571,68721.0,21.6009,6.931,23309,130.0,4.011627906976744,100,False,,0,0,0,1,20,63,7.1,957295.0,62.0,tt1300854,10,10,17,True,1,7,digitalcodesell,0.22,success,tt1300854,True,11075.0,1815.0,6.101928374655647,19.0,0.0,0.0057213034898985,0.1226477270345893,1.0,0.0501377410468319,0.2088154269972451,3.0868961259453616,0.3068374749189689,4.827811682650393,0.9260688377836086,2.778206513350826,8.334619540052476,680.0,0.3746556473829201,316.0,1.25,success,aV8H7kszXqo,Rotten Tomatoes Trailers,10.0,176.0,5827.0,,,,too_many_comments_to_reach_window,success,Marvel UK,31346276,103820.0,6417.0,38022407,13,0.7874697387598064,0.2086092715231788,103243,0.7211586463229723,0.9503438148547204,0.0683403778034276,83,0.6694351914885097,0.5765719364395496,0.3154648767857286,0.5806022239060672,73.24731473275557,74.41110917531472,-1.163794442559151,As Expected,1,Iron Man Collection,2,3,0,Action,1,28.532731376975168,139000,11.842236406331557,-0.1428712563909366,-0.2026830406883795,11.842236406331557,-0.2713562268048538,0.220267849205349,0.3061724704540274,0.093003830750586,20.91837198398605,0.0774690272760927,54.22182895441076,19.11382792951231,0.269680168842612,-0.2263416877999226,0.2439251977272515,0.2031660443697412,-0.1042977369956108,28.653295128939828,66.189111747851,55.30085959885387,31.805157593123205,-0.32234225849661285,0.7931702851732609,0.24265619801818283
31,Toy Story 4,2019,1074251311,433038290.0,200000000,Family,Toy Story,Josh Cooley,Pixar,1,1,3006879,81267.0,133922,True,74,100,49708,476744,497.08,95740,301528.0,14.6044,7.466,10449,100.0,5.36,100,False,,0,0,1,0,61,65,7.6,310352.0,84.0,tt1979376,2,2,86,True,0,3,movies,0.4599999999999999,success,tt1979376,True,9113.0,1806.0,5.0459579180509415,13.0,0.0,-0.0025463861842599,0.1604243703070283,1.0,0.2408637873754152,0.2270210409745293,0.0,0.2283801376232099,4.00923889133304,2.045750418448949,5.579319323042588,0.7439092430723452,819.0,0.4534883720930232,274.0,1.3333333333333333,success,wmiIUN-7qhE,Pixar,10.0,91.0,0.0,,,,comments_disabled,success,Pixar,70583896,1109891.0,0.0,156200415,7,0.8006885263816497,0.2450331125827814,526452,0.8229196626019138,0.8745289841761229,0.0940758488104241,126,0.7318897298295294,0.2641604167868594,0.0,0.5456904470152845,67.39419209215512,73.32040573477093,-5.926213642615807,Underperformer,1,Toy Story Collection,3,5,1,Family,1,30.06693734225832,107000,11.580593459194764,0.3769517361510419,0.8032218673759585,11.580593459194764,-0.1377875893974759,0.0690148759586718,0.9452003939558504,-1.116623053265781,20.79488980193583,-0.0371305787493786,51.33758098209043,19.11382792951231,-1.1557450193838292,-0.0032741037295056,0.0853259687495212,0.8496096836803104,-1.210735572549026,52.14899713467048,60.17191977077364,81.66189111747852,15.18624641833811,,,
32,Doctor Strange in the Multiverse of Madness,2022,955841637,411051477.0,200000000,Fantasy,MCU,Sam Raimi,Marvel Studios,1,0,5108932,138079.24324324325,260895,True,54,100,38277,177852,382.77,43868,453395.0,19.1796,7.225,10212,126.0,5.0,100,False,,0,0,0,0,10,31,6.9,543288.0,60.0,tt9419884,9,9,43,True,4,4,shittymoviedetails,0.3,success,tt9419884,True,6490.0,1249.0,5.196156925540432,17.0,1.0,-0.0005031830992599,0.1956817908799322,1.0,0.0680544435548438,0.1705364291433146,5.261700360011077,0.3284408751038493,4.682539682539683,0.2769315978953198,6.646358349487676,8.307947936859597,607.0,0.4859887910328263,221.0,1.5,success,aWzlQ2N6qqg,Marvel Entertainment,10.0,79.0,85740.0,,,,too_many_comments_to_reach_window,success,Marvel Entertainment,66346996,2101471.0,85739.0,109500168,4,0.8291427551141687,0.1788079470198675,216129,0.7673074609998167,0.8723611205510945,0.0872047710044858,41,0.5647102306936961,0.5536546824812272,0.7324867603589634,0.6182125944337306,79.5528692150013,72.28884008346708,7.264029131534215,Overperformer,1,Doctor Strange Collection,1,2,0,Fantasy,1,34.05238828967642,49600,10.811766273800105,0.8786177966103077,1.6506743757196438,10.811766273800105,-0.016456218377874,-0.3754358496441825,-0.0119919507162064,0.0042704622543304,20.67810280666648,-0.0912823855006311,49.974685905600666,19.11382792951231,-1.7227641742707291,0.1633090654662754,-0.3634994863184988,-0.1003267737983613,-0.0316518501516795,68.19484240687679,36.67621776504298,44.985673352435526,36.67621776504298,-0.99604769363932,0.5065296514219289,0.3694697453567315
33,Thor: Love and Thunder,2022,943139099,343261365.0,250000000,Fantasy,MCU,Taika Waititi,Marvel Studios,1,0,4885030,132027.83783783784,286694,True,50,100,36861,251395,368.61,27026,616037.0,14.2384,6.372,8484,119.0,4.90625,100,False,,0,0,0,0,5,24,6.1,459337.0,57.0,tt10648342,7,7,36,True,3,4,marvelstudios,0.26,success,tt10648342,True,9414.0,1789.0,5.262157629960872,14.0,1.0,-0.0061642738976444,0.1609218023047285,1.0,0.0933482392397987,0.1430967020681945,3.1722336256764323,0.279156559059526,5.074932614555256,1.1196118678857996,13.808546370591529,11.755924612800897,771.0,0.4309670206819452,272.0,1.0,success,Go8nTmfrQd8,Marvel Entertainment,10.0,42.0,58489.0,,,,too_many_comments_to_reach_window,success,Marvel Entertainment,60621159,1598263.0,58489.0,60621750,4,0.8267371626494594,0.1655629139072847,288256,0.7852958933871546,0.8548446126831346,0.085415427825856,29,0.5138739252495418,0.5,0.6309297535714573,0.5974692745310503,76.07515463910268,72.12717662349596,3.947978015606722,As Expected,1,Thor Collection,3,4,0,Fantasy,1,28.89313787975356,97800,11.49069008091951,-0.1558014786548885,-0.0883754382586854,11.49069008091951,-0.0330396436635581,0.0170427000683599,-0.4044942544725703,-0.2034752266844336,20.664724337672844,-0.1603211128223424,48.23711615125993,19.33697147982652,-3.4441802536005994,0.1468477262367889,0.0288085447083114,-0.4919667572698054,-0.2377945109091528,65.61604584527221,56.16045845272206,29.512893982808023,27.50716332378224,-0.9991037491448683,0.5047803236066074,0.3925579120761866
34,Ant-Man and the Wasp: Quantumania,2023,476471457,476471457.0,325000000,Action,MCU,Jon Watts,Marvel Studios,1,0,6438140,174003.7837837838,1257119,True,47,100,32360,92407,323.6,32835,640146.0,12.1827,6.23,5753,125.0,4.429203539823009,100,False,,0,0,0,0,0,14,6.0,268749.0,48.0,tt10954600,6,6,18,True,1,5,boxoffice,0.24,success,tt10954600,True,7639.0,1558.0,4.903080872913992,15.0,0.0,-0.0066292999540753,0.1575797142493605,1.0,0.0892169448010269,0.2034659820282413,6.552773227240814,0.2361338637959279,4.335414301929625,0.468055230517201,7.020828457758015,9.12707699508542,773.0,0.4961489088575096,178.0,1.25,success,ZlNFpri-Y40,Marvel Entertainment,10.0,113.0,39962.0,,,,too_many_comments_to_reach_window,success,Marvel Entertainment,35355870,1012339.0,39963.0,62382551,3,0.8415558346187809,0.1556291390728476,124767,0.7329872314755438,0.8181407011972877,0.076310362978846,14,0.4091489644547281,0.4678924870096007,0.3154648767857286,0.5391672663687688,66.30055035486137,66.04489517375754,0.2556551811038332,As Expected,1,Ant-Man Collection,2,3,0,Action,1,23.301479251210893,32000,10.373522431293592,0.2034459769790486,0.6782636883738924,10.373522431293592,0.0153987500902703,-0.6287799008083175,-0.9677873702194804,-0.3277923803389092,19.98191837999902,-0.4924370176619963,39.87840831332727,19.599335743370936,-10.760154457363235,0.2162457922097317,-0.6266789971837518,-1.0113396219640836,-0.2655646278493485,74.49856733524355,26.64756446991404,14.040114613180515,26.36103151862464,,,
35,Shrek Forever After,2010,752374151,325009553.0,165000000,Comedy,Shrek,Mike Mitchell,DreamWorks,1,1,2000174,54058.75675675676,118073,True,52,100,8187,19014,81.87,5877,10192.0,13.9148,6.393,7889,93.0,4.283653846153846,100,False,,0,0,0,0,1,13,6.3,243636.0,58.0,tt0892791,30,30,46,True,2,8,shittymoviedetails,0.14,success,tt0892791,True,6859.0,1032.0,6.646317829457364,17.0,1.0,0.0011585699855193,0.1269969099105249,1.0,0.3527131782945736,0.2073643410852713,0.4991265285749938,0.3077115048664836,4.909806728704367,1.7469428500124782,15.9720489143998,2.495632642874969,343.0,0.3323643410852713,214.0,1.0,success,uiMYWlK8cu8,wrfilmshd,10.0,109.0,0.0,,,,comments_disabled,success,Universal Kids,1074784,1059.0,0.0,2642786,16,0.7788055620296453,0.1721854304635761,27201,0.6378414356025334,0.8479741680959814,0.0735323538959813,14,0.4091489644547281,0.8256993850644793,0.5,0.5661834297239104,70.82993646691253,70.21211015582702,0.6178263110855085,As Expected,1,Shrek Collection,3,5,1,Comedy,1,31.199883364922,17400,9.76428295481558,-0.5154231461626533,-0.9146676255732982,9.76428295481558,-0.3000283114426169,-0.9809746885713944,-0.6391317880325047,1.057600974089395,20.43874430073405,-0.2551725684971686,45.849890503722,18.92145603792546,-8.178000315698235,-0.2948229511337378,-0.960544365851026,-0.710951699884609,0.8735724990303563,21.776504297994272,17.191977077363894,21.20343839541547,86.24641833810888,-0.3151243741878215,0.7583771508694923,0.3436990983224484
36,Shrek the Third,2007,799101703,322019694.0,160000000,Fantasy,Shrek,Chris Miller,DreamWorks,1,1,1697850,45887.83783783784,85334,True,52,100,7773,29654,77.73,5883,810.0,11.5553,6.305,9715,93.0,2.528688524590164,100,True,26.286890871654084,4371,247824,0,0,5,17,6.1,357973.0,58.0,tt0413267,28,28,35,True,1,9,shrek,0.12,success,tt0413267,True,6761.0,1090.0,6.202752293577982,18.0,0.0,0.0027571651080825,0.1224390104591245,1.0,0.2522935779816513,0.1871559633027523,0.0,0.3581938102486047,4.971323529411765,1.7757483510908167,13.6986301369863,3.2978183663115166,427.0,0.391743119266055,288.0,1.0,success,_MoIr7811Bs,Rotten Tomatoes Classic Trailers,9.0,-4003.0,0.0,,,,comments_disabled,success,Rotten Tomatoes Classic Trailers,1308004,4145.0,0.0,1581878,19,0.7700092180790441,0.1721854304635761,37427,0.6577760672491545,0.8676468024680255,0.0400365114760155,22,0.4737298485009811,0.8096634991879288,0.3154648767857286,0.5534297539538652,68.69172308882926,70.75032857398261,-2.0586054851533504,As Expected,1,Shrek Collection,2,5,1,Fantasy,1,42.59724892767342,16600,9.717218213494077,0.2191883307304921,0.3170893031698373,9.717218213494077,-0.4326002381843887,-1.0081823092539473,-0.4497191942532556,0.995511590551752,20.498998784741367,-0.2720570746491612,45.42494050326832,18.8906843794481,-9.330566722042697,-0.4721307850816373,-0.9840978065966228,-0.5251511435247616,0.7600667187394381,10.601719197707736,16.332378223495702,28.08022922636103,81.66189111747852,-0.28833067655743,0.7911021403792183,0.2825973834147367
37,Shrek 2,2004,919838758,441241348.0,70000000,Animation,Shrek,Andrew Adamson,DreamWorks,1,1,2324803,62832.51351351351,97969,True,59,100,10405,150175,104.05,37800,809.0,16.9036,7.31,13339,92.0,4.287313432835821,100,False,,0,0,0,2,18,52,7.4,550541.0,75.0,tt0298148,32,32,38,True,0,4,moviedetails,0.3400000000000001,success,tt0298148,True,8101.0,1253.0,6.465283320031923,19.0,0.0,0.001508558392038,0.1336682041412255,1.0,0.2713487629688747,0.1947326416600159,0.2088991017338625,0.3125130561938584,4.551123595505618,0.8355964069354501,21.516607478587844,2.088991017338625,432.0,0.3447725458898643,323.0,1.0714285714285714,skipped_pre_youtube_era,,,,,,,,,,success,Rotten Tomatoes Classic Trailers,765590,2745.0,0.0,1049456,22,0.7868788432376593,0.195364238410596,160580,0.748750013293629,0.8976023773648955,0.0736022019649519,70,0.6440320259881459,0.8407323532264089,0.0,0.5722590910017575,71.84854948948185,72.15433312662205,-0.3057836371401947,As Expected,1,Shrek Collection,1,5,1,Animation,1,39.87162078755709,110000,11.60824473564232,-0.025275651880264,-0.1664245272862462,11.60824473564232,-0.2602137706903912,0.0849997814282311,0.5172773689231491,1.1158071582129765,20.639708950690668,0.3621175708099129,61.38587613559284,18.064005814299342,5.805607237657895,-0.3452144281552778,0.113763932418854,0.4330475447041487,0.8193055694015274,17.765042979942695,61.60458452722063,64.46991404011462,83.95415472779369,-0.3404522394849384,0.7194266368578756,0.28439354510892706
38,Shrek,2001,487007353,267652016.0,60000000,Animation,Shrek,Andrew Adamson,DreamWorks,0,1,5243867,141726.13513513515,240112,True,99,100,11572,389377,115.72,113307,808.0,26.3255,7.759,18601,90.0,11.03358208955224,100,True,28.330206378986865,2665,150578,1,0,40,60,7.9,803764.0,84.0,tt0126029,9,9,68,True,5,5,shittymoviedetails,0.32,success,tt0126029,True,9422.0,1353.0,6.9637841832963785,17.0,0.0,-0.0061943165911471,0.134006277036832,1.0,0.2187730968218773,0.1862527716186252,2.0257826887661143,0.2567219152854512,4.831794871794872,0.7366482504604052,16.574585635359114,2.209944751381216,435.0,0.3215077605321508,217.0,1.5,skipped_pre_youtube_era,,,,,,,,,,success,Rotten Tomatoes Classic Trailers,2814922,9569.0,0.0,3570499,25,0.8305420863435234,0.3278145695364238,400949,0.805908635361967,0.9290235427517778,0.2023636931873456,100,0.6972809364947596,0.5536546824812272,0.8154648767857287,0.6798503744648244,89.88673125086906,66.56738026649435,23.319350984374708,Strong Overperformer,1,Shrek Collection,0,5,1,Animation,1,23.03120356612184,614000,13.327751835792448,-0.323697987344792,-0.5814188869913002,13.327751835792448,0.2977517069900929,1.0790283392876694,0.9322446178938858,0.0042704622543304,20.003789781548868,0.647409297811364,68.56611098684364,17.909855136853043,13.098812371184051,0.1743681185663676,1.10257341151631,0.8892752049058298,-0.2602309540750805,70.77363896848138,89.11174785100286,82.52148997134671,26.93409742120344,,,
39,Pirates of the Caribbean: Dead Men Tell No Tales,2017,794903993,172558007.0,250000000,Adventure,Pirates,Joachim Rønning,Disney,1,0,4049529,109446.72972972972,178367,True,54,100,17097,147470,170.97,52720,166426.0,11.1764,6.653,12726,129.0,4.991935483870968,100,False,,0,0,0,0,1,14,6.5,381325.0,39.0,tt1790809,17,17,29,True,3,4,movies,0.3,success,tt1790809,True,7523.0,1435.0,5.242508710801394,15.0,0.0,-0.0260660187663672,0.1683303395709728,1.0,0.1602787456445993,0.1477351916376306,0.4867364322219518,0.3258700413725967,4.878728923476006,0.4867364322219518,4.380627889997567,15.818934047213434,668.0,0.4655052264808362,257.0,1.5,success,KrGyD4kHTSE,Rotten Tomatoes Trailers,10.0,81.0,0.0,,,,comments_disabled,success,Zero Media,14354915,122077.0,10096.0,19735575,9,0.81666845579843,0.1788079470198675,164567,0.7502820108831978,0.8931570122041591,0.0870508490106251,15,0.4188998431792545,0.6949875002403854,0.6309297535714573,0.6037733838589004,77.13206804546104,70.61682076777385,6.515247277687195,Overperformer,1,Pirates of the Caribbean Collection,4,5,0,Adventure,1,34.161903495945765,8270,9.020510699691906,0.7889327480055174,1.4577955835529643,9.020510699691906,-0.0780977683310686,-1.4109414285004689,-0.8533672683718716,0.5514973255445218,20.493731903062105,-0.4696552083357384,40.45178190189304,19.33697147982652,-12.114489762522991,0.0297065851661843,-1.396544693081283,-0.9293654537165676,0.4640055869907309,55.587392550143264,4.297994269340974,16.045845272206304,63.323782234957015,-0.37971411646150105,0.739326991972252,0.2538773037153471
40,Pirates of the Caribbean: On Stranger Tides,2011,1046808205,241063875.0,250000000,Adventure,Pirates,Rob Marshall,Disney,1,0,3116336,84225.2972972973,134633,True,63,100,6583,6395,65.83,1993,1865.0,16.4911,6.6,14861,136.0,8.010204081632653,100,False,,0,0,0,0,3,31,6.6,602032.0,45.0,tt1298650,18,18,34,True,0,6,digitalcodesell,0.3,success,tt1298650,True,8307.0,1330.0,6.245864661654135,17.0,0.0,-0.0142215629964413,0.1224155774363768,1.0,0.1421052631578947,0.1796992481203007,1.0893246187363836,0.3546840958605664,5.224528301886792,0.2178649237472766,8.278867102396514,9.803921568627452,441.0,0.331578947368421,315.0,1.3333333333333333,success,Vrk5jBHDrcw,Walt Disney Studios Philippines,10.0,53.0,0.0,0.0,0.0,0.0,success,success,TrailersPlaygroundHD,357199,2200.0,139.0,400350,15,0.802607810812591,0.2086092715231788,12978,0.5916193564055559,0.9078121213148492,0.1446585111618501,34,0.537163962855065,0.7079879189072642,0.0,0.5294686120198502,64.67452560308196,73.04833333393631,-8.373807730854352,Underperformer,1,Pirates of the Caribbean Collection,3,5,0,Adventure,1,37.91982665222102,6760,8.818926087090677,0.134938196766276,0.0687551456567287,8.818926087090677,0.0066296918607533,-1.527475324599623,-0.4818336175916303,0.6018336765869136,20.769011567718312,-0.3525049895021596,43.40022381060721,19.33697147982652,-10.80815672262962,0.0235498612660125,-1.503797559952976,-0.5750317510449839,0.3929642879759122,54.72779369627507,4.011461318051576,26.36103151862464,59.885386819484246,-0.4268232618055566,0.7150710660434099,0.26948153707653627
41,Pirates of the Caribbean: Dead Man's Chest,2006,1065659812,423315812.0,200000000,Adventure,Pirates,Gore Verbinski,Disney,1,0,2665556,72042.05405405405,109144,True,72,100,6287,92658,62.87,62620,58.0,21.8297,7.375,17027,151.0,5.72265625,100,False,,0,0,1,0,45,54,7.4,819899.0,53.0,tt0383574,18,18,29,True,1,9,movies,0.12,success,tt0383574,True,8110.0,1216.0,6.6694078947368425,23.0,0.0,-0.0137299932546495,0.1402198676395227,1.0,0.15625,0.1858552631578947,0.4455335263978615,0.3392737803519715,5.487144790257104,0.4455335263978615,7.3513031855647135,4.900868790376476,421.0,0.3462171052631579,274.0,1.3,success,SNA-Ezahmok,Rotten Tomatoes Classic Trailers,9.0,-5372.0,139.0,13.0,14.0,0.9285714285714286,success,success,Classic Movie Trailers,684435,6346.0,187.0,1139830,20,0.7942208239345219,0.23841059602649,98945,0.7185025448202318,0.920668866955525,0.1009976246730903,99,0.6957775790005379,0.7079879189072642,0.3154648767857286,0.6004754199858143,76.57914898110546,73.24947933357538,3.329669647530082,As Expected,1,Pirates of the Caribbean Collection,1,5,0,Adventure,1,33.785450061652284,11000,9.305741456739437,-0.003475285354751,-0.086819820088182,9.305741456739437,-0.1510616274712867,-1.2460525960784576,0.3596420993472267,0.6018336765869136,20.78685998699344,-0.1040865662057788,49.65242971714713,19.11382792951231,-5.668939743270137,-0.2079477535013399,-1.2173370214279289,0.2657463899104133,0.3171646398549318,29.799426934097426,7.163323782234957,57.879656160458445,55.30085959885387,-0.21346936023361796,0.826220496568687,0.2262122087862931
42,Pirates of the Caribbean: The Curse of the Black Pearl,2003,654264015,305388685.0,140000000,Adventure,Pirates,Gore Verbinski,Disney,0,0,3621398,97875.62162162164,158938,True,73,100,8426,98738,84.26,51761,22.0,21.8846,7.8,22077,143.0,14.25373134328358,100,False,,0,0,0,5,38,104,8.1,1312218.0,63.0,tt0325980,15,15,26,True,1,8,moviedetails,0.16,success,tt0325980,True,8948.0,1617.0,5.533704390847248,17.0,0.0,-0.0073221091078233,0.1493461385979522,1.0,0.259121830550402,0.1360544217687075,0.9928514694201748,0.329626687847498,5.55431409062694,0.1985702938840349,4.169976171564733,12.907069102462271,695.0,0.4298082869511441,251.0,1.5,skipped_pre_youtube_era,,,,,,,,,,success,Rotten Tomatoes Classic Trailers,5513428,27110.0,0.0,5632769,23,0.8106704145346172,0.2417218543046357,107164,0.7234870340998215,0.9452124334247672,0.2638245156015744,142,0.7498172450400266,0.6666666666666667,0.3154648767857286,0.6251022489092276,80.70795200332805,69.0099798545958,11.697972148732248,Overperformer,1,Pirates of the Caribbean Collection,0,5,0,Adventure,1,28.05096110862763,11300,9.332646496360152,0.3773195375946359,0.7598335050983424,9.332646496360152,0.364238852202731,-1.2304990820912254,0.7663958383971933,0.441841824663479,20.2990215221485,0.1569604162820912,56.22247176208776,18.757152987716434,0.8352742794665744,0.2676184754779882,-1.2051151858513394,0.7042158759116426,0.1714297087599898,78.22349570200574,7.736389684813753,76.50429799426934,48.13753581661891,-0.31222655947435596,0.7625467881748271,0.23653255061110198
43,Toy Story,1995,373554033,191796233.0,30000000,Family,Toy Story,John Lasseter,Pixar,0,1,4243839,114698.35135135136,157352,True,107,100,21833,575959,218.33,95742,862.0,24.7185,7.971,19743,81.0,9.044776119402986,100,True,27.070938215102974,4370,174999,0,3,29,24,8.3,1163069.0,96.0,tt0114709,36,36,76,True,2,4,moviedetails,0.42,success,tt0114709,True,7667.0,1104.0,6.944746376811594,18.0,0.0,-0.0035642987748966,0.1425378697258741,1.0,0.391304347826087,0.1983695652173913,0.0,0.2888231565603211,4.326749435665914,0.8451299387280794,2.5353898161842383,2.5353898161842383,342.0,0.3097826086956521,279.0,1.5,skipped_pre_youtube_era,,,,,,,,,,success,Rotten Tomatoes Classic Trailers,2793627,9371.0,0.0,2933915,31,0.81918423650625,0.3543046357615894,597792,0.8308579751015435,0.9346538542726912,0.1644046916267616,53,0.6026803680426321,0.868242227604825,0.5,0.6724370200524087,88.64384771933615,64.35985560486216,24.28399211447399,Strong Overperformer,1,Toy Story Collection,0,5,1,Family,1,36.38972218599192,668000,13.41204494952365,0.1636469785336499,0.0715802069423333,13.41204494952365,0.1406950936018086,1.127757281594679,0.9882331206742396,1.2223227043139615,19.73857322141759,0.923651050786932,75.5185756900199,17.216707972959764,19.06178401411724,-0.0686403467834256,1.1536943506855877,0.9629018908150022,0.9012067046599924,44.69914040114613,90.54441260744986,83.95415472779369,87.67908309455588,,,
44,Toy Story 2,1999,485460855,245852179.0,90000000,Animation,Toy Story,John Lasseter,Pixar,1,1,2083980,56323.78378378379,97815,True,81,100,21082,342847,210.82,80366,863.0,16.0255,7.605,14790,92.0,18.152985074626866,100,False,,0,0,0,1,21,27,7.9,663076.0,88.0,tt0120363,12,12,25,True,4,3,moviedetails,0.42,success,tt0120363,True,8094.0,1199.0,6.750625521267724,19.0,0.0,-0.0105459969691191,0.1329691436446854,1.0,0.2994161801501251,0.2043369474562135,0.0,0.2849473056273613,4.565143824027073,1.5907735136209982,5.965400676078743,1.5907735136209982,391.0,0.3261050875729774,233.0,1.5,skipped_pre_youtube_era,,,,,,,,,,success,Rotten Tomatoes Classic Trailers,2356041,7283.0,0.0,3077681,27,0.7810088077831198,0.2682119205298013,363929,0.7998572463588187,0.9073595901605788,0.3382469483047832,48,0.5880002682992193,0.6167399530235154,0.7324867603589634,0.6612777548960739,86.77294473598637,66.4602572835102,20.31268745247617,Strong Overperformer,1,Toy Story Collection,1,5,1,Animation,1,28.786755621447988,101000,11.52288569676448,-0.0693863209065828,-0.2062515590917066,11.52288569676448,0.4172638780342615,0.0356546392601069,0.7393322780864408,0.2485304668733391,20.00060921628659,0.4365561787158654,63.2593503242159,18.31532023940565,7.359316819354674,0.264451946630704,0.0610833001548203,0.6967490145208142,-0.0450542588876245,77.65042979942693,58.73925501432665,75.64469914040114,35.53008595988539,,,
45,Toy Story 3,2010,1066969541,415004880.0,200000000,Animation,Toy Story,Lee Unkrich,Pixar,1,1,2280084,61623.89189189189,85482,True,78,100,23563,204020,235.63,26725,10193.0,15.5538,7.804,15624,102.0,4.153846153846154,100,False,,0,0,2,0,63,96,8.3,961588.0,92.0,tt0435761,34,34,29,True,3,5,moviedetails,0.28,success,tt0435761,True,8080.0,1265.0,6.387351778656127,18.0,0.0,-0.0071483007550201,0.1432062238656754,1.0,0.3043478260869565,0.2189723320158103,0.0,0.2791344054000397,4.167096441464673,0.1985308715505261,9.72801270597578,2.183839587055787,480.0,0.3794466403162055,292.0,1.1666666666666667,success,2BlMNH1QTeE,Pixar,10.0,243.0,0.0,,,,comments_disabled,success,Pixar,12555689,36419.0,31.0,23232276,16,0.7858362479550173,0.2582781456953642,227583,0.7705331540698247,0.9125431816657834,0.0710548018024939,159,0.7667886326795234,0.8548805028241611,0.6309297535714573,0.6607213822288468,86.67966625676871,73.26032855315304,13.419337703615668,Overperformer,1,Toy Story Collection,2,5,1,Animation,1,36.13861386138613,96000,11.472113887062386,0.091868962701437,0.1293025780068764,11.472113887062386,-0.2721299750286753,0.0063040022236684,1.3098913202963265,1.1705874112956796,20.788088263404052,0.5726138567847379,66.68365600639717,19.11382792951231,12.23395392870355,-0.2701125749175674,0.0311869774419605,1.2155541543721835,0.9447000196901983,23.78223495702006,56.446991404011456,92.83667621776505,89.97134670487105,0.023644178452147148,0.9734330266189062,0.18266589928426988
46,Cars,2006,461983149,244082982.0,120000000,Animation,Cars,John Lasseter,Pixar,0,1,4858286,131305.02702702704,224687,True,70,100,22424,548054,224.24,76456,920.0,14.5714,7.024,15020,117.0,9.890625,100,False,,0,0,0,2,28,34,7.3,528959.0,73.0,tt0317219,2,2,85,True,4,3,moviedetails,0.42,success,tt0317219,True,10836.0,1514.0,7.157199471598415,16.0,0.0,0.0003670179446269,0.1460591019364474,1.0,0.3778071334214002,0.2100396301188903,0.3028467595396729,0.2430345245305875,4.686851211072664,1.3628104179285283,6.511205330102968,1.8170805572380373,447.0,0.2952443857331572,320.0,2.0,success,pQly7_Cj34U,MovieStation,10.0,-2317.0,0.0,,,,comments_disabled,success,nickbtube,6593704,16826.0,0.0,8440070,20,0.8264424832592803,0.2317880794701986,570478,0.8279365618994409,0.9088177437879884,0.1805488401563393,62,0.6259704056481553,0.2641604167868594,0.7324867603589634,0.6252530336525948,80.73323177061172,65.9663369744037,14.76689479620802,Overperformer,1,Cars Collection,0,3,1,Animation,1,29.53119232189,8840000,15.994797547735992,0.391535866184324,0.444256256239294,15.994797547735992,0.2194085206841465,2.620818775952324,0.4623506134082148,-1.116623053265781,19.951038976519428,0.5938207058533144,67.21739092527422,18.603002309079653,12.905223711905414,0.1701497316015736,2.638881180925437,0.4223284385467496,-1.3011427653671148,69.34097421203438,96.84813753581662,63.323782234957015,13.753581661891118,,,
47,Cars 2,2011,559821087,191444589.0,200000000,Animation,Cars,John Lasseter,Pixar,1,1,1891231,51114.35135135135,81946,True,55,100,12566,265151,125.66,91819,49013.0,13.8185,6.176,8423,106.0,8.78061224489796,100,True,28.666793820331872,5243,278408,0,0,1,19,6.2,251842.0,57.0,tt1216475,23,23,27,True,5,4,shittymoviedetails,0.36,success,tt1216475,True,11577.0,1625.0,7.124307692307692,18.0,1.0,0.0007707722142111,0.1238439182334103,1.0,0.2498461538461538,0.184,0.0,0.2634609847394183,5.048844308765809,2.8793550244745174,2.159516268355888,8.78203282464728,494.0,0.304,314.0,1.5,success,EOdYLk8gzn8,"Walt Disney Studios, Ireland",10.0,206.0,26.0,1.0,1.0,1.0,success,success,Pixar,34032009,31904.0,0.0,48406278,15,0.7757992409641916,0.1821192052980132,277717,0.7829692765820278,0.854162789541916,0.1593627734733112,20,0.4599852698988825,0.7641604167868594,0.8154648767857287,0.6352792366877151,82.41417159122607,67.56346946474409,14.850702126481975,Overperformer,1,Cars Collection,1,3,1,Animation,1,27.12274337047594,102000,11.53273789613992,-0.2383769669581164,-0.516727400306974,11.53273789613992,-0.0857184615416436,0.0413500897389437,-0.6134663252317317,0.8193281007779569,20.14312780493275,0.0244636462210952,52.88778717074212,19.11382792951231,-0.56487737560402,-0.0630867506832507,0.05705049339593,-0.6663226030580601,0.6854530415206942,45.27220630372493,58.16618911174785,22.349570200573066,76.50429799426934,-0.30504434461298785,0.7528362935426132,0.22788952455810793
48,Cars 3,2017,383682457,152968620.0,175000000,Animation,Cars,Brian Fee,Pixar,1,1,1949017,52676.13513513513,86630,True,44,100,30157,201114,301.57,27416,260514.0,16.1307,6.9,6343,102.0,5.008064516129032,100,False,,0,0,0,0,3,24,6.7,148184.0,59.0,tt3606752,16,16,51,True,2,4,digitalcodesell,0.3,success,tt3606752,True,10954.0,1426.0,7.681626928471248,18.0,0.0,0.0098703209677964,0.1229575586367467,1.0,0.2272089761570827,0.1991584852734922,0.0,0.2406240624062406,5.104380242311277,1.9501950195019504,3.3003300330033003,3.0003000300030003,372.0,0.2608695652173913,281.0,1.0,success,ZuaseSovWDY,Pixar,10.0,35.0,5921.0,,,,too_many_comments_to_reach_window,success,Pixar,33683760,188387.0,0.0,82114897,9,0.7774148084437447,0.1456953642384106,231271,0.7715372988856314,0.8273651628845341,0.0873586929983464,27,0.5034500557392368,0.6812438068750566,0.5,0.5843017297394337,73.86755418433239,64.25241624681354,9.615137937518853,Overperformer,1,Cars Collection,2,3,1,Animation,1,25.65272959649443,76700,11.247670025080003,-1.068685607439061,-1.928329989307383,11.247670025080003,-0.2699547927881867,-0.1234445800457925,-0.2985744237766017,0.4982830874816588,19.76532583616322,-0.0750493123511424,50.38324061132569,18.980296537602072,-1.3035257161029463,-0.1555033241344532,-0.1183319297686303,-0.3276225935818278,0.4980700542279638,33.810888252149,48.13753581661891,36.38968481375358,65.0429799426934,,,
49,Monsters University,2013,743849673,287015615.0,200000000,Animation,Monsters,Dan Scanlon,Pixar,1,1,1626055,43947.43243243243,68226,True,57,100,19078,207127,190.78,41219,62211.0,8.3342,7.046,11250,104.0,4.75,100,False,,0,0,0,0,9,58,7.2,421121.0,65.0,tt1453405,33,33,29,True,2,6,moviedetails,0.24,success,tt1453405,True,8054.0,1361.0,5.917707567964732,16.0,1.0,0.0103711864916861,0.1360106689753503,1.0,0.2865540044085231,0.1373989713445995,0.0,0.2939583333333333,4.796902918403812,1.4583333333333337,3.9583333333333335,1.0416666666666667,576.0,0.4232182218956649,285.0,1.1666666666666667,success,QxrQ6BaijAY,Rotten Tomatoes Trailers,10.0,127.0,0.0,,,,comments_disabled,success,Pixar,11950585,20584.0,2269.0,26704929,13,0.7676899974059085,0.1887417218543046,226205,0.7701537795731936,0.8815082229383838,0.0824331891948064,67,0.6375093073898266,0.8479104735417233,0.5,0.621379046887725,80.08373977500861,70.07396611113975,10.009773663868856,Overperformer,1,"Monsters, Inc. Collection",1,2,1,Animation,1,35.38614353116464,27200,10.211009016314163,0.2625131451179194,0.5117000510982401,10.211009016314163,-0.3308348600063989,-0.7227271578511701,0.2292785816811101,1.1436001388295716,20.42734952130703,0.0617311181741971,53.82573655941932,19.11382792951231,0.4664670703478037,-0.2813394647838064,-0.7053282612523362,0.1579214145756196,1.0051336175820178,22.922636103151863,23.78223495702006,53.58166189111749,91.11747851002865,-0.6276781308156739,0.6229188179253028,0.2871460852186348
50,"Monsters, Inc.",2001,577646724,289152677.0,115000000,Animation,Monsters,Pete Docter,Pixar,0,1,3020431,81633.27027027027,121186,True,77,100,11553,549438,115.53,79210,585.0,23.6671,7.849,19651,92.0,34.22014925373134,100,False,,0,0,1,0,15,38,8.1,1072549.0,79.0,tt0198781,13,13,31,True,0,2,moviedetails,0.8200000000000001,success,tt0198781,True,9133.0,1959.0,4.662072485962225,14.0,1.0,-0.0116452573573553,0.1631709220566494,1.0,0.2725880551301684,0.1623277182235834,0.0,0.2461398728428701,4.530257936507937,1.8165304268846505,5.994550408719346,2.724795640326976,956.0,0.4880040837161817,249.0,1.5,skipped_pre_youtube_era,,,,,,,,,,success,Pixar,9846743,14107.0,0.0,19087734,25,0.8009299110249363,0.2549668874172185,560991,0.8268890278414689,0.9342124927895806,0.6449101016253734,53,0.6026803680426321,0.6345591536762674,0.0,0.6326966881283883,81.98119524945079,67.94819880084918,14.032996448601608,Overperformer,1,"Monsters, Inc. Collection",0,2,1,Animation,1,27.26376875068433,101000,11.52288569676448,0.6128362862369201,1.2804875980538384,11.52288569676448,1.333478553398167,0.0356546392601069,0.6622058389915115,0.3175246710090036,20.17447303735416,0.759275345569655,71.38156064333397,18.560442695023177,15.708172538257791,1.208537384240043,0.0613751984200419,0.6082348955707082,0.0325717314701366,95.98853868194844,59.02578796561605,71.63323782234957,40.68767908309456,-0.2647506713159784,0.7914278609948188,0.22530977369973584
51,Up,2009,735099082,293004164.0,175000000,Animation,,Pete Docter,Pixar,0,1,3742317,101143.7027027027,159217,True,29,100,76382,1200474,763.82,130213,14160.0,17.5638,7.959,21544,96.0,39.25,100,True,26.91980731085293,3529,194070,2,0,81,88,8.3,1225827.0,88.0,tt1049413,20,20,14,True,4,6,shittymoviedetails,0.24,success,tt1049413,True,5798.0,908.0,6.38546255506608,17.0,1.0,-0.0080320213531537,0.1488535029579926,1.0,0.2830396475770925,0.1916299559471365,0.0,0.320280537697253,4.385779122541604,1.7533606078316777,4.967855055523087,2.337814143775569,315.0,0.3469162995594713,201.0,1.25,success,HWEW_qTLSEE,Pixar,10.0,-50.0,5.0,0.0,0.0,0.0,success,success,Pixar,7755660,24339.0,5.0,14395463,17,0.8124334688118484,0.0960264900662251,1276856,0.8782640625391499,0.942903075573534,0.7409114789305652,169,0.7759481753004683,0.7320529037964602,0.7324867603589634,0.7401723946728213,100.0,69.99546741956263,30.00453258043736,Strong Overperformer,0,,0,0,1,Animation,0,34.66712659537772,139000000,18.74998449828921,-0.0217978770943589,-0.1201812669065238,16.776047581987566,1.6461554380332204,3.0724510168467787,1.2796485758694047,0.6950109471234811,20.41551585489421,1.8963696269255463,100.0,18.980296537602072,45.78186848160818,1.636844087264938,3.0935473391770536,1.2094164444360325,0.4990335344548923,98.8538681948424,100.0,92.26361031518626,65.32951289398281,-0.6296503731090801,0.6115224217885062,0.3190021121114891
52,WALL-E,2008,532681980,223808164.0,180000000,Animation,,Andrew Stanton,Pixar,0,0,3177387,85875.32432432432,121451,True,88,100,33096,665605,330.96,99870,1525542.0,0.055,0.0,0,34.0,4.719827586206897,100,False,,0,0,1,0,96,95,8.4,1306354.0,95.0,tt0910970,18,18,48,True,2,5,moviedetails,0.32,success,tt0910970,True,3309.0,794.0,4.167506297229219,16.0,10.0,-0.0094415135661987,0.1374326349637442,1.0,0.2279596977329974,0.1045340050377833,0.0,0.3460999532928538,4.146616541353383,0.4670714619336758,4.670714619336758,0.0,233.0,0.2934508816120906,138.0,1.1666666666666667,success,CZ1CATNbXg0,Rotten Tomatoes Classic Trailers,8.0,-3236.0,0.0,,,,comments_disabled,success,Rotten Tomatoes Classic Trailers,3049498,19142.0,0.0,3466025,18,0.8036492353998448,0.2913907284768212,698701,0.8406013817956495,0.0,0.0818573086315692,191,0.7943349005181546,0.7079879189072642,0.5,0.5664072090924799,70.8674541244288,67.14507598561693,3.7223781388118766,As Expected,0,,0,0,0,,0,41.70444242973708,262000,12.476103599529845,-0.0777816784737395,-0.387282683324672,12.476103599529845,-0.1558639615913273,0.5866996550840757,1.4493687076476447,0.6018336765869136,20.093435145521994,0.6558552755489919,68.7786797295198,19.00846741441004,14.731153162257172,-0.1769648283998981,0.6046528793442588,1.3999871264731665,0.4297162518826051,31.51862464183381,79.94269340974212,95.98853868194844,61.31805157593123,-0.1817866374684224,0.8310597727049576,0.21048490128098205
53,Ratatouille,2007,623722953,261461292.0,150000000,Animation,,Brad Bird,Pixar,0,1,4537754,122642.0,209582,True,79,100,18126,715882,181.26,89426,2062.0,19.0488,7.839,18356,111.0,13.598360655737704,100,False,,0,0,1,0,69,42,8.1,940588.0,96.0,tt0382932,24,24,47,True,3,4,moviedetails,0.36,success,tt0382932,True,9384.0,1371.0,6.844638949671772,17.0,1.0,-0.001968051803938,0.1102225604875086,1.0,0.1611962071480671,0.2290299051787016,0.1881467544684854,0.2918156161806209,5.061488673139158,1.1288805268109126,4.139228598306679,3.0103480714957667,383.0,0.2793581327498176,237.0,1.1428571428571428,success,PeFGdSrFTUw,VidereTrailer,10.0,-1711.0,0.0,,,,comments_disabled,success,Rotten Tomatoes Classic Trailers,7426164,19055.0,0.0,7695956,19,0.8227787471760614,0.2615894039735099,734008,0.8436807573817999,0.927770660733404,0.2513158961964105,111,0.7128999773288641,0.7739760316291208,0.6309297535714573,0.689140073254849,91.44419269095428,68.57427937240195,22.86991331855233,Strong Overperformer,0,,0,0,1,Animation,0,25.255754475703327,143000,11.870606902224589,-0.8362236821569894,-1.5119738897696853,11.870606902224589,0.3902899037377873,0.2366685276996952,1.1864199456282911,0.8573332025410063,20.251216843769274,0.7538898857080693,71.24601915043966,18.8261458587272,16.789693315011696,0.3530205064522516,0.2575948624872287,1.1269589863137577,0.6515779338052565,82.52148997134671,67.0487106017192,91.11747851002865,74.49856733524355,,,
54,The Incredibles,2004,633026024,261441092.0,92000000,Action,Incredibles,Brad Bird,Pixar,0,1,3576032,96649.51351351352,135555,True,75,100,40377,462762,403.77,61621,9806.0,16.8344,7.7,18777,115.0,3.276119402985074,100,False,,0,0,2,0,70,56,8.0,891503.0,90.0,tt0317705,38,38,85,True,5,4,shittymoviedetails,0.36,success,tt0317705,True,8570.0,1214.0,7.059308072487644,18.0,0.0,0.001540948297538,0.10165086801371,1.0,0.2199341021416803,0.2314662273476112,0.0,0.3264907135874877,4.60752688172043,0.5865102639296188,11.33919843597263,4.887585532746823,365.0,0.300658978583196,304.0,1.0,skipped_pre_youtube_era,,,,,,,,,,success,Rotten Tomatoes Classic Trailers,5724987,20009.0,0.0,7888000,22,0.8099937275010296,0.2483443708609271,503139,0.8200903605068804,0.9299134290550868,0.0543022218093829,126,0.7318897298295294,0.8809003698103748,0.8154648767857287,0.692098317416685,91.9401561572148,68.80033376346998,23.139822393744808,Strong Overperformer,1,The Incredibles Collection,0,3,1,Action,1,35.47257876312719,105000,11.561725152903833,-0.4880006285873255,-0.9776215699010709,11.561725152903833,-0.1982614441794468,0.0581073110582492,1.128294414555632,1.2713337943357292,20.26602209300738,0.5865398969958053,67.03414720470283,18.33729914588288,11.905082107271276,-0.2798519988344278,0.0821085409793685,1.0681508858418578,1.0196079241905365,23.20916905444126,59.59885386819485,89.11174785100286,92.26361031518626,,,
55,A Bug's Life,1998,363398550,162798565.0,120000000,Adventure,,John Lasseter,Pixar,0,1,2382135,64382.02702702703,105999,True,64,100,9628,127081,96.28,24912,9487.0,10.2206,6.974,9677,95.0,26.186567164179102,100,False,,0,0,0,1,14,21,7.2,334363.0,78.0,tt0120623,29,29,120,True,3,6,shittymoviedetails,0.22,success,tt0120623,True,8912.0,1255.0,7.101195219123506,21.0,1.0,-0.0023532217983823,0.1305046419582989,1.0,0.4183266932270916,0.1792828685258964,0.0,0.2801959675899755,4.394477317554241,1.3190126248351233,5.276050499340493,4.145468249481817,363.0,0.2892430278884462,272.0,2.0,skipped_pre_youtube_era,,,,,,,,,,success,Rotten Tomatoes Classic Trailers,1053754,3219.0,0.0,2321258,28,0.7881865461588946,0.2119205298013245,136709,0.7386969755813989,0.8672764845693831,0.4915785249650783,35,0.5414201930881729,0.8178150992680865,0.6309297535714573,0.6614707628744091,86.80530342604517,63.84619596544542,22.95910746059976,Strong Overperformer,0,,0,0,1,Adventure,0,30.52064631956912,38700,10.563620718477312,0.4040474552379507,0.4427150039420916,10.563620718477312,0.8617116295338121,-0.5188861258746265,0.3100234006728726,1.0270737897167206,19.711010726576625,0.5316027393054814,65.65148638091132,18.603002309079653,9.882837553147574,0.6968137635612841,-0.496186552642005,0.2861970190303011,0.7534569837368821,90.83094555873924,30.945558739255013,58.16618911174785,81.08882521489971,,,
56,Finding Nemo,2003,940335536,380799117.0,94000000,Animation,Finding Nemo,Andrew Stanton,Pixar,0,1,3235848,87455.35135135135,136312,True,81,100,11711,172130,117.11,52704,12.0,19.5463,7.817,20435,100.0,13.708955223880595,100,True,45.61734213006597,3183,82307,1,0,49,63,8.2,1196544.0,90.0,tt0266543,26,26,36,True,3,7,shittymoviedetails,0.18,success,tt0266543,True,8970.0,1510.0,5.940397350993377,18.0,2.0,-0.0043143788644372,0.1500194658332407,1.0,0.2112582781456953,0.2039735099337748,0.0,0.2401834862385321,3.772077375946173,2.568807339449541,3.302752293577982,2.752293577981652,593.0,0.3927152317880795,290.0,1.4,skipped_pre_youtube_era,,,,,,,,,,success,Pixar,16865116,26908.0,0.0,20975407,23,0.8046278916306625,0.2682119205298013,183841,0.757200278456388,0.9379091994788684,0.2534267403148104,112,0.7142429744525433,0.7924812503605781,0.6309297535714573,0.6720858178882162,88.58496703431419,72.29153591623091,16.293431118083276,Strong Overperformer,1,Finding Nemo Collection,0,2,1,Animation,1,32.32998885172798,65100,11.083695189061784,0.2657288784157398,0.4632910928047291,11.083695189061784,0.3068289457331279,-0.2182366688706643,1.1371118223536762,0.9289836016589996,20.661747323790628,0.6145620164115556,67.73940915025464,18.358805350872576,11.914242665308322,0.2068984920014666,-0.1882295584942027,1.051552068296416,0.6151091372319101,73.06590257879655,44.412607449856736,88.25214899713467,71.63323782234957,-0.44165150487258736,0.7357218361615492,0.24138871248930008
57,Coco,2017,807926220,210073344.0,175000000,Family,,Lee Unkrich,Pixar,0,1,4620509,124878.62162162164,269514,True,27,100,18847,312677,188.47,62622,354912.0,20.2656,8.197,20836,105.0,8.209677419354838,100,True,29.52909726506272,4863,227852,2,0,113,42,8.4,704092.0,81.0,tt2380307,23,23,37,True,2,5,moviedetails,0.26,success,tt2380307,True,8907.0,1436.0,6.202646239554317,14.0,0.0,-0.0018276659119277,0.1424363700886347,1.0,0.2221448467966573,0.1622562674094707,0.0,0.2366933125365568,5.1366782006920415,0.7798791187365958,7.018912068629362,3.3144862546305323,512.0,0.3565459610027855,226.0,1.5,success,xlnPHQ3TLX8,Pixar,10.0,141.0,0.0,,,,comments_disabled,success,Pixar,25042098,63625.0,0.0,32469765,9,0.8237488595475622,0.0894039735099337,331524,0.7940317881318899,0.9397455261553403,0.148465724561015,155,0.7629634617447971,0.7641604167868594,0.5,0.6440300398116852,83.88128465306134,70.82986948553798,13.05141516752336,Overperformer,1,Coco Collection,0,2,1,Family,1,25.37330189738408,344000,12.748399843328054,-0.0678068850746886,-0.1062575039427884,12.748399843328054,0.1205624428237162,0.744111184533209,1.1281616097259013,0.8193281007779569,20.509981301672735,0.758773930473058,71.36894100592151,18.980296537602072,18.78304919630032,0.228218511416852,0.7587150308031461,1.051116055953147,0.7298893349586205,75.64469914040114,83.95415472779369,87.96561604584528,79.08309455587393,-0.48930489629500684,0.6748875625515454,0.3743259322291151
58,Encanto,2021,779091396,256394355.0,75000000,Animation,,Byron Howard,Disney,0,1,4048546,109420.16216216216,197786,True,92,100,12976,360296,129.76,42756,568124.0,13.8875,7.57,10143,102.0,8.210526315789474,100,False,,0,0,1,0,58,86,7.2,293893.0,75.0,tt2953050,14,14,36,True,7,2,shittymoviedetails,0.58,success,tt2953050,True,7487.0,1212.0,6.177392739273928,16.0,1.0,-0.0008110426427258,0.1563626032925875,1.0,0.1551155115511551,0.1501650165016501,0.0,0.260787550106107,6.806363636363637,0.0,8.960150907804763,1.6505541145956142,370.0,0.3052805280528052,131.0,1.125,success,CaimKeDcudo,Walt Disney Animation Studios,10.0,13.0,12551.0,,,,too_many_comments_to_reach_window,success,Walt Disney Animation Studios,49863236,302052.0,12550.0,71459629,5,0.8166554241065385,0.304635761589404,373272,0.8014406622879312,0.8717205087725072,0.1484819268761582,144,0.75191569796214,0.6511484326014197,0.946394630357186,0.6910489130947755,91.76421861571043,70.67400886774277,21.090209747967663,Strong Overperformer,1,Encanto Collection,0,1,1,Animation,1,17.496994790971016,200000,12.206077645517674,-1.0519060971863174,-1.7378309653966066,12.206077645517674,0.0857871804915172,0.4306005557387444,0.7571921891522595,0.3817567383688079,20.473638923011908,0.4552862660615733,63.73074999409114,18.13299868483392,12.061889812703129,0.252689628590322,0.4408929362182747,0.6821268265411878,0.3556013898068276,76.50429799426934,74.21203438395415,75.07163323782235,57.02005730659025,,,
59,Mulan,1998,304320881,120620254.0,70000000,Animation,,Tony Bancroft,Disney,0,1,2766904,74781.18918918919,178380,True,77,100,7873,131077,78.73,43248,10674.0,15.5776,7.902,10352,88.0,5.865671641791045,100,True,0.0,1487,97754,0,1,17,21,7.7,343199.0,72.0,tt0120762,15,15,36,True,2,8,shittymoviedetails,0.14,success,tt0120762,True,5253.0,868.0,6.051843317972351,16.0,0.0,0.0044529475261042,0.1494312563960949,1.0,0.1647465437788018,0.1370967741935483,0.0,0.3717700258397933,5.722222222222222,0.3229974160206718,5.167958656330749,11.304909560723514,276.0,0.3179723502304147,189.0,1.3333333333333333,skipped_pre_youtube_era,,,,,,,,,,success,Rotten Tomatoes Classic Trailers,1194104,4532.0,0.0,1490117,28,0.7962239028677894,0.2549668874172185,138950,0.7397126361639078,0.8736477185009388,0.1037272632409876,38,0.5535135401551698,0.6666666666666667,0.5,0.6024395154044376,76.9084387620011,62.38414445585613,14.524294306144968,Overperformer,1,Mulan Collection,0,2,1,Animation,1,35.97944031981725,177000,12.08391066125752,-0.006199178806246,-0.174956309214959,12.08391066125752,-0.1339444755038691,0.3599771362881616,0.3782775027776924,0.441841824663479,19.533593235582085,0.2687207091319662,59.03525977434787,18.064005814299342,3.480831609062861,-0.2972233070572641,0.3804153896788299,0.3658867122671806,0.1894834480340709,21.48997134670487,71.06017191977078,61.60458452722063,49.570200573065904,-0.45199750940778205,0.6828783277028088,0.3055750262932351
60,The Jungle Book,1967,900000000,141843092.0,4000000,Family,,Wolfgang Reitherman,Disney,0,1,1960906,52997.45945945946,79033,True,61,100,6657,70659,66.57,61923,9325.0,11.3426,7.278,6633,78.0,2.003731343283582,100,False,,0,0,0,1,6,4,7.6,211042.0,65.0,tt0061852,14,14,57,True,0,10,moviedetails,0.1,success,tt0061852,True,6379.0,1082.0,5.8955637707948245,16.0,0.0,0.0031264048130961,0.1320933169463062,1.0,0.1358595194085027,0.1247689463955637,0.0,0.2811534500514933,5.922934076137419,2.059732234809475,5.406797116374872,2.832131822863027,362.0,0.3345656192236599,183.0,1.1666666666666667,skipped_pre_youtube_era,,,,,,,,,,success,Disney UK,345601,630.0,0.0,499940,59,0.7777412514916081,0.2019867549668874,77316,0.7030946989864042,0.8315891294335752,0.0300170069272832,10,0.3622888406341296,0.6511484326014197,0.0,0.503870206551932,60.382833230153786,72.51961738374533,-12.136784153591542,Underperformer,1,The Jungle Book Collection,0,2,1,Family,1,28.687882113183885,39900,10.594156665220533,-0.4162268811774287,-0.7348852707346765,10.594156665220533,-0.4213874663826795,-0.5012336235375401,-0.1836457939485082,0.3817567383688079,20.617905322399697,-0.2206611464355323,46.71847550637062,15.201805169084134,-16.912108525367657,-1.0511504508762997,-0.4371510198818449,-0.2631190933045315,-0.4572238832255748,3.43839541547278,34.097421203438394,38.96848137535817,22.349570200573066,-0.36684500119707797,0.7367213492472182,0.21922485488467416
61,101 Dalmatians,1961,215888778,80000000.0,4000000,Adventure,,Clyde Geronimi,Disney,0,1,1689872,45672.21621621621,65471,True,86,100,7174,14665,71.74,9368,12230.0,9.5687,7.173,6640,79.0,28.171641791044777,100,False,,0,0,0,0,0,0,,0.0,,,0,0,0,False,0,8,vudu,0.14,no_subtitle,tt0055254,False,,,,,,,,,,,,,,,,,,,,,skipped_pre_youtube_era,,,,,,,,,,success,sweetladystarlight,434736,1134.0,48.0,873208,65,0.769756395417305,0.2847682119205298,21839,0.6241272285188311,0.8316887895735452,0.5294663088867119,0,0.0,0.0,0.0,0.4433690558253059,50.23953241197376,59.90951886197476,-9.669986450000998,Underperformer,1,101 Dalmatians (Animated) Collection,0,2,1,Adventure,1,,25100,10.130662964963708,,,10.130662964963708,0.8723621970524652,-0.7691743458544184,-1.9212370331494864,-2.1394263807281715,19.190273920998674,-0.9401559833103328,28.610197508540097,15.201805169084134,-34.60633545723341,0.1672550499901739,-0.71751559990868,-1.9081477392969204,-2.8957392993262827,68.76790830945558,23.20916905444126,1.7191977077363898,0.2865329512893982,,,
62,The Lion King (1994),1994,763455278,302100000.0,45000000,Animation,Lion King,Roger Allers,Disney,0,0,5876416,158822.05405405405,323731,True,114,100,23658,206489,236.58,34794,,,,0,,2.925373134328358,100,False,,0,0,2,0,43,35,8.5,1248136.0,88.0,tt0110357,18,18,34,True,0,8,movies,0.16,no_imdb_id,,False,,,,,,,,,,,,,,,,,,,,,skipped_pre_youtube_era,,,,,,,,,,success,Disney Plus,7109655,31418.0,0.0,7986574,32,0.8366553975107616,0.3774834437086092,230147,0.7712329699435009,0.0,0.0476077637480417,78,0.660163191711948,0.7079879189072642,0.0,0.5009019052984388,59.88518364545074,70.59449796598227,-10.709314320531533,Underperformer,0,,0,0,0,,0,,14800,9.60245002503719,,,9.60245002503719,-0.0852575750461274,-1.0745285644395055,1.054964096347052,0.6018336765869136,20.453365107233587,0.1559099796374355,56.1960343259789,17.622173069956816,-1.3421120167676506,-0.315844577239827,-1.038518869535248,0.9836509359797752,0.1803380384283527,19.197707736389685,13.18051575931232,85.38681948424069,48.99713467048711,,,
63,The Little Mermaid,1989,210640166,84500000.0,40000000,Animation,,Ron Clements,Disney,0,1,3151380,85172.43243243243,415837,True,82,100,6919,97222,69.19,23470,10144.0,12.3176,7.4,8364,83.0,8.399253731343284,100,False,,0,0,2,0,16,9,7.6,309826.0,88.0,tt0097757,44,44,55,True,2,7,shittymoviedetails,0.16,success,tt0097757,True,6043.0,979.0,6.172625127681307,18.0,1.0,0.002265156248813,0.117120164520078,1.0,0.1910112359550561,0.1736465781409601,0.0,0.3377539503386004,6.024925224327019,0.8465011286681715,15.51918735891648,2.257336343115124,263.0,0.2686414708886619,196.0,1.0,skipped_pre_youtube_era,,,,,,,,,,success,quiteacharacter105,977467,2739.0,0.0,1683617,37,0.8032080687814591,0.271523178807947,104141,0.7216996149966817,0.853498607830947,0.1520840400883357,25,0.4922533652007107,0.9153088493882792,0.5,0.6234483408872502,80.43066658989316,59.24332541119293,21.18734117870024,Strong Overperformer,1,The Little Mermaid Collection,0,3,1,Animation,1,32.434221413205364,82100,11.315705475634308,-0.7582206572079255,-1.4633890852751783,11.315705475634308,0.0293935415327893,-0.0841140179376696,0.4326686736325073,1.404560065831198,19.165661865973888,0.4718110998788333,64.14664774525592,17.50439003707821,7.071885470191056,-0.2630858626998433,-0.059706754406595,0.44480834944219,1.0636979338209334,25.214899713467048,51.862464183381086,65.90257879656161,94.26934097421204,-1.0031524571363815,0.4227461418599154,0.8652103478042728
64,Beauty and the Beast (1991),1991,270400000,100000000.0,32000000,Romance,,Gary Trousdale,Disney,0,1,2824793,76345.75675675676,98226,True,88,100,18785,175334,187.85,40741,10020.0,15.3992,7.726,10611,84.0,3.4029850746268657,100,False,,0,0,2,0,34,32,8.0,502927.0,95.0,tt0101414,12,12,52,True,4,7,shittymoviedetails,0.22,success,tt0101414,True,7485.0,1195.0,6.2635983263598325,17.0,0.0,0.0015362392140634,0.128747992556713,1.0,0.1129707112970711,0.1548117154811715,0.2311604253351826,0.3220064724919094,6.647424511545293,1.3869625520110958,10.171058714748035,5.085529357374018,283.0,0.2368200836820083,215.0,1.5,skipped_pre_youtube_era,,,,,,,,,,success,Fandisgis,2386826,3796.0,0.0,3018897,35,0.7973353708681054,0.2913907284768212,194119,0.7605984090056672,0.8759827080172639,0.0567236215336979,66,0.6352709526485328,0.6167399530235154,0.7324867603589634,0.632446228380634,81.93920450160871,61.4928397002019,20.446364801406816,Strong Overperformer,1,Beauty and the Beast Collection,0,3,1,Romance,1,28.724114896459582,10000,9.210440366976515,-0.4821892121566929,-1.077988633855858,9.210440366976515,-0.2539333612399994,-1.301145130916609,0.9772407409874476,0.2485304668733391,19.415412905831307,-0.0709059080093089,50.48752199575541,17.281246492014,-6.452224009164908,-0.5192345167922607,-1.2754787292352363,0.9731013634851134,-0.0927927990671846,8.022922636103152,4.871060171919771,84.81375358166189,32.37822349570201,,,
65,Aladdin,1992,504050219,217350219.0,28000000,Animation,,Ron Clements,Disney,0,1,2698063,72920.62162162163,105807,True,95,100,7783,97565,77.83,35533,812.0,18.4316,7.653,11947,91.0,4.7611940298507465,100,True,0.3215434083601286,2177,109512,2,0,36,22,8.0,497512.0,86.0,tt0103639,0,0,4,True,1,5,moviedetails,0.4,success,tt0103639,True,7886.0,1380.0,5.714492753623189,16.0,1.0,0.0036589286317547,0.1591507653283023,1.0,0.1043478260869565,0.1456521739130434,0.0,0.3156879554222032,5.110823071937784,1.0715816545220749,7.929704243463351,2.7861123017573943,505.0,0.3659420289855072,254.0,1.125,skipped_pre_youtube_era,,,,,,,,,,success,Rotten Tomatoes Classic Trailers,1305025,3823.0,0.0,2454459,34,0.7948714827400938,0.314569536423841,105348,0.72241942720279,0.8871882732284816,0.0826468421116577,58,0.6160595627143017,0.0,0.3154648767857286,0.5250510911149778,63.93390756738236,67.0197512110098,-3.085843643627449,As Expected,1,Aladdin Collection,0,3,1,Animation,1,32.20897793558204,241000,12.392556361841775,-0.1771083480047321,-0.3032865000628487,12.392556361841775,-0.196842897140873,0.538401895694213,0.7905229375635109,-2.1394263807281715,20.038186463928767,-0.239633024878246,46.24099042743115,17.147715103853763,-11.23242857165885,-0.4530985280651033,0.571043952773279,0.7461516035210835,-2.540639101879821,11.461318051575931,78.22349570200574,78.79656160458453,0.8595988538681949,,,
66,Snow White and the Seven Dwarfs,1937,403000000,185000000.0,1500000,Fantasy,,David Hand,Disney,0,1,3861451,104363.54054054056,330111,True,113,100,15867,31588,158.67,22970,408.0,12.2399,7.122,7950,83.0,37.798507462686565,100,False,,0,0,0,1,13,6,7.6,236328.0,96.0,tt0029583,9,9,31,True,0,9,movies,0.12,success,tt0029583,True,4184.0,776.0,5.391752577319588,15.0,1.0,0.0177875961381116,0.142836956521996,1.0,0.268041237113402,0.1134020618556701,0.0,0.3163884673748103,4.362877997914494,1.5174506828528074,17.07132018209408,5.690440060698027,402.0,0.5180412371134021,161.0,1.0,skipped_pre_youtube_era,,,,,,,,,,success,Rotten Tomatoes Classic Trailers,1182572,4220.0,0.0,1452761,89,0.8141156449870249,0.3741721854304636,47455,0.6726044479219293,0.8487019601839925,0.7132078173788444,19,0.4526137502950825,0.5536546824812272,0.0,0.5915790581587519,75.08763232207511,65.61394047115596,9.473691850919153,Overperformer,0,,0,0,1,Fantasy,0,38.47992351816443,11100,9.314790473332646,0.6327147841839181,1.3087131512430594,9.314790473332646,1.5804762105805126,-1.240821456926192,0.4499404235181351,0.0042704622543304,19.814447122392348,0.390871485263845,62.10955593115508,14.220976332738882,-7.0995303280403945,0.5161847227735739,-1.1581176239335629,0.424971838884998,-1.1804047379388678,88.25214899713467,9.169054441260744,63.89684813753582,15.759312320916903,-0.8042723089823175,0.4813170249943021,0.5438194496655064
67,Cinderella,1950,269000000,100000000.0,3000000,Family,,Clyde Geronimi,Disney,0,1,1434734,38776.59459459459,52659,True,93,100,13450,35204,134.5,15337,11224.0,12.9219,7.0,7106,74.0,6.902985074626866,100,False,,0,0,0,3,6,9,7.3,184195.0,85.0,tt0042332,16,16,33,True,1,8,digitalcodesell,0.16,success,tt0042332,True,5246.0,983.0,5.336724313326552,18.0,0.0,0.0111029752433618,0.1424493483809331,1.0,0.1169888097660223,0.1180061037639877,0.0,0.3055374592833876,4.911985018726591,0.977198697068404,12.703583061889251,0.6514657980456027,399.0,0.4059003051881994,173.0,1.1666666666666667,skipped_pre_youtube_era,,,,,,,,,,success,AnimatedMoviesC,429444,1384.0,0.0,665594,76,0.7609706866502195,0.3079470198675497,48654,0.674163071060661,0.8380975013873632,0.1235257668692096,15,0.4188998431792545,0.6812438068750566,0.3154648767857286,0.5555446330385924,69.04629245640041,61.90836584453879,7.137926611861616,Overperformer,1,Cinderella Collection,0,3,1,Family,1,32.9775066717499,224000,12.319405795112926,0.0853510094189116,0.2050169803588318,12.319405795112926,-0.2541479743441281,0.4961143399488895,0.1590837013135265,0.4982830874816588,19.410221941283584,0.2129298478855321,57.63111290155439,14.914123179965662,-8.252157453212604,-1.123277791682373,0.5611591899766267,0.1589923526068359,-0.4464385845239619,3.151862464183381,77.93696275071633,53.86819484240688,22.922636103151863,-0.2572011901707127,0.7759049439853997,0.20058107562061644
68,Sleeping Beauty,1959,170000000,80000000.0,4000000,Fantasy,,Clyde Geronimi,Disney,0,1,1836599,49637.81081081081,76569,True,79,100,159737,3662935,1597.37,176513,,,,0,,22.625925925925927,100,False,,0,0,0,1,3,5,7.2,170874.0,85.0,tt0053285,14,14,18,True,3,49,nosleep,0.0374,success,tt0053285,True,4383.0,829.0,5.287092882991556,15.0,0.0,0.0027255113202037,0.1370749394558215,1.0,0.1399276236429433,0.1351025331724969,0.3885003885003885,0.3387723387723387,5.569250317662008,0.777000777000777,20.202020202020204,0.3885003885003885,318.0,0.3835946924004825,152.0,1.1428571428571428,skipped_pre_youtube_era,,,,,,,,,,success,Walt Disney Animation Studios,2629904,7157.0,2.0,3016059,67,0.7742257978447745,0.2615894039735099,3822672,0.946760862373362,0.0,0.4236189611121054,8,0.3319702714985457,0.6511484326014197,0.6309297535714573,0.5741230143193312,72.16104494923927,57.79877011914567,14.362274830093597,Overperformer,0,,0,0,1,Fantasy,0,34.67944330367329,55900,10.93133754807084,0.0245457367823925,0.0426239324069574,10.93133754807084,0.6118122422642267,-0.3063129822164316,-0.0568700472834911,0.3817567383688079,18.951309000896888,0.2320681916024355,58.11278758590522,15.201805169084134,-5.251785223430964,-0.1205715828893996,-0.2557758971830686,-0.0281969283894434,-0.3753874553141025,38.68194842406877,40.68767908309456,46.70487106017192,23.78223495702006,-0.9731749662782202,0.6099746992552988,0.2662978484548327
69,Tangled,2010,591794936,200821936.0,260000000,Animation,,Nathan Greno,Disney,0,1,3429570,92691.08108108108,143643,True,81,100,12621,184259,126.21,70229,38757.0,18.4449,7.61,12303,100.0,10.903846153846152,100,False,,0,0,0,1,10,42,7.7,540207.0,71.0,tt0398286,28,28,29,True,2,6,moviedetails,0.24,success,tt0398286,True,6237.0,994.0,6.274647887323944,17.0,0.0,-0.0099933740527301,0.1441829321561876,1.0,0.1690140845070422,0.1710261569416499,0.0,0.3032832498608792,6.205970149253731,1.1129660545353368,8.903728436282695,4.173622704507513,239.0,0.2404426559356136,169.0,1.0,success,gsYKF8ecC8g,Walt Disney Animation Studios,10.0,69.0,0.0,,,,comments_disabled,success,Walt Disney Animation Studios,8557089,15922.0,0.0,16086936,16,0.8077489575174593,0.2682119205298013,196880,0.761480611452587,0.8899628169788638,0.199887510663838,52,0.5998562450399421,0.8096634991879288,0.5,0.6406041130340469,83.3069120094126,68.00293606923427,15.303975940178333,Strong Overperformer,1,Tangled Collection,0,2,1,Animation,1,27.096360429693764,208000,12.245298166364206,-1.1040584594802585,-2.04405702954846,12.245298166364206,0.1792619244704325,0.453273516944994,0.3991091296135438,0.995511590551752,20.198670742638633,0.5480303315649074,66.06493675223132,19.376192192825958,12.326919926466031,0.1866580910605939,0.4706439209538178,0.3427633575241446,0.8402490885941758,71.34670487106017,75.07163323782235,59.59885386819485,84.5272206303725,0.10781550431808173,1.1278011981362326,0.3634773395532315
70,Wreck-It Ralph,2012,471222889,189394141.0,165000000,Family,,Rich Moore,Disney,0,1,1962838,53049.67567567567,83323,True,66,100,7535,74622,75.35,25099,82690.0,14.7413,7.355,13003,101.0,12.858695652173912,100,False,,0,0,0,1,33,42,7.7,494419.0,72.0,tt1772341,17,17,25,True,3,6,shittymoviedetails,0.2,success,tt1772341,True,38540.0,1.0,38540.0,38540.0,0.0,0.0,0.0,0.0,1.0,1.0,0.0,0.0007626601586333,18.05152224824356,0.0,0.0,0.0,0.0,,0.0,,success,vf4r5q8-aWo,Rotten Tomatoes Trailers,10.0,147.0,0.0,,,,comments_disabled,success,Walt Disney Animation Studios,13303279,36684.0,0.0,17351177,14,0.7777941125015746,0.2185430463576159,82157,0.7068882717945328,0.8951917002062324,0.2371984078913646,75,0.6543139638942169,0.6949875002403854,0.6309297535714573,0.6300529140753487,81.53795416736872,66.0791826786051,15.458771488763633,Strong Overperformer,1,Wreck-It Ralph Collection,0,2,1,Family,1,,52600,10.87049040995193,,,10.87049040995193,0.1318033090830195,-0.3414880582303268,0.6119531020389357,0.5514973255445218,19.970841767220247,0.2806737586736831,59.33609465589257,18.92145603792546,6.309742471779565,0.1707359106760347,-0.3289456338554188,0.5701110915500868,0.4529980419852326,69.62750716332378,38.10888252148997,70.20057306590259,63.03724928366762,-0.6019767478052898,0.6304514881235052,0.26970116706596364
71,Big Hero 6,2014,657463394,222500177.0,165000000,Adventure,,Don Hall,Disney,0,1,2622650,70882.43243243243,106289,True,75,100,12549,55647,125.49,18303,177572.0,22.7551,7.724,16482,102.0,4.51875,100,False,,0,0,1,0,17,58,7.8,548572.0,74.0,tt2245084,33,33,65,True,0,6,digitalcodesell,0.2,success,tt2245084,True,6920.0,1474.0,4.694708276797829,16.0,0.0,-0.0070214328864261,0.1527833063250779,1.0,0.2225237449118046,0.1356852103120759,0.0,0.3183713514839342,4.327704815509693,0.7358351729212657,7.113073338238902,7.603630120186411,660.0,0.4477611940298507,251.0,1.0,success,bT8qmoCgxZg,Rotten Tomatoes Trailers,10.0,100.0,0.0,,,,comments_disabled,success,Disney UK,28340867,45049.0,2112.0,70899554,12,0.7933497636456409,0.2483443708609271,68196,0.6952544080626644,0.9175948564258298,0.0780194760208529,75,0.6543139638942169,0.8479104735417233,0.0,0.5723391484160161,71.86197148932479,69.02104335719932,2.8409281321254696,As Expected,0,,0,0,1,Adventure,0,36.27167630057804,69000,11.141876276228,0.2203102516755987,0.4985718396650183,11.141876276228,-0.2166619751865025,-0.1846028082338113,0.6114874920926348,1.1436001388295716,20.303899647462593,0.3434421839633523,60.91585317030868,18.92145603792546,7.923929391884293,-0.1513113466994592,-0.1697394371457805,0.5479968169879142,1.0346577710215787,34.95702005730659,46.41833810888252,69.05444126074498,93.40974212034384,,,
72,Moana,2016,643331588,248742475.0,250000000,Adventure,,Ron Clements,Disney,0,1,6342631,171422.45945945947,491102,True,16,100,24862,386658,248.62,65418,277834.0,3.73,7.565,13666,107.0,7.720588235294118,100,False,,0,0,0,2,22,90,7.6,436011.0,81.0,tt3521164,11,11,20,True,3,3,moviedetails,0.38,success,tt3521164,True,6536.0,1233.0,5.300892133008921,15.0,0.0,-0.005925423139535,0.1696160269599953,1.0,0.1354420113544201,0.1030008110300081,0.2688172043010752,0.2884408602150538,6.201138519924099,1.075268817204301,14.516129032258066,2.688172043010753,485.0,0.3933495539334955,151.0,2.0,success,n7f6hlKsxxo,Disney,10.0,-3449.0,14211.0,,,,too_many_comments_to_reach_window,success,Walt Disney Animation Studios,49669650,186188.0,0.0,59472724,10,0.8407535574258678,0.0529801324503311,411520,0.807534203632095,0.8998908755629859,0.1391308083451147,112,0.7142429744525433,0.5974937501201928,0.6309297535714573,0.6331243816618551,82.05290007019951,68.7481270359165,13.304773034283016,Overperformer,1,Moana Collection,0,2,1,Adventure,1,23.10281517747858,261000,12.472279517715116,0.5818830324994974,1.0290594093961374,12.472279517715116,0.179117626991023,0.5844889945226278,0.7857638661000046,0.1740110494300442,20.282170839792457,0.4830833312278179,64.43034776429968,19.33697147982652,11.901235404406712,0.2741239104997413,0.5971512881843348,0.7234925958088789,0.0971366694056585,78.79656160458453,78.79656160458453,77.36389684813754,42.40687679083094,-1.021824147363529,0.43483256115513397,0.5362206362301368
73,Zootopia,2016,1023784195,383688113.0,150000000,Animation,,Byron Howard,Disney,0,1,4974946,134458.0,549639,True,88,100,22335,299507,223.35,57197,269149.0,23.6918,7.759,17959,109.0,6.382352941176471,100,True,26.26685262668526,4302,170192,1,0,49,75,8.0,625023.0,78.0,tt2948356,32,32,25,True,4,4,shittymoviedetails,0.3400000000000001,success,tt2948356,True,10486.0,2014.0,5.206554121151936,15.0,7.0,-0.0064834936111003,0.1507372269465286,1.0,0.1777557100297914,0.1300893743793446,0.0,0.2837682586574758,4.31700288184438,1.1488593467914,6.564910553093714,5.416051206302314,993.0,0.4930486593843098,327.0,1.5,success,lvEzTjuM81A,Rotten Tomatoes Trailers,10.0,41.0,0.0,,,,comments_disabled,success,Walt Disney Animation Studios,28887343,110658.0,0.0,50030575,10,0.8277162067556931,0.2913907284768212,321842,0.7921803401650968,0.9257045395852104,0.1135888115991837,124,0.729491486116366,0.8407323532264089,0.7324867603589634,0.6873187773204534,91.13884391130912,72.95145560507359,18.187388306235533,Strong Overperformer,1,Zootopia Collection,0,2,1,Animation,1,31.18443639137898,365000,12.807655372286902,0.7948624852724078,1.554650130640281,12.807655372286902,0.0469559317893818,0.7783661684126125,0.9445920664245738,1.1158071582129765,20.746771595259897,0.7640706333595004,71.50224865932488,18.8261458587272,18.412159582500315,0.1377224720234073,0.7969501493952009,0.8523745701475602,0.9832636201991728,64.46991404011462,84.2406876790831,81.9484240687679,90.54441260744986,,,
75,Raya and the Last Dragon,2021,132248351,43321682.0,100000000,Animation,,Don Hall,Disney,0,1,2183169,59004.56756756757,115328,True,55,100,13475,14874,134.75,5328,527774.0,11.9174,7.801,7232,107.0,6.342105263157895,100,False,,0,0,0,1,13,62,7.3,186413.0,74.0,tt5109280,7,7,18,True,0,5,digitalcodesell,0.32,success,tt5109280,True,7191.0,1365.0,5.268131868131868,13.0,0.0,-0.0047176104318961,0.1472515010028793,1.0,0.1208791208791208,0.1589743589743589,0.0,0.2822504708097928,5.480945121951219,1.6478342749529191,8.709981167608287,2.824858757062147,489.0,0.3582417582417582,149.0,1.0,success,1VIZ89FEjYI,Walt Disney Animation Studios,10.0,35.0,24202.0,,,,too_many_comments_to_reach_window,success,Walt Disney Animation Studios,24674264,291656.0,24203.0,46255793,5,0.7835047407851868,0.1821192052980132,28349,0.6404235562112144,0.8397581988149195,0.1128206312459226,75,0.6543139638942169,0.5,0.0,0.5136868593245876,62.02864096942452,54.953292143983305,7.075348825441218,Overperformer,0,,0,0,1,Animation,0,20.720344875538867,16400,9.70509758756311,-0.8210961408848512,-1.2647583832700102,9.70509758756311,-0.172108530642823,-1.0151891127230697,0.455835361985373,-0.2034752266844336,18.700192167377402,-0.2284205173763363,46.52318731404018,18.420680753952364,-3.0043454439176145,0.01097761682957,-1.0275006497867494,0.495078976906501,-0.0171335302816276,53.29512893982808,13.753581661891118,67.3352435530086,36.96275071633238,-0.8856684147736046,0.4961327989383725,0.37210765770520965
76,Turning Red,2022,479263394,200636479.0,175000000,Animation,,Domee Shi,Pixar,0,1,2934858,79320.48648648648,184229,True,59,100,34438,408984,344.38,43889,508947.0,26.1876,7.318,5742,100.0,4.890625,100,False,,0,0,0,1,9,92,6.9,171863.0,83.0,tt8097030,34,34,99,True,2,6,moviedetails,0.2,success,tt8097030,True,8349.0,1695.0,4.925663716814159,15.0,2.0,-0.011177578566959,0.1730717557275067,1.0,0.2589970501474926,0.1793510324483775,0.4044489383215369,0.2764408493427704,4.3461738677772,1.0111223458038423,11.122345803842263,3.033367037411527,745.0,0.43952802359882,236.0,2.0,success,XdKzUbAiswE,Pixar,9.0,112.0,23479.0,,,,too_many_comments_to_reach_window,success,Pixar,57500914,505717.0,23479.0,106853914,4,0.7993871706404705,0.195364238410596,443422,0.8121981595129091,0.8179598729684217,0.085117203962751,101,0.6987694823442857,0.8548805028241611,0.5,0.6375261960816976,82.7908848402415,66.21715864007106,16.57372620017044,Strong Overperformer,0,,0,0,1,Animation,0,28.266858306384,87600,11.38054769238444,1.0032951763810427,1.7745679406178674,11.38054769238444,-0.1680844356856379,-0.0466294299421245,0.4996282346144275,1.1705874112956796,19.98776088942119,0.3708665063840328,61.60606973454821,18.980296537602072,10.742164881926591,0.0179806065347854,-0.0434919954393426,0.4557899708212456,1.217382900799355,54.15472779369628,52.43553008595988,66.189111747851,97.7077363896848,-1.055119390303203,0.46312365898527236,0.44169543912508175
77,Lightyear,2022,226437552,118899961.0,200000000,Animation,Toy Story,Angus MacLane,Pixar,0,1,2212058,59785.35135135135,151956,True,49,100,8461,82186,84.61,19061,718789.0,8.3245,6.879,3755,105.0,4.796875,100,False,,0,0,0,0,2,22,6.1,134805.0,60.0,tt10298810,8,8,51,True,5,5,shittymoviedetails,0.32,success,tt10298810,True,8664.0,1580.0,5.483544303797468,17.0,3.0,-0.0149422041617685,0.1374314517331417,1.0,0.080379746835443,0.1797468354430379,0.1956181533646322,0.2650625978090767,4.447638603696099,0.3912363067292644,1.7605633802816902,4.107981220657277,669.0,0.4234177215189873,238.0,1.1666666666666667,success,BwZs3H_UN3k,Pixar,10.0,126.0,0.0,,,,comments_disabled,success,Pixar,22088146,443960.0,0.0,58201759,4,0.7842103860650861,0.162251655629139,90647,0.7130311396111213,0.7778329631216455,0.0833278607841212,24,0.4863276574109106,0.5283208335737188,0.8154648767857287,0.584800889865768,73.95124071354778,59.56840434946474,14.382836364083031,Overperformer,0,,0,0,1,Animation,0,27.46999076638966,124000,11.728044909070784,-0.0572940954541836,0.0591183203797682,11.728044909070784,-0.247355933767028,0.1542549729967973,-0.4978685766716769,-0.0938197258033904,19.237979760679714,-0.2010852948644625,47.21116140781911,19.11382792951231,-2.747429040835442,-0.054448716925354,0.1478358810599321,-0.4933790776340472,0.0428156609070785,46.13180515759313,63.03724928366762,29.22636103151863,40.97421203438395,,,
78,Elemental,2023,495771956,143005340.0,175000000,Animation,,Peter Sohn,Pixar,0,1,10560193,285410.6216216216,1903802,True,24,100,39328,145011,393.28,20035,976573.0,13.9801,7.578,5241,102.0,5.075221238938053,100,True,25.37033173377843,4793,225355,0,1,3,69,7.0,163663.0,58.0,tt15789038,12,12,36,True,6,3,shittymoviedetails,0.44,success,tt15789038,True,6979.0,1224.0,5.701797385620915,18.0,0.0,-0.0040643588437706,0.18074343940822,1.0,0.0898692810457516,0.1601307189542483,0.2526528549772612,0.2690752905507832,4.963726884779517,1.010611419909045,15.159171298635677,0.5053057099545225,535.0,0.4370915032679738,181.0,2.0,success,hXzcyx9V0xw,Pixar,10.0,77.0,12201.0,,,,too_many_comments_to_reach_window,success,Pixar,51212145,233950.0,12201.0,67439258,3,0.8681186655208855,0.0794701986754966,184339,0.7573692601101388,0.8093341203672264,0.0886404681861592,72,0.6482291342554843,0.6167399530235154,0.8856218745807111,0.6379011600350643,82.85374930032684,66.51629056850817,16.33745873181867,Strong Overperformer,0,,0,0,1,Animation,0,25.93494770024359,266000,12.491255347155263,0.8976216979017329,1.616985799603252,12.491255347155263,0.1786907292063105,0.5954587173989858,-0.0517545653129395,0.2485304668733391,20.021626614852373,0.2710708283819416,59.09440767996935,18.980296537602072,8.40789966820671,0.379175411343167,0.5980657324495416,-0.0978662441794871,0.3060003192227929,83.95415472779369,79.36962750716332,45.27220630372493,55.01432664756448,-2.6885896964153746,0.0947778758750142,1.6030341160169264
79,Wish,2023,261929843,88026489.0,250000000,Animation,,Chris Buck,Disney,0,1,7928416,214281.51351351352,1416349,True,30,100,55943,210668,559.43,24044,1022796.0,8.9407,6.22,1763,95.0,8.473451327433628,100,False,,0,0,0,0,1,22,5.5,49621.0,47.0,tt11304740,4,4,80,True,4,4,shittymoviedetails,0.3,success,tt11304740,True,9111.0,1664.0,5.475360576923077,19.0,0.0,0.0022340055825055,0.1852804663655366,1.0,0.110576923076923,0.1538461538461538,0.0,0.2683808758537565,5.659006211180124,1.004419445560466,10.847730012053034,1.8079550020088389,746.0,0.4483173076923077,177.0,2.0,success,oyRxxpD3yNw,Walt Disney Animation Studios,10.0,46.0,14921.0,,,,too_many_comments_to_reach_window,success,Walt Disney Animation Studios,15953851,82480.0,14921.0,27459773,3,0.8527323957986969,0.0993377483443708,266611,0.7804199341539804,0.7064132761574705,0.1535001996876422,23,0.4801600181337137,0.3869880158145604,0.7324867603589634,0.5825190678402076,73.56868258133325,60.811045009895736,12.757637571437511,Overperformer,0,,0,0,1,Animation,0,19.42706618373395,46300000,17.650652540654736,0.6855366672890876,1.352474259241248,16.776047581987566,0.2762658082331046,3.0724510168467787,-0.9061752145360908,-0.6410465890935825,19.383587254875952,0.4648046649651306,63.97030948028361,19.33697147982652,14.05419458824931,0.482572958486113,3.066925738646123,-0.911161538704234,-0.5071259055390471,86.81948424068769,98.8538681948424,17.191977077363894,21.20343839541547,-0.29500605999764257,0.5470985155195681,0.9471040964790932
81,Madagascar 3,2012,746921139,244406078.0,135000000,Animation,Madagascar,Eric Darnell,DreamWorks,1,1,1182350,31955.405405405407,43233,True,52,100,10246,4760,102.46,2226,80321.0,10.1193,6.63,6516,93.0,5.228260869565218,100,False,,0,0,0,0,3,20,6.8,215044.0,60.0,tt1277953,10,10,40,True,1,5,digitalcodesell,0.4,success,tt1277953,True,7196.0,1188.0,6.057239057239057,18.0,1.0,-0.0040864173402794,0.1466742765256821,1.0,0.4343434343434343,0.1801346801346801,0.0,0.3197647058823529,4.4723430702299565,0.9411764705882352,9.411764705882351,2.352941176470588,482.0,0.4057239057239057,288.0,1.5,success,laNiRXqh82Q,Rotten Tomatoes Trailers,10.0,180.0,0.0,,,,comments_disabled,success,Universal Kids,8337381,12780.0,0.0,11259809,14,0.7505852491943892,0.1721854304635761,15006,0.6006884010269467,0.8299076309311042,0.0915614326568017,23,0.4801600181337137,0.5765719364395496,0.3154648767857286,0.5168398625853147,62.55725670929313,70.18697144718229,-7.629714737889159,Underperformer,1,Madagascar Collection,2,3,1,Animation,1,40.02223457476376,13300,9.495594499353295,0.751669373942128,1.2130093040247916,9.495594499353295,-0.3904327203460473,-1.1363005943925075,-0.2910730987803277,0.093003830750586,20.43147016858186,-0.470486392325213,40.43086262634392,18.72078534381011,-13.151669902463752,-0.3557036120616911,-1.1178871133482309,-0.3626052938854603,-0.0606886373828721,16.332378223495702,10.31518624641834,35.24355300859599,34.097421203438394,,,
82,Kung Fu Panda 3,2016,521665856,143697201.0,145000000,Animation,Kung Fu Panda,Jennifer Yuh Nelson,DreamWorks,1,1,2084198,56329.67567567567,339905,True,46,100,4996,57724,49.96,40930,140300.0,11.4114,6.921,6533,95.0,5.8088235294117645,100,False,,0,0,0,0,1,10,7.1,215526.0,66.0,tt2267968,27,27,24,True,0,6,digitalcodesell,0.24,success,tt2267968,True,7239.0,1470.0,4.924489795918367,13.0,0.0,0.0024902818270165,0.1796152575624391,1.0,0.2605442176870748,0.1809523809523809,0.0,0.2637231503579952,4.278368794326241,1.1933174224343677,6.921241050119332,7.398568019093079,647.0,0.4401360544217687,247.0,2.0,success,H-30B0cqh88,Rotten Tomatoes Trailers,10.0,37.0,0.0,,,,comments_disabled,success,Universal Kids,28176084,105197.0,0.0,43970314,10,0.7810144226467635,0.152317880794702,62720,0.6900257523643619,0.83015381691273,0.1026422415652133,11,0.3754350573389001,0.801225820342934,0.0,0.5203855166976731,63.15170220044377,67.00263655993882,-3.85093435949505,As Expected,1,Kung Fu Panda Collection,2,4,1,Animation,1,34.120734908136484,30900,10.33854382482173,1.243259640344492,2.1165918408268536,10.33854382482173,-0.2114967496919706,-0.6490006569448417,-0.3692537195373769,0.962841722356916,20.072537820192537,-0.0891208698388907,50.02908702774001,18.7922443072814,-2.246906408621939,-0.11457744694137,-0.6390102943542626,-0.4180129201532667,0.9110858845444674,39.54154727793696,26.07449856733524,32.37822349570201,88.53868194842407,-1.1370422710783596,0.31900563366349993,1.032654753531677
83,Rise of the Guardians,2012,306066279,103415362.0,145000000,Action,,Peter Ramsey,DreamWorks,0,1,1533234,41438.75675675676,126500,True,42,100,21147,110466,211.47,42459,81188.0,11.6876,7.372,7103,97.0,8.130434782608695,100,True,27.228303362001565,5116,294498,0,0,14,32,7.2,207985.0,58.0,tt1446192,27,27,55,True,1,9,movies,0.12,success,tt1446192,True,6434.0,1267.0,5.078137332280979,15.0,0.0,-0.0161544694891182,0.1541605574919862,1.0,0.2888713496448303,0.2020520915548539,0.0,0.2637774210807919,4.362033898305085,1.070090957731407,6.153023006955591,2.675227394328518,532.0,0.4198895027624309,193.0,1.5,success,-ImaCIv_cf8,Rotten Tomatoes Trailers,10.0,134.0,0.0,,,,comments_disabled,success,Universal Kids,7536621,24879.0,0.0,7924079,14,0.7645349142776282,0.1390728476821192,131613,0.7363239925927458,0.8380576030715172,0.1469532736648193,46,0.5817040997232494,0.801225820342934,0.3154648767857286,0.5824196335011116,73.55201194943626,62.29271835409909,11.25929359533717,Overperformer,0,,0,0,1,Action,0,29.99689151383276,36100,10.494075844768336,0.4105822990310431,0.7751201145897239,10.494075844768336,-0.1741288130076125,-0.5590892692716002,0.0930940887704553,0.962841722356916,19.539312237769167,0.0754464208549885,54.17092390620689,18.7922443072814,1.6656169762001554,-0.1312582616829383,-0.5520470144789938,0.0790666710399074,0.9160489529808458,37.82234957020057,29.22636103151863,50.71633237822349,89.11174785100286,,,
84,The Croods,2013,587204057,187695345.0,135000000,Animation,,Kirk DeMicco,DreamWorks,0,1,1483403,40091.97297297297,89825,True,58,100,11836,6467,118.36,1943,49519.0,9.44,6.934,7490,99.0,9.668604651162791,100,False,,0,0,0,1,5,46,7.1,249657.0,55.0,tt0481499,16,16,42,True,0,8,dreamworks,0.16,success,tt0481499,True,5176.0,1021.0,5.069539666993144,16.0,1.0,-0.0160323543036569,0.1879018062961268,1.0,0.2135161606268364,0.1586679725759059,0.0,0.2769491525423729,3.9693251533742338,2.7118644067796613,6.779661016949152,2.7118644067796613,488.0,0.4779627815866797,152.0,1.5,success,bW7zc6DWdeg,20th Century Studios,10.0,1.0,106.0,1.0,3.0,0.3333333333333333,success,success,Universal Kids,15913462,32044.0,0.0,17421496,13,0.7627613580857173,0.1920529801324503,18303,0.613094293009849,0.8430702443062572,0.1763112871247781,51,0.5969783259955244,0.6812438068750566,0.0,0.52413679466252,63.78062149194588,68.06189309935863,-4.281271607412748,As Expected,1,The Croods Collection,0,2,1,Animation,1,29.36630602782071,16600,9.717218213494077,0.6518810246407729,1.303574827208708,9.717218213494077,-0.1044829502649735,-1.0081823092539473,-0.0718847181139484,0.4982830874816588,20.190882946003644,-0.1740569142358531,47.891412891457215,18.72078534381011,-5.182337812901416,-0.0528296645083386,-0.9937973576483312,-0.1280002365160922,0.3881503452580681,46.41833810888252,16.045845272206304,43.83954154727794,59.31232091690545,,,
85,The Croods: A New Age,2020,469891341,127369050.0,140000000,Animation,Croods,Joel Crawford,DreamWorks,1,1,990410,26767.83783783784,58087,True,42,100,9650,4523,96.5,1938,529203.0,7.7959,7.444,4110,95.0,6.943181818181818,100,False,,0,0,0,0,0,31,6.9,60294.0,56.0,tt2850386,2,2,34,True,0,3,digitalcodesell,0.5399999999999999,success,tt2850386,True,8818.0,1620.0,5.44320987654321,18.0,0.0,-0.0023486064689768,0.1315849952130502,1.0,0.2450617283950617,0.2067901234567901,0.0,0.2415108737123235,4.219138755980861,0.7630675314765357,13.54444868370851,4.578405188859214,645.0,0.3981481481481481,210.0,1.1666666666666667,success,GkXeVIfbJOw,Universal Kids,10.0,64.0,0.0,,,,comments_disabled,success,Universal Kids,50783744,32677.0,0.0,96560930,6,0.7410766602242104,0.1390728476821192,14173,0.597121136310081,0.7863673472814637,0.1242929750706303,31,0.5236248039740681,0.2641604167868594,0.0,0.4513913983863724,51.584515654211074,66.0862124215256,-14.501696767314527,Underperformer,1,The Croods Collection,1,2,1,Animation,1,23.81492401905194,2670,7.890208213109961,-0.3214933956741135,-0.3964469267947407,8.194104962229963,-0.3497513106619153,-1.888677695680953,-0.4915210714933391,-1.116623053265781,19.968012038706448,-1.0022911612710592,27.046376591013075,18.757152987716434,-24.230257969439013,-0.1929634164953718,-1.8838678478163529,-0.533905263320877,-1.0969256364293765,30.945558739255013,1.146131805157593,27.793696275071632,16.9054441260745,-0.6246854930863022,0.6691776522284997,0.38897060568594277
86,Megamind,2010,468683387,148760930.0,130000000,Animation,,Tom McGrath,DreamWorks,0,1,2400400,64875.67567567567,237735,True,46,100,9410,215297,94.1,49950,38055.0,12.1184,7.022,7414,96.0,3.870192307692308,100,True,24.26486604225659,4591,222423,0,0,2,16,7.3,322951.0,63.0,tt1001526,27,27,68,True,4,4,shittymoviedetails,0.3400000000000001,success,tt1001526,True,8795.0,1361.0,6.462160176340926,21.0,12.0,-0.004587076108881,0.1238060258772523,1.0,0.1072740631888317,0.1616458486407053,0.0,0.308010234205865,5.310990338164252,3.148986419996064,5.707537886242866,6.494784491241881,543.0,0.3989713445995591,254.0,1.1666666666666667,success,h-NWuKgvSM8,movie6online,10.0,-19.0,0.0,0.0,0.0,0.0,success,success,Rotten Tomatoes Classic Trailers,1028552,6182.0,0.0,1897758,16,0.7885965544459624,0.152317880794702,224707,0.7697387374342817,0.8421066057217836,0.0656408916722807,18,0.4448640423045896,0.801225820342934,0.7324867603589634,0.6155312584955741,79.10333070724283,66.07792084203697,13.02540986520586,Overperformer,1,Megamind Collection,0,2,1,Animation,1,28.880045480386585,102000,11.53273789613992,-0.1124967601259629,-0.0976188485383981,11.53273789613992,-0.2730296536483627,0.0413500897389437,-0.2130445183583468,0.962841722356916,19.965438019550938,0.1050101582545055,54.914985361617255,18.683045016112164,1.458582643747924,-0.263505107244969,0.0557477666420324,-0.2543570823638267,0.8355255144100069,24.92836676217765,57.879656160458445,39.54154727793696,84.2406876790831,-0.8195322675062758,0.4983290710398636,0.6272800245776963
87,Trolls,2016,344587573,153724407.0,125000000,Adventure,Trolls,Mike Mitchell,DreamWorks,0,1,2037555,55069.05405405405,0,True,41,100,12632,35962,126.32,18115,136799.0,9.7834,6.628,3792,92.0,7.470588235294118,100,False,,0,0,0,1,4,37,6.4,97374.0,55.0,tt1679335,0,0,21,True,0,6,movies,0.22,success,tt1679335,True,8392.0,1678.0,5.00119189511323,14.0,1.0,-0.0053987497074505,0.1532740826852374,1.0,0.2169249106078665,0.1132300357568533,0.0,0.221010101010101,5.521052631578947,0.8080808080808081,8.080808080808081,2.2222222222222223,602.0,0.3587604290822407,188.0,1.25,success,PXrm5eU6HtY,Rotten Tomatoes Trailers,10.0,105.0,0.0,,,,comments_disabled,success,Universal Kids,36049014,54543.0,0.0,43659707,10,0.7797994904901556,0.1357615894039735,48594,0.674085992393465,0.7787593101628025,0.1343592265354352,41,0.5647102306936961,0.0,0.0,0.4521361322563149,51.70937376982687,63.36875487273372,-11.659381102906847,Underperformer,1,The Trolls Collection,0,3,1,Adventure,1,22.402287893231648,391000,12.876465396508989,-0.4642855581525613,-0.7092277226646352,12.876465396508989,-0.1328131645714216,0.8181445032259912,-0.3153816379243527,-2.1394263807281715,19.657858822208883,-0.4548212558303264,40.82512347713128,18.643824303266577,-10.950170681126174,-0.0321096826687904,0.82284946897703,-0.3374123607255087,-2.1414947602616947,49.8567335243553,84.81375358166189,35.816618911174785,3.7249283667621778,,,
88,Trolls World Tour,2020,380616879,126872339.0,80000000,Family,Trolls,Walt Dohrn,DreamWorks,1,1,1406280,38007.56756756757,132568,True,36,100,10810,13164,108.1,3310,446893.0,9.2488,7.239,2257,91.0,5.193181818181818,100,False,,0,0,0,0,4,21,6.1,32498.0,51.0,tt6587640,5,5,76,True,0,6,digitalcodesell,0.24,success,tt6587640,True,9685.0,1869.0,5.181915462814339,13.0,1.0,0.0034239243308264,0.1335954967777463,1.0,0.1187800963081862,0.1054039593365436,0.3373819163292847,0.2294197031039136,6.937679083094556,0.6747638326585694,10.964912280701752,2.3616734143049936,522.0,0.2792937399678972,272.0,1.1,success,3cCoDDhFpmY,Universal Pictures UK,10.0,109.0,0.0,,,,comments_disabled,success,Universal Kids,42404638,106964.0,,62187994,6,0.7598954269856149,0.119205298013245,23974,0.6299533207742652,0.7297446942050441,0.0908919024028744,25,0.4922533652007107,0.430827083453526,0.0,0.464261983879516,53.742329494032894,64.33412716548824,-10.591797671455346,Underperformer,1,The Trolls Collection,1,3,1,Family,1,28.08466701084151,6380,8.761080103868347,-0.7709829255741584,-1.4279864793524808,8.761080103868347,-0.346520080000281,-1.5609154652512285,-0.546995651428204,-0.4713060019178684,19.757303862867545,-0.7733168666670115,32.80921180336464,18.197537205138158,-18.213005648803097,-0.1878093551862993,-1.558791252135577,-0.5757984734958121,-0.426361216039551,31.23209169054441,3.7249283667621778,26.07449856733524,23.20916905444126,-1.2851739874862977,0.30963865454708506,0.7511924202742583
89,Kung Fu Panda,2008,631744560,215398809.0,130000000,Action,Kung Fu Panda,Mark Osborne,DreamWorks,0,1,3934483,106337.37837837836,522606,True,26,100,11054,114526,110.54,64358,9502.0,17.2906,7.318,12536,90.0,10.508620689655173,100,True,25.90226764611945,3131,167451,0,1,15,39,7.6,574537.0,74.0,tt0441773,28,28,23,True,0,5,movies,0.28,success,tt0441773,True,5793.0,977.0,5.929375639713409,18.0,2.0,-0.0030957598639277,0.1746772481997037,1.0,0.2282497441146366,0.1821903787103377,0.0,0.3003402412619858,4.619617224880383,1.546551190844417,1.546551190844417,8.042066192390969,385.0,0.3940634595701126,167.0,1.3333333333333333,success,NRc-ze7Wrxw,Universal Kids,10.0,-917.0,0.0,,,,comments_disabled,success,TrailersPlaygroundHD,4046151,12007.0,0.0,6519971,18,0.8151213875251118,0.086092715231788,125580,0.7333929442779945,0.8917356079250478,0.1923441081212149,54,0.605452669339585,0.8096634991879288,0.0,0.5682317263411777,71.17334297247935,68.71504530941678,2.4582976630625666,As Expected,1,Kung Fu Panda Collection,0,4,1,Action,1,28.827895736233387,171000,12.049424683420916,0.0536940667430235,0.1542765571566746,12.049424683420916,0.1953178516562745,0.3400411634664745,0.4707185268418012,0.995511590551752,20.263995694777233,0.5453935710215211,65.99857464581127,18.683045016112164,11.745106749712484,0.1726605238796081,0.3601683106703496,0.4103433243867556,0.8029573455204968,70.48710601719198,70.48710601719198,62.75071633237822,83.3810888252149,-0.9904350407975107,0.3799660865907168,0.9183941927134667
90,Kung Fu Panda 2,2011,665527395,165002051.0,150000000,Animation,Kung Fu Panda,Jennifer Yuh Nelson,DreamWorks,1,1,1686203,45573.05405405405,249503,True,50,100,4621,57578,46.21,27695,49444.0,12.0018,7.059,7820,91.0,5.76530612244898,100,False,,0,0,0,1,5,47,7.3,349971.0,67.0,tt1302011,24,24,28,True,1,6,moviedetails,0.2,success,tt1302011,True,5401.0,875.0,6.172571428571429,18.0,2.0,-0.0053229405515119,0.1637793995336403,1.0,0.2754285714285714,0.2057142857142857,0.0,0.3208692873122403,4.408979591836735,0.9587727708533076,5.113454777884308,14.381591562799615,328.0,0.3748571428571428,196.0,1.25,success,FQ63rqSRrEI,Universal Kids,10.0,80.0,0.0,,,,comments_disabled,success,Universal Kids,3217360,13647.0,0.0,5597873,15,0.7696397239325226,0.1655629139072847,62199,0.6895047048958605,0.8471441147651142,0.1018116540953411,52,0.5998562450399421,0.7739760316291208,0.3154648767857286,0.5722104693879299,71.84039784857261,69.14729944105449,2.693098407518121,As Expected,1,Kung Fu Panda Collection,1,4,1,Animation,1,36.28957600444362,41100,10.623787731088578,0.1723241688885745,0.2446506749670307,10.623787731088578,-0.2695467549133459,-0.4841042231005895,0.1557268562053072,0.8573332025410063,20.316090360992714,0.0512079057288672,53.56088788139688,18.8261458587272,-0.1006182686461656,-0.2484934246864935,-0.466199281110089,0.0917221337630046,0.702733510905847,26.36103151862464,32.95128939828081,51.28939828080229,77.07736389684814,-0.834071915718201,0.41329731770999323,0.887385921711829
91,How to Train Your Dragon,2010,494878759,217588003.0,165000000,Fantasy,Dragons,Dean DeBlois,DreamWorks,0,1,2045226,73043.78571428571,361544,True,19,100,10823,55077,108.23,19749,10191.0,15.2468,7.857,14263,98.0,8.110576923076923,100,True,25.012201073694484,4098,197513,0,2,25,63,8.1,882954.0,75.0,tt0892769,35,35,17,True,0,8,digitalcodesell,0.16,success,tt0892769,True,5620.0,872.0,6.444954128440367,16.0,1.0,-0.0187790961586833,0.1771688812893135,1.0,0.2717889908256881,0.1513761467889908,0.6191950464396285,0.3331269349845201,4.587755102040816,0.9287925696594428,3.7151702786377694,18.88544891640867,337.0,0.3864678899082568,189.0,1.1,success,22w7z_lT6YM,Universal Pictures,10.0,-5446.0,16544.0,,,,too_many_comments_to_reach_window,success,Universal Pictures,45832026,264390.0,16545.0,47095956,16,0.7800011995389374,0.0629139072847682,65900,0.6931151433467395,0.9039311599738632,0.1465742600595354,88,0.6781709296756199,0.8616541669070521,0.0,0.5599477109672193,69.78448905959817,66.51183127805155,3.272657781546627,As Expected,1,How to Train Your Dragon Collection,0,3,1,Fantasy,1,33.629893238434164,146000,11.891368749982083,-0.0538516746009484,-0.0675153072416047,11.891368749982083,-0.0992232544792022,0.2486707285531129,0.7794939470357565,1.1968143768924344,20.019823361239958,0.553758329998943,66.2090992711247,18.92145603792546,12.687029612186336,-0.0901950049155239,0.2637615876874652,0.7346759308471424,1.062981635893941,41.83381088825215,67.3352435530086,78.22349570200574,93.98280802292264,0.32332404005900095,1.7849995642632484,0.8528266721928405
92,How to Train Your Dragon 2,2014,618876695,258686621.0,145000000,Fantasy,Dragons,Dean DeBlois,DreamWorks,1,1,1798076,48596.64864864865,232488,True,47,100,13690,64048,136.9,19753,82702.0,12.3611,7.679,10353,102.0,4.55,100,True,24.167987321711568,3786,221067,0,1,15,61,7.8,398152.0,77.0,tt1646971,24,24,73,True,0,4,digitalcodesell,0.36,success,tt1646971,True,14675.0,2641.0,5.5566073457023855,15.0,1.0,-0.0286239865565878,0.1410115740527677,1.0,0.1279818250662627,0.074214312760318,0.0,0.1460127293148633,9.976206662134604,0.6239860227130912,30.57531511294147,3.743916136278547,667.0,0.2525558500567966,190.0,1.3333333333333333,success,2BP38770KNo,Rotten Tomatoes Trailers,10.0,167.0,0.0,,,,comments_disabled,success,DreamWorks Dragons,12158008,57384.0,,16144864,12,0.7730879092985131,0.1556291390728476,77738,0.7034347134942023,0.8736568457680225,0.0786159237470628,76,0.6562889747837393,0.7739760316291208,0.0,0.5491212160586225,67.96937656429051,68.51198862315465,-0.5426120588641368,As Expected,1,How to Train Your Dragon Collection,1,3,1,Fantasy,1,12.947189097103918,20700,9.937937287265354,-1.2399428967453523,-2.1334594147727093,9.937937287265354,-0.3145265444906239,-0.8805869869817805,0.643414735621534,0.8573332025410063,20.243416612098578,0.0718477999390666,54.08035365522721,18.7922443072814,1.1614594063704755,-0.2486239742785621,-0.8664945178335952,0.5838225445894468,0.7556380025684839,26.07449856733524,18.624641833810887,70.77363896848138,81.37535816618912,,,
93,How to Train Your Dragon 3,2019,521616256,159398718.0,150000000,Fantasy,Dragons,Dean DeBlois,DreamWorks,1,1,2286763,61804.40540540541,247487,True,46,100,16258,67605,162.58,52724,82702.0,12.3611,7.679,10353,102.0,8.17,100,False,,0,0,0,0,0,0,,0.0,,,0,0,0,False,0,3,digitalcodesell,0.42,success,tt1646971,True,14675.0,2641.0,5.5566073457023855,15.0,1.0,-0.0286239865565878,0.1410115740527677,1.0,0.1279818250662627,0.074214312760318,0.0,0.1460127293148633,9.976206662134604,0.6239860227130912,30.57531511294147,3.743916136278547,667.0,0.2525558500567966,190.0,1.3333333333333333,success,2QdVgI1_dwg,Zero Media,10.0,-1464.0,240.0,124.0,128.0,0.96875,success,success,DreamWorks Dragons,12384973,133644.0,,28681508,7,0.785993256860554,0.152317880794702,83863,0.7081720830325692,0.8736568457680225,0.1477084283512207,0,0.0,0.0,0.0,0.4162013834700192,45.68474510760352,66.99518891930356,-21.31044381170004,Strong Underperformer,1,How to Train Your Dragon Collection,1,3,1,Fantasy,1,12.947189097103918,4340,8.375860015299594,-1.2399428967453523,-2.1334594147727093,8.375860015299594,-0.0667840249047826,-1.7836070546404494,-1.9212370331494864,-2.1394263807281715,20.07244273565237,-1.528896038907512,13.792761651016283,18.8261458587272,-37.82825413866591,0.0743221966865614,-1.776504095030775,-1.9702618201991815,-2.1469742110851966,61.31805157593123,2.865329512893983,1.146131805157593,3.151862464183381,,,
94,Madagascar,2005,532692000,192971790.0,75000000,Adventure,Madagascar,Eric Darnell,DreamWorks,0,1,2226422,60173.56756756757,91969,True,261,100,11600,82928,116.0,51147,953.0,16.9581,6.921,11648,86.0,8.5,100,False,,0,0,0,0,4,32,6.9,473809.0,57.0,tt0351283,45,45,26,True,3,9,shittymoviedetails,0.12,success,tt0351283,True,12.0,934.0,0.012847965738758,5.0,0.0,0.0,0.0,0.0,0.0,0.0,0.0,0.5,0.7058823529411765,0.0,0.0,0.0,0.0,,0.0,,success,laNiRXqh82Q,Rotten Tomatoes Trailers,10.0,-2389.0,0.0,,,,comments_disabled,success,Universal Kids,3499735,6830.0,0.0,4846342,21,0.7845578195199743,0.8642384105960265,94528,0.7156498815294096,0.8847933280167807,0.1540069163399975,36,0.5455597994779017,0.9205936593428355,0.6309297535714573,0.7000537269443767,93.27391776343296,67.31588023026256,25.9580375331704,Strong Overperformer,1,Madagascar Collection,0,3,1,Adventure,1,,108000,11.58989576532275,,,11.58989576532275,-0.0570203706801715,0.0743924390663558,-0.188556143787836,1.425022333692049,20.09345395581804,0.3127177791666856,60.142579986316754,18.13299868483392,5.440167868813198,-0.1223074602840968,0.0952320941346285,-0.2376672222090139,1.208706040826424,38.39541547277937,60.74498567335244,40.40114613180516,97.42120343839542,-0.2756936916080186,0.752967259530181,0.23556574840367997
95,Madagascar 2,2008,604200000,187270000.0,75000000,Adventure,Madagascar,Eric Darnell,DreamWorks,1,1,1012635,27368.51351351352,38223,True,67,100,10860,12750,108.6,6584,10527.0,11.5642,6.523,7377,89.0,5.767241379310345,100,False,,0,0,0,0,0,0,6.1,14.0,,tt1320102,35,35,35,True,0,2,digitalcodesell,0.8200000000000001,success,tt0479952,True,8286.0,850.0,9.748235294117649,29.0,0.0,-0.0026448720735739,0.1243983862092011,1.0,0.08,0.2729411764705882,0.4229223937407486,0.2867413829562275,5.083435582822086,2.114611968703743,8.035525481074222,5.497991118629732,184.0,0.2164705882352941,212.0,1.0,success,InUN0pE695I,MovieStation,10.0,-1495.0,13.0,0.0,0.0,0.0,success,success,DreamworksAnimFan,8755537,5998.0,0.0,11043893,18,0.7422678957546557,0.2218543046357615,23610,0.6289976613322462,0.8416338853541382,0.1018485910410881,0,0.0,0.8616541669070521,0.0,0.4769522062111844,55.86990460646872,68.42848648412786,-12.558581877659144,Underperformer,1,Madagascar Collection,1,3,1,Adventure,1,25.585324643977795,10800,9.287394001418471,-1.2754300265448248,-2.363902540401551,9.287394001418471,-0.4038042447307752,-1.2566590626359364,-1.582991831897934,1.1968143768924344,20.219415828571925,-0.5891689854318389,37.44385385389298,18.13299868483392,-16.755786607164417,-0.4260547561480052,-1.237100119476863,-1.640493602202699,1.009601758162311,12.320916905444127,6.876790830945559,4.871060171919771,91.69054441260744,,,
96,Despicable Me,2010,543368506,160430685.0,69000000,Animation,Despicable Me,Pierre Coffin,Illumination,0,1,1925692,52045.72972972973,198487,True,68,100,11578,57076,115.78,19356,20352.0,19.3184,7.257,15979,95.0,5.8125,100,False,,0,0,0,0,3,41,7.6,628264.0,72.0,tt1323594,22,22,48,True,3,5,shittymoviedetails,0.24,success,tt1323594,True,20525.0,1.0,20525.0,20525.0,0.0,0.0,0.0,0.0,1.0,1.0,0.0,0.0014210197237537,16.920857378400658,0.0,0.0,0.0,0.0,,0.0,,success,zzCZ1W_CUoI,Universal Pictures,10.0,104.0,0.0,,,,comments_disabled,success,Universal Pictures,3808403,12232.0,0.0,8447808,16,0.7767685343190162,0.2251655629139073,68654,0.6956725160379499,0.9146661756629356,0.1027124118859438,44,0.575134100204001,0.7539269926761688,0.6309297535714573,0.6147417097628347,78.97095917032819,67.50741490037632,11.463544269951868,Overperformer,1,Despicable Me Collection,0,4,1,Animation,1,,98000,11.49273296168228,,,11.49273296168228,-0.2321506449546742,0.0182236674620498,0.2069064073955973,0.779705282344136,20.11329829781145,0.1849801034007306,56.92767249147792,18.04961707705429,3.292737619953946,-0.2239754067755396,0.0345059352202617,0.1560633868529327,0.634672234521316,28.939828080229223,57.02005730659025,53.29512893982808,73.06590257879655,,,
97,Despicable Me 2,2013,970761885,367791993.0,76000000,Animation,Despicable Me,Pierre Coffin,Illumination,1,1,1415510,38257.02702702703,150808,True,60,100,14244,14379,142.44,6700,93456.0,12.8887,6.944,11939,98.0,3.779069767441861,100,True,25.465512719643325,3813,152376,0,2,12,66,7.3,456712.0,62.0,tt1690953,31,31,45,True,1,2,digitalcodesell,0.8200000000000001,success,tt1690953,True,5440.0,1085.0,5.013824884792626,17.0,0.0,-0.0032561959290069,0.1630542277090944,1.0,0.3105990783410138,0.1889400921658986,0.0,0.3499222395023328,4.162203519510329,2.7993779160186625,6.842923794712286,3.421461897356143,412.0,0.3797235023041475,236.0,1.2,success,TlbnGSMJQbQ,Illumination,10.0,235.0,0.0,,,,comments_disabled,success,Illumination,124513991,290317.0,0.0,178842456,13,0.7602465889237907,0.1986754966887417,28623,0.6410243835708944,0.8871249784105244,0.0639016970502375,78,0.660163191711948,0.8333333333333334,0.3154648767857286,0.5761205518969884,72.49594146447,72.61424459919789,-0.1183031347278955,As Expected,1,Despicable Me Collection,1,4,1,Animation,1,43.38235294117647,16400,9.70509758756311,0.4247932473677626,0.6084301907223348,9.70509758756311,-0.4168285701966971,-1.0151891127230697,0.2795969272874866,1.0871588760113915,20.69359177064222,-0.0421686453334748,51.21078269862719,18.1462439114085,-2.469957862505481,-0.3697627852852679,-0.9943967576900477,0.1910788957801268,0.916790809905636,14.899713467048713,15.759312320916903,54.44126074498568,89.39828080229226,-0.5481639007398829,0.6417566868354083,0.6024472987792274
98,Despicable Me 3,2017,1034799409,264624300.0,80000000,Action,Despicable Me,Kyle Balda,Illumination,1,1,1880808,50832.64864864865,218565,True,56,100,16242,51591,162.42,15000,324852.0,9.1477,6.5,7598,90.0,3.733870967741936,100,False,,0,0,0,0,0,33,6.3,178392.0,49.0,tt3469046,23,23,27,True,0,4,digitalcodesell,0.36,success,tt3469046,True,6425.0,1210.0,5.309917355371901,18.0,2.0,-0.0036579490298498,0.1660145106621482,1.0,0.384297520661157,0.1636363636363636,0.2583311805734952,0.3068974425213123,3.808535862477771,2.841642986308448,7.749935417204857,1.291655902867476,571.0,0.471900826446281,280.0,1.3,success,6DBi41reeF0,Illumination,9.0,182.0,0.0,,,,comments_disabled,success,Illumination,41636190,133408.0,0.0,51024089,9,0.7755025894128588,0.1854304635761589,67833,0.6949210259716723,0.8444229392712939,0.0630390179683675,33,0.532784346595013,0.7641604167868594,0.0,0.5330684414966754,65.27805384740542,73.16850617256401,-7.890452325158591,Underperformer,1,Despicable Me Collection,2,4,1,Action,1,43.579766536964975,13900,9.539716058977092,0.9708599638010704,1.6975944372188598,9.539716058977092,-0.3442460250627771,-1.110794395389594,-0.7303386327208252,0.8193281007779569,20.7574734381175,-0.3883740059553239,42.49747081203957,18.197537205138158,-10.38725246639722,-0.2388484614520003,-1.0930360750273187,-0.8233364968600326,0.7002344566943345,27.22063037249284,11.174785100286533,19.197707736389685,76.79083094555874,-0.7472453782491969,0.5310802591162069,0.6965261110401681
100,The Secret Life of Pets,2016,875457937,368384330.0,75000000,Animation,,Eric Darnell,Illumination,0,1,1452172,39247.89189189189,62330,True,53,100,29326,111185,293.26,52724,328111.0,3.6797,6.316,8471,86.0,4.044117647058823,100,False,,0,0,0,0,4,15,6.5,233985.0,61.0,tt2709768,18,18,21,True,0,4,digitalcodesell,0.3,success,tt2709768,True,6408.0,1318.0,4.8619119878603945,15.0,0.0,0.0035515929863426,0.1623672871781607,1.0,0.2974203338391502,0.1441578148710167,0.0,0.286770530763137,4.158338741077222,0.5281225244256668,7.129654079746501,2.3765513599155,677.0,0.5136570561456753,212.0,1.5,success,-yPuWcCykNk,Rotten Tomatoes Trailers,9.0,141.0,0.0,,,,comments_disabled,success,Universal Pictures At Home,38613177,112830.0,0.0,79526088,10,0.7616191690546181,0.1754966887417218,140511,0.7404104757533136,0.854699718030014,0.0689604876145351,19,0.4526137502950825,0.7079879189072642,0.0,0.5263817853204481,64.15700467315615,71.7040883589755,-7.547083685819345,Underperformer,1,The Secret Life of Pets Collection,0,2,1,Animation,1,33.083645443196005,13100,9.48044384215367,0.9665048587988622,1.8640775605320312,9.48044384215367,-0.3965901513944186,-1.1450590263439957,-0.3608456811806578,0.6018336765869136,20.59025766513229,-0.3670960972756156,43.0329941623644,18.13299868483392,-9.868114010654466,-0.3043953334943643,-1.1284699335415729,-0.4429749426315676,0.4880438719695442,20.05730659025788,9.742120343839542,31.805157593123205,64.18338108882521,,,
101,Sing,2016,633065556,274879808.0,75000000,Animation,,Christophe Lourdelet,Illumination,0,1,2275929,61511.59459459459,114873,True,54,100,20645,74896,206.45,22316,335797.0,10.7832,7.122,8391,108.0,10.544117647058824,100,False,,0,0,0,0,3,25,7.1,210521.0,59.0,tt3470600,12,12,61,True,1,8,topcharactertropes,0.14,success,tt3470600,True,8107.0,1410.0,5.749645390070922,19.0,0.0,0.012762386279694,0.1418489940868214,1.0,0.2560283687943262,0.2177304964539007,0.0,0.2600248036378669,4.365643511039311,2.273666804464655,7.027697395618024,1.860272840016536,565.0,0.400709219858156,211.0,1.1111111111111112,success,9qPgK_u4vX8,Rotten Tomatoes Trailers,10.0,182.0,0.0,,,,comments_disabled,success,Rotten Tomatoes Trailers,12103230,57943.0,0.0,15271408,10,0.7857383406292155,0.1788079470198675,95541,0.7163157220155647,0.8538031348368932,0.1930216146661998,28,0.5087518692566847,0.6167399530235154,0.3154648767857286,0.567069752087845,70.97853255560332,68.84070566919371,2.137826886409613,As Expected,1,Sing Collection,0,2,1,Animation,1,26.02689034168003,5660000,15.548934626857797,-0.2837256391093377,-0.3454106724510293,15.548934626857797,0.0528977576573613,2.363070217539943,-0.1927030579562937,0.2485304668733391,20.26608454030673,0.6288334200914479,68.09859247167677,18.13299868483392,15.588903324869191,0.1480508376989235,2.375527479172357,-0.2539374725083631,0.1735835713332073,65.90257879656161,95.98853868194844,39.82808022922636,48.42406876790831,,,
102,Sing 2,2021,374065313,126000000.0,85000000,Animation,Sing,Christophe Lourdelet,Illumination,1,1,2359834,63779.2972972973,160027,True,48,100,19722,66855,197.22,8706,438695.0,12.1084,7.833,4734,110.0,9.907894736842104,100,False,,0,0,0,0,2,21,7.3,100000.0,49.0,tt6467266,22,22,31,True,0,2,digitalcodesell,0.6800000000000002,success,tt6467266,True,9878.0,1744.0,5.6639908256880735,14.0,0.0,0.0027512624989689,0.1583584948556102,1.0,0.0888761467889908,0.1634174311926605,0.0,0.2312098593994098,5.185301837270341,0.5207429265752473,11.629925360180524,3.6452004860267313,640.0,0.3669724770642202,207.0,1.4285714285714286,success,EPZu5MA2uqI,Illumination,10.0,159.0,0.0,,,,comments_disabled,success,Illumination,48321072,215043.0,0.0,96732498,5,0.7876816549240659,0.1589403973509933,86577,0.7101615761086176,0.7997215356001511,0.1808784560050342,23,0.4801600181337137,0.7539269926761688,0.0,0.5369313861831428,65.92569458693247,64.16894647489875,1.7567481120337192,As Expected,1,Sing Collection,1,2,1,Animation,1,20.95565904029156,22200,10.007892611890918,-0.2806735486348244,-0.38821567221913,10.007892611890918,0.0300286298112853,-0.8401465663251476,-0.3696241499054398,0.779705282344136,19.739940976495287,-0.0966069134134873,49.84067795069717,18.258161826219297,-0.9422872759092016,0.203626484445256,-0.8392057199878141,-0.397398404499128,0.8414627200195597,72.77936962750717,19.484240687679083,33.810888252149,84.81375358166189,,,
103,The Secret Life of Pets 2,2019,431118094,158877425.0,80000000,Animation,Pets,Chris Renaud,Illumination,1,1,1076554,29096.054054054053,52009,True,46,100,680482,8283746,6804.82,221182,,,,0,,5.254901960784314,100,False,,0,0,0,0,0,11,6.4,77477.0,55.0,tt5113040,11,11,42,True,4,42,tifu,0.054,success,tt5113040,True,6334.0,1388.0,4.563400576368876,15.0,1.0,-0.0010401122252707,0.1545407169340544,1.0,0.1145533141210374,0.1368876080691642,0.0,0.2848548260528381,4.156167979002625,0.2615746795710175,5.754642950562386,0.7847240387130526,570.0,0.4106628242074928,266.0,1.1428571428571428,success,mYocfuqu2A8,Illumination,8.0,,0.0,,,,too_many_comments_to_reach_window,success,Universal Pictures At Home,39318010,114138.0,0.0,80671028,7,0.7455535100129291,0.152317880794702,8964228,1.0,0.0,0.092069913241806,11,0.3754350573389001,0.5974937501201928,0.7324867603589634,0.5440910381880423,67.12604372355177,65.43460478913974,1.6914389344120335,As Expected,1,The Secret Life of Pets Collection,1,2,1,Animation,1,41.9955794126934,3060,8.026496938945412,0.4453381147713214,0.7258845274759413,8.194104962229963,-0.41377423189883,-1.888677695680953,-0.8079025182319017,0.1740110494300442,19.881892612856426,-0.7905850732934607,32.37460481233471,18.197537205138158,-19.016333473083776,-0.2709291332348407,-1.8840034412183848,-0.8446452395041859,0.1892952200243688,23.49570200573066,0.8595988538681949,18.91117478510029,49.28366762177651,-1.203920656295347,0.53991197298498,0.34812281999727435
104,Hop,2011,340275694,183388954.0,65000000,Animation,,Tim Hill,Illumination,0,1,812271,21953.27027027027,79867,True,48,100,16101,65728,161.01,22108,50359.0,6.4876,5.791,1379,95.0,6.26530612244898,100,False,,0,0,0,0,0,2,5.4,39980.0,41.0,tt1411704,12,12,36,True,2,9,shittymoviedetails,0.12,success,tt1411704,True,8991.0,1455.0,6.179381443298969,17.0,0.0,0.0072083386258643,0.1483888620585431,1.0,0.1869415807560137,0.1951890034364261,0.0,0.2804243008678881,4.540909090909091,0.9643201542912248,4.821600771456123,1.5429122468659595,518.0,0.3560137457044673,255.0,1.25,success,tNMspCPLhI0,Universal Pictures,10.0,47.0,0.0,,,,comments_disabled,success,Illumination,462032,1287.0,0.0,1275959,15,0.7304330612823321,0.1589403973509933,81829,0.7066383898628316,0.6832136891368424,0.1113548177146999,2,0.1659851357492728,0.6167399530235154,0.5,0.5110376895265651,61.58449526546599,63.384987451892925,-1.8004921864269363,As Expected,0,,0,0,1,Animation,0,28.36169502836169,2890000,14.876767406109316,-0.2354604379588377,-0.3937633044605627,14.876767406109316,-0.436525682626129,1.9744975777278344,-1.510412175391707,0.2485304668733391,19.645266714645977,-0.0099153522817075,52.02253501010141,17.989897843244528,-0.8289930192882267,-0.4093507092257912,1.9838523659909213,-1.5311784048402448,0.1743098687115461,13.18051575931232,95.12893982808023,6.303724928366762,48.71060171919771,,,
105,Horton Hears a Who!,2008,459323305,154529584.0,85000000,Animation,,Jimmy Hayward,Blue Sky Studios,0,1,1259747,34047.21621621621,74560,True,49,100,19505,259153,195.05,54222,,,,0,,0.4310344827586206,100,False,,0,0,0,0,1,18,6.8,157837.0,71.0,tt0451079,23,23,54,True,3,63,nosleep,0.0281999999999999,success,tt0451079,True,7066.0,1223.0,5.7775960752248565,18.0,4.0,-0.0015517495586996,0.1616250670092257,1.0,0.1708912510220768,0.14227309893704,0.2492522432701894,0.3172981056829511,4.585334198572356,1.744765702891326,4.237288135593221,3.489531405782652,508.0,0.4153720359771055,227.0,1.2222222222222223,success,xW_q1YxisUc,Animation Trailers,8.0,-1731.0,0.0,,,,comments_disabled,success,TheodorSeussGeisel,123752,438.0,0.0,292307,18,0.7539888256985288,0.162251655629139,278658,0.7831805736010383,0.0,0.0,19,0.4526137502950825,0.7641604167868594,0.6309297535714573,0.5084294374881673,61.147209615236896,65.98254820796015,-4.835338592723254,As Expected,0,,0,0,1,Animation,0,32.12567223322955,10600,9.268703615273097,0.1579799517612919,0.3490733288514899,9.268703615273097,-0.6180877029899535,-1.2674637738140997,-0.2712101292134146,0.8193281007779569,19.945264890442807,-0.3974027588136913,42.27023475925122,18.258161826219297,-11.598385376493413,-0.6378364328614041,-1.251399091297572,-0.3110412740384647,0.6649646578359827,5.157593123209169,6.017191977077363,37.53581661891118,75.07163323782235,-1.1914828005101088,0.5412263182713378,0.3708522160704584
106,Ice Age,2002,383257136,176417760.0,59000000,Animation,Ice Age,Chris Wedge,20th Century Fox,0,1,1902402,51416.27027027027,96290,True,11,100,9835,48200,98.35,8676,425.0,17.1986,7.37,14193,81.0,11.936567164179104,100,False,,0,0,0,1,5,30,7.5,560233.0,61.0,tt0268380,16,16,86,True,0,8,digitalcodesell,0.16,success,tt0268380,True,4517.0,735.0,6.145578231292517,16.0,0.0,-0.0002310312514394,0.1233801206944961,1.0,0.1578231292517006,0.2,0.0,0.3564356435643564,4.233364573570759,1.1001100110011,12.834616795012836,2.933626696002934,304.0,0.4136054421768707,199.0,1.0,skipped_pre_youtube_era,,,,,,,,,,success,Rotten Tomatoes Classic Trailers,1793305,4847.0,0.0,2545481,24,0.7761153718650949,0.0364238410596026,58035,0.6851763544264369,0.9034662675345796,0.2195983618133518,35,0.5414201930881729,0.6812438068750566,0.0,0.5304735922953827,64.84301524548768,64.45453557159422,0.3884796738934568,As Expected,1,Ice Age Collection,0,7,1,Animation,1,44.05578924064645,136000,11.820417517632333,0.3787387502072395,0.6134071064786241,11.820417517632333,0.0765916446467004,0.2076545843541066,0.0383532781657992,0.4982830874816588,19.764216697852003,0.2252174248395163,57.94036718386301,17.893048018819147,2.980625882589834,-0.0298770208925858,0.2271840531096269,0.0107351747202943,0.2772198814232688,50.429799426934096,65.61604584527221,48.42406876790831,53.58166189111749,-0.5656185271757775,0.6081683929534133,0.31770448991739353
107,Ice Age: The Meltdown,2006,655664329,200959380.0,60000000,Animation,Ice Age,Carlos Saldanha,20th Century Fox,1,1,836660,22612.43243243244,31351,True,60,100,3929,5137,39.29,2946,950.0,11.9353,6.716,10288,91.0,2.2734375,100,False,,0,0,0,0,8,16,6.8,316256.0,59.0,tt0438097,28,28,73,True,0,10,disneymovies,0.1,success,tt0438097,True,4926.0,708.0,6.957627118644068,16.0,1.0,-0.0060220793801302,0.1159111720598711,1.0,0.0494350282485875,0.2090395480225988,1.725327812284334,0.3509316770186335,4.731988472622478,1.725327812284334,3.450655624568668,5.521048999309869,215.0,0.3036723163841808,178.0,1.0,success,pfESEXIZ_lw,Rotten Tomatoes Classic Trailers,10.0,-4837.0,0.0,,,,comments_disabled,success,Rotten Tomatoes Classic Trailers,643383,1779.0,0.0,1297812,20,0.7320210661971155,0.1986754966887417,9066,0.5692134122539364,0.8730617321043712,0.0351647068926697,24,0.4863276574109106,0.8096634991879288,0.0,0.5005362049186726,59.82387226679526,69.19401186374017,-9.37013959694491,Underperformer,1,Ice Age Collection,1,7,1,Animation,1,36.13479496548924,2020,7.611347717403621,-0.4473245536675261,-0.91029968382036,8.194104962229963,-0.6320690967441622,-1.888677695680953,-0.2015396896832696,0.995511590551752,20.301159523876127,-0.4942477402747798,39.8328359662182,17.909855136853043,-14.90208018346872,-0.6845229327966734,-1.8661527400518985,-0.2641291740251028,0.769039910364332,4.584527220630372,2.005730659025788,38.39541547277937,82.23495702005731,0.00911303075368729,0.9354945418458485,0.1925241994129157
108,Ice Age: Dawn of the Dinosaurs,2009,886686817,196573117.0,90000000,Animation,Ice Age,Carlos Saldanha,20th Century Fox,1,1,894169,24166.72972972973,35434,True,64,100,9886,2390,98.86,1260,8355.0,12.8512,6.763,8812,94.0,4.6454545454545455,100,False,,0,0,0,0,3,13,6.9,283955.0,50.0,tt1080016,18,18,74,True,0,4,digitalcodesell,0.5199999999999999,success,tt1080016,True,4843.0,556.0,8.71043165467626,23.0,0.0,-0.0159738322640353,0.1341648485259876,1.0,0.3471223021582734,0.2428057553956834,0.3395585738539898,0.3429541595925297,4.386775362318841,4.753820033955857,12.563667232597622,4.074702886247877,147.0,0.2643884892086331,202.0,1.1428571428571428,success,krg5-jedISI,Norton Native,9.0,-6127.0,0.0,0.0,0.0,0.0,success,success,Rotten Tomatoes Classic Trailers,813420,2492.0,0.0,815357,17,0.735589439081841,0.2119205298013245,12276,0.5881459394137916,0.8584287773246274,0.0804378004380313,16,0.4280593858001993,0.7079879189072642,0.0,0.4934305169262712,58.632570449202944,71.7811246735786,-13.148554224375658,Underperformer,1,Ice Age Collection,2,7,1,Animation,1,41.70968408011564,3140,8.052296499538647,-0.2383761981109947,-0.7127926771131715,8.194104962229963,-0.4937274977506248,-1.888677695680953,-0.4854930925627159,0.6018336765869136,20.603002397881323,-0.6223758315737167,36.60810247591201,18.31532023940565,-17.836407463341274,-0.5047497687022485,-1.865191715840704,-0.567809824202896,0.3833913456855973,9.455587392550145,2.292263610315186,26.64756446991404,58.73925501432665,-0.24522211490188106,0.7952292726642916,0.21907638077558517
109,Ice Age: Continental Drift,2012,877244008,161290200.0,95000000,Animation,Ice Age,Steve Martino,20th Century Fox,1,1,1063225,28735.81081081081,52523,True,54,100,9749,4479,97.49,1257,57800.0,14.2393,6.383,8058,88.0,4.0978260869565215,100,False,,0,0,0,0,2,11,6.5,240893.0,49.0,tt1667889,25,25,141,True,1,8,digitalcodesell,0.16,success,tt1667889,True,239.0,41.0,5.829268292682927,14.0,0.0,0.0151268785415126,0.0898818223017294,0.5,0.0,0.1219512195121951,7.042253521126761,0.852112676056338,5.085106382978723,0.0,7.042253521126761,7.042253521126761,21.0,,41.0,,success,0jUTl0TkmX8,Rotten Tomatoes Trailers,10.0,19.0,0.0,,,,comments_disabled,success,20th Century Studios UK,14073707,20528.0,0.0,15877785,14,0.7448847611699183,0.1788079470198675,14228,0.5973630561684043,0.8499769213405245,0.0699855844739035,13,0.3987250949444232,0.7834066196901821,0.3154648767857286,0.5280862678931275,64.44276914649902,71.676015792285,-7.233246645785982,Underperformer,1,Ice Age Collection,3,7,1,Animation,1,,3030,8.016647877057803,,,8.194104962229963,-0.4759960725812522,-1.888677695680953,-0.6773617147416773,0.8938475182212519,20.592295743108185,-0.5964766050738833,37.25993535830609,18.36938746009113,-16.516784118617167,-0.4427345881437634,-1.8682143712941104,-0.7592600552789885,0.7208846890053259,12.034383954154729,1.7191977077363898,19.77077363896848,78.22349570200574,-0.0481803136423602,0.9536759295942047,0.25269515405958604
110,Ice Age: Collision Course,2016,408619881,64089627.0,65000000,Adventure,Ice Age,Mike Thurmeier,20th Century Fox,1,1,1240774,33534.43243243243,53758,True,46,100,12170,19658,121.7,18116,278154.0,8.996,6.112,4849,95.0,3.816176470588236,100,False,,0,0,0,0,2,0,5.7,84930.0,34.0,tt3416828,26,26,35,True,0,5,digitalcodesell,0.32,success,tt3416828,True,7757.0,1517.0,5.113381674357284,17.0,0.0,0.0026059208627357,0.1188446648525186,1.0,0.2214897824653922,0.1687541199736321,0.0,0.3251961639058413,4.57370283018868,1.7436791630340018,17.218831734960766,2.1795989537925022,631.0,0.4159525379037574,309.0,1.0,success,0ePFKmRpWy8,Rotten Tomatoes Trailers,10.0,44.0,0.0,,,,comments_disabled,success,Rotten Tomatoes Trailers,13219924,37107.0,0.0,22160949,10,0.7531742289484965,0.152317880794702,31828,0.6476540254539646,0.8019892298853655,0.0646099277292391,2,0.1659851357492728,0.7924812503605781,0.0,0.477903993332408,56.02947616782733,65.00166247891767,-8.972186311090333,Underperformer,1,Ice Age Collection,4,7,1,Adventure,1,39.83498775299729,3750,8.229777750081887,0.2185173532459149,0.3938828679846194,8.229777750081887,-0.4496534785484351,-1.868055640755924,-1.54489014888328,0.9289836016589996,19.82829589799904,-0.8147264320614436,31.767014023059787,17.989897843244528,-20.214072377450883,-0.3505053308490654,-1.8611783258237065,-1.5779065343806813,0.9064931965739452,16.6189111747851,2.5787965616045847,5.157593123209169,87.96561604584528,-0.05123833648088403,0.9293124048140381,0.24272624633367837
111,Rio,2011,484606190,143616321.0,90000000,Animation,Rio,Carlos Saldanha,20th Century Fox,0,1,1714582,46340.05405405405,78153,True,36,100,13881,50517,138.81,19740,46195.0,12.0292,6.761,7127,96.0,7.510204081632653,100,False,,0,0,0,1,3,31,6.9,270787.0,63.0,tt1436562,29,29,43,True,2,8,shittymoviedetails,0.14,success,tt1436562,True,8115.0,1529.0,5.307390451275343,15.0,0.0,0.0079852038812143,0.1605845030299832,1.0,0.2295618051013734,0.1523871811641595,0.0,0.2353176188573711,5.012353304508956,1.3983220135836996,10.387534958050338,2.1973631642029563,613.0,0.4009156311314584,261.0,2.0,success,P1GRO31ve5Q,20th Century Studios India,10.0,113.0,537.0,1.0,2.0,0.5,success,success,20th Century Studios,11491173,9646.0,1494.0,19779238,15,0.7705356185404311,0.119205298013245,64398,0.6916749617567003,0.838376318920605,0.1351153475424913,34,0.537163962855065,0.8178150992680865,0.5,0.5872097187193757,74.35509213435888,66.44469308851774,7.910399045841146,Overperformer,1,Rio Collection,0,2,1,Animation,1,32.16266173752311,401000,12.901719200051184,0.983710033941346,1.622815220408255,12.901719200051184,-0.1762674145072529,0.8327434553985775,-0.1461611112539687,1.0270737897167206,19.99884714175003,0.3720715856133916,61.63639922209454,18.31532023940565,8.357944665285594,-0.1523190614260515,0.8466048930965916,-0.1897176595938127,0.9104866554983566,34.67048710601719,86.24641833810888,42.40687679083094,88.25214899713467,-0.47085261821615976,0.6727423467088872,0.3010903736700169
112,Rio 2,2014,500456880,131309639.0,103000000,Animation,Rio,Carlos Saldanha,20th Century Fox,1,1,854970,23107.297297297297,42418,True,44,100,12474,22143,124.74,19748,172385.0,8.9524,6.5,3727,101.0,3.925,100,False,,0,0,0,0,2,24,6.3,109310.0,49.0,tt2357291,24,24,29,True,0,1,digitalcodesell,1.0,success,tt2357291,True,8197.0,1509.0,5.432074221338635,17.0,1.0,0.0011135089415407,0.1704543675705727,1.0,0.24519549370444,0.1537442014579191,0.0,0.2825339000202388,4.479234972677595,0.8095527221210281,15.58388990082979,4.654928152195912,635.0,0.4208084824387011,276.0,2.0,success,leJuOObuCxM,Rotten Tomatoes Trailers,10.0,167.0,0.0,,,,comments_disabled,success,Rotten Tomatoes Trailers,6811121,19892.0,0.0,9958356,12,0.7331831263210407,0.1456953642384106,34617,0.6529009023274392,0.7771258576121068,0.0666869692228643,26,0.4979554072478185,0.7739760316291208,0.0,0.5033607687247281,60.29742359632984,66.70268092833712,-6.405257332007281,Underperformer,1,Rio Collection,1,2,1,Animation,1,33.670855190923504,15300,9.635673464721814,1.1362224258840476,1.902834291441882,9.635673464721814,-0.5422376001644696,-1.0553224513423547,-0.5932109617187153,0.8573332025410063,20.031032001160114,-0.3974701555240546,42.2685385158526,18.450239555902648,-10.3939144328793,-0.4743969008915358,-1.043936984373878,-0.6391137269798755,0.7810862445735124,10.31518624641834,12.607449856733524,22.922636103151863,82.8080229226361,-0.2527895045406169,0.7982049638245261,0.26046516678514336
113,Rango,2011,245155451,123480305.0,135000000,Animation,,Gore Verbinski,Paramount,0,1,1993902,53889.24324324324,98734,True,15,100,10038,222145,100.38,70358,44896.0,12.6504,6.891,7027,107.0,4.75,100,False,,0,0,1,0,46,25,7.3,314167.0,75.0,tt1192628,30,30,55,True,1,9,moviedetails,0.12,success,tt1192628,True,8927.0,1307.0,6.830145371078807,18.0,0.0,-0.0089179142264339,0.1041006827450755,1.0,0.1989288446824789,0.2035195103289977,1.7139592458579318,0.3313654541992001,5.534407935523869,1.7139592458579318,3.237478575509426,6.474957151018853,445.0,0.3404743687834736,301.0,1.0833333333333333,success,DDgoDooApwM,moviemaniacsDE,10.0,243.0,567.0,1.0,1.0,1.0,success,success,hollywoodstreams,12989926,24582.0,2673.0,16290090,15,0.77863697698314,0.0496688741721854,232183,0.7717831427596149,0.8370411856678969,0.0824331891948064,71,0.6461451538829865,0.8256993850644793,0.3154648767857286,0.5857292904253594,74.10689140849493,60.346549109194825,13.760342299300106,Overperformer,0,,0,0,1,Animation,0,33.71793435644673,167000,12.025755079404917,-0.2807106571918893,-0.5399277954964391,12.025755079404917,-0.2771010310354148,0.3263580199987482,0.5221987802067157,1.057600974089395,19.317403065259462,0.4032499261200893,62.421097080189874,18.72078534381011,9.965444157479752,-0.2469341173806878,0.3315339385705955,0.5225652734701938,1.022665489182146,26.64756446991404,69.91404011461319,68.19484240687679,93.12320916905443,-0.2771820180413112,0.7741040256953878,0.2674175824533511
114,The Book of Life,2014,95454857,37872066.0,50000000,Animation,,Jorge R. Gutiérrez,20th Century Fox,0,1,1315865,35563.91891891892,68212,True,32,100,31127,153472,311.27,22321,228326.0,8.1636,7.53,2909,95.0,9.98125,100,False,,0,0,0,0,3,29,7.2,81652.0,67.0,tt2262227,14,14,47,True,0,8,bestofredditorupdates,0.14,success,tt2262227,True,8020.0,1622.0,4.944512946979038,14.0,1.0,0.0013600473372359,0.1802410576359633,1.0,0.2231812577065351,0.1547472256473489,0.0,0.2741312741312741,4.8459214501510575,0.9084714967067908,23.393141040199865,7.949125596184419,697.0,0.4297163995067817,207.0,1.4,success,_i69CJc1BgE,Rotten Tomatoes Trailers,10.0,123.0,0.0,,,,comments_disabled,success,Rotten Tomatoes Trailers,2986862,14642.0,0.0,4883933,12,0.7563283056658003,0.1059602649006622,184599,0.7574573021664531,0.7537166376979038,0.182278538562348,32,0.5282739763834025,0.6511484326014197,0.0,0.5248949065810243,63.90772249995784,52.20862580609327,11.699096693864576,Overperformer,0,,0,0,1,Animation,0,25.810473815461343,65300,11.086762629082946,0.1716104244727646,0.4487318978928,11.086762629082946,-0.1201343673460328,-0.2164634147908818,-0.0257113227744311,0.3817567383688079,18.374164002597826,0.0020144394161212,52.32278453719856,17.72753358339242,1.6608973630258177,-0.0371738154441672,-0.2261959811101234,0.035180709281972,0.504038184184848,48.13753581661891,42.40687679083094,49.28366762177651,65.61604584527221,-0.2452395876055554,0.7688971308283663,0.37113834818805913
115,Curious George,2006,267575760,70099997.0,60000000,Adventure,Curious George,Matthew O'Callaghan,Universal,0,1,560157,15139.378378378378,24078,True,26,100,1734,18903,17.34,10089,9975.0,5.7313,6.514,552,87.0,2.79296875,100,False,,0,0,0,0,0,1,6.5,19044.0,62.0,tt0381971,12,12,13,True,3,6,shittymoviedetails,0.22,success,tt0381971,True,7924.0,1218.0,6.505747126436781,17.0,0.0,-0.0087917943213509,0.1619228031179975,1.0,0.1034482758620689,0.2200328407224959,0.0,0.2696724797958316,4.647507331378299,1.2760527435133986,4.253509145044662,0.8507018290089324,404.0,0.3316912972085385,237.0,1.7,success,tH0hwk-vXIo,Rotten Tomatoes Classic Trailers,10.0,-3849.0,0.0,,,,comments_disabled,success,Rotten Tomatoes Classic Trailers,1808208,6222.0,0.0,2338894,20,0.7104853060989728,0.086092715231788,20637,0.6205910932942615,0.5967960242044675,0.0450806503409097,1,0.1047249607948136,0.6167399530235154,0.6309297535714573,0.4742516855953421,55.417149697790094,61.27757549559246,-5.860425797802364,Underperformer,1,Curious George Collection,0,9,1,Adventure,1,29.90913679959616,22400,10.016860879703811,0.2307822755779367,0.2756406191198077,10.016860879703811,-0.7113145786370862,-0.8349621071741683,-1.0074228172927262,0.2485304668733391,19.404913302893082,-0.6702653066315829,35.402818041509725,17.909855136853043,-18.24993615150201,-0.7555896637014322,-0.8238604861409506,-1.0122440101354355,0.1294483504913542,4.297994269340974,20.05730659025788,13.753581661891118,44.12607449856733,,,
116,Charlotte's Web,2006,188895949,82689166.0,75000000,Comedy,,Gary Winick,Paramount,0,0,604179,16329.162162162162,26987,True,81,100,6297,6776,62.97,1794,9986.0,6.8824,6.231,1447,97.0,16.41796875,100,False,,0,0,0,0,10,11,6.3,48642.0,68.0,tt0413895,12,12,48,True,0,9,digitalcodesell,0.12,no_subtitle,tt0413895,False,,,,,,,,,,,,,,,,,,,,,success,p23D6ITXjnc,HBO Max Family,10.0,-6875.0,0.0,,,,comments_disabled,success,Rotten Tomatoes Classic Trailers,745385,2992.0,0.0,1250436,20,0.7145462496395643,0.2682119205298013,13073,0.5920749108537825,0.6877590793255596,0.3051318589684377,21,0.4670138014289433,0.6167399530235154,0.0,0.495809893426295,59.031484045218704,58.15841661608772,0.8730674291309839,As Expected,0,,0,0,0,Comedy,0,,16600,9.717218213494077,,,9.717218213494077,0.0026504491998839,-1.0081823092539473,-0.2222475074295343,0.2485304668733391,19.056706892326602,-0.2401378819984454,46.22828416101586,18.13299868483392,-7.004032297628456,-0.0384470564696141,-1.0015188417584409,-0.204624768061958,0.1711709638419302,47.56446991404012,15.472779369627506,41.54727793696275,47.85100286532951,-0.0914290561251432,0.9346949977610539,0.21780487574779245
117,Stuart Little,1999,140475849,64314086.0,80000000,Family,Stuart Little,Rob Minkoff,Columbia,0,0,535107,14462.351351351352,36578,True,11,100,8712,109269,87.12,76115,10137.0,8.3548,6.068,4619,84.0,39.8134328358209,100,False,,0,0,0,1,7,14,6.0,157941.0,61.0,tt0164912,29,29,94,True,0,10,90s,0.1,success,tt0164912,True,6981.0,1108.0,6.300541516245487,17.0,0.0,0.0140358234148051,0.149763654545365,1.0,0.1146209386281588,0.2472924187725631,0.7201152184349496,0.2784445511281805,4.426759670259988,1.9203072491598656,6.00096015362458,0.9601536245799328,414.0,0.3736462093862815,183.0,1.3,skipped_pre_youtube_era,,,,,,,,,,success,Rotten Tomatoes Classic Trailers,3355232,11702.0,0.0,3742390,27,0.7080295057796364,0.0364238410596026,117981,0.7294938960777033,0.7973980827252408,0.7516653424120815,21,0.4670138014289433,0.8178150992680865,0.0,0.5745362970608635,72.23033373333638,55.52988469668287,16.70044903665351,Strong Overperformer,1,Stuart Little Collection,0,3,0,Family,1,26.21400945423292,23100,10.047631185616188,-0.1841963136734329,-0.2548489647429917,10.047631185616188,1.1623832571686474,-0.8171741243223946,-0.413411308948571,1.0270737897167206,18.760546145842966,0.3628622529142115,61.40461832785544,18.197537205138158,7.001884390115393,1.020887598933476,-0.8075510032915825,-0.3760652815966728,0.8820752773292456,93.69627507163324,20.34383954154728,34.67048710601719,86.81948424068769,-0.10951904816310537,0.8705560131193558,0.4555356064069118
118,Bumblebee,2018,468261530,227870667.0,135000000,Action,Transformers,Travis Knight,Paramount,0,0,3268193,88329.54054054055,390906,True,102,100,25362,87363,253.62,18926,424783.0,9.3571,6.719,6573,114.0,6.044642857142857,100,False,,0,0,0,0,2,13,6.7,205892.0,66.0,tt4701182,5,5,31,True,0,4,movies,0.42,success,tt4701182,True,6740.0,1257.0,5.361972951471758,18.0,2.0,-0.0060199590032525,0.1685672111758685,1.0,0.167859984089101,0.1654733492442323,4.797979797979798,0.305050505050505,4.538720538720539,1.0101010101010102,8.080808080808081,9.848484848484848,518.0,0.4120922832140016,231.0,1.125,success,lcwmDAYt22k,Paramount Pictures,10.0,58.0,21223.0,,,,too_many_comments_to_reach_window,success,Paramount Pictures,28433423,263544.0,42475.0,57297854,8,0.8051617874464435,0.3377483443708609,112725,0.7266472048950797,0.8307305605990712,0.1071431664235033,15,0.4188998431792545,0.430827083453526,0.0,0.5188966982709262,62.90209482959591,66.06261088999759,-3.160516060401676,As Expected,0,,0,0,0,Action,0,34.27299703264095,264000,12.483708170000067,0.1185762754796439,0.2639536947856844,12.483708170000067,-0.0809559412899124,0.5910957754705493,-0.3528656825066747,-0.4713060019178684,19.96453752471938,-0.0864867992293418,50.0953814337858,18.72078534381011,-1.613633090938002,0.046406292344286,0.5977854654028452,-0.3948447782035884,-0.4806566731367948,57.59312320916905,79.08309455587393,34.097421203438394,21.776504297994272,,,
119,Transformers,2007,709709780,319246193.0,150000000,Adventure,Transformers,Michael Bay,Paramount,0,0,4056080,109623.7837837838,393260,True,43,100,12230,213081,122.3,28348,1858.0,4.308,6.821,12111,144.0,5.622950819672131,100,False,,0,0,0,3,25,50,7.1,714583.0,61.0,tt0418279,1,1,67,True,6,5,shittymoviedetails,0.4,success,tt0418279,True,13141.0,1833.0,7.169121658483361,18.0,0.0,-0.0170494466453357,0.1562672089727485,1.0,0.2176759410801964,0.2231314784506274,3.432494279176201,0.2679888126112382,4.674848808253291,1.9069412662090008,3.559623696923468,7.500635647088736,566.0,0.3087834151663939,425.0,1.2,success,CbX_SIz_9fk,Paramount Movies,10.0,-1736.0,,,,,comment_count_unknown,success,Paramount Movies,1554937,,,2012508,19,0.8167552221071683,0.1423841059602649,225311,0.7699064161291763,0.888476561026778,0.0990946142023754,75,0.6543139638942169,0.1666666666666666,0.8856218745807111,0.6009881062803702,76.66510323567056,69.71504457546621,6.950058660204348,Overperformer,1,Transformers Collection,0,5,0,Adventure,1,32.341526520051744,3820000,15.155761242362829,-0.3484972672099937,-0.7152688402895664,15.155761242362829,-0.0455291463047198,2.1357809133293784,0.2878653578782183,-1.4941093293802583,20.38036668527991,0.2350566359498447,58.188000885918576,18.8261458587272,3.575734593592344,-0.0839771085528144,2.158353360332545,0.2200799387034593,-1.715339525452556,43.26647564469914,95.41547277936962,55.587392550143264,9.742120343839542,,,
120,Transformers: Revenge of the Fallen,2009,836848151,402111738.0,200000000,Science Fiction,Transformers,Michael Bay,Paramount,1,0,2422409,65470.51351351351,200630,True,54,100,6463,53864,64.63,31751,8373.0,4.0591,6.209,9092,150.0,3.845454545454545,100,False,,0,0,0,1,15,30,6.0,451650.0,35.0,tt1055369,23,23,35,True,3,6,moviedetails,0.22,success,tt1055369,True,13347.0,2101.0,6.352689195621132,18.0,0.0,-0.0054118827917019,0.103389012081054,1.0,0.1323179438362684,0.1841980009519276,3.77453447408153,0.2925264217413185,5.368865647626709,0.377453447408153,4.781077000503271,7.674886763965778,772.0,0.3674440742503569,481.0,1.0,success,fnXzKwUgDhg,Paramount Movies,10.0,-1050.0,,,,,comment_count_unknown,success,Paramount Movies,2695819,,,2810764,17,0.7890864824540608,0.1788079470198675,60327,0.6875958329497814,0.8613844259000463,0.0651687386470572,45,0.5784548092957947,0.7641604167868594,0.6309297535714573,0.6032270722028767,77.04047634181617,71.11451194130473,5.925964400511447,Overperformer,1,Transformers Collection,1,5,0,Science Fiction,1,36.03806098748783,19300,9.867912187022208,-0.1582122290823163,-0.2957850969102339,9.867912187022208,-0.2718849107892392,-0.9210677441723616,-0.5374396740710189,0.8193281007779569,20.545153192640427,-0.2614018931666407,45.6931105838778,19.11382792951231,-8.681550013007353,-0.2823792751974919,-0.8983190961189566,-0.6160276873377111,0.6078173482441308,22.636103151862464,17.765042979942695,23.78223495702006,71.34670487106017,-0.6630391830586061,0.5747853278203656,0.5159990128361878
121,Transformers: Dark of the Moon,2011,1123646428,352390543.0,200000000,Action,Transformers,Michael Bay,Paramount,1,0,2728519,73743.75675675676,230851,True,57,100,10087,32463,100.87,12729,38356.0,2.8555,6.223,8876,154.0,3.744897959183673,100,False,,0,0,0,3,11,42,6.2,453805.0,42.0,tt1399103,22,22,44,True,1,9,moviedetails,0.12,success,tt1399103,True,13637.0,2065.0,6.603874092009685,19.0,0.0,-0.0072769132938624,0.1281847447647943,1.0,0.2019370460048426,0.1714285714285714,4.640080260847755,0.2859292701279157,5.140218620429702,0.6270378730875344,4.263857536995234,10.158013544018058,771.0,0.373365617433414,486.0,1.25,success,bTIrEZM-cFE,Rotten Tomatoes Classic Trailers,10.0,-1087.0,208.0,0.0,0.0,0.0,success,success,moviemaniacsDE,3741393,6160.0,1534.0,5509206,15,0.7954740146876724,0.1887417218543046,42550,0.6657894504161678,0.8591125503722933,0.063249482735483,53,0.6026803680426321,0.7539269926761688,0.3154648767857286,0.5705702922674291,71.56541448497497,73.71748942741834,-2.1520749424433774,As Expected,1,Transformers Collection,2,5,0,Action,1,35.63833687761238,13900,9.539716058977092,0.1390855663033927,0.1927560218538199,9.539716058977092,-0.2456535324397193,-1.110794395389594,-0.377361209036286,0.779705282344136,20.83984497398536,-0.264799949989249,45.60758813890308,19.11382792951231,-8.68631935749331,-0.2293797577170131,-1.0862138055132196,-0.4751249682800865,0.5623485289624046,28.08022922636103,11.74785100286533,30.37249283667622,68.19484240687679,-0.7373148137940138,0.5468152386423409,0.5267589546939783
122,Transformers: Age of Extinction,2014,1104054072,245439076.0,210000000,Science Fiction,Transformers,Michael Bay,Paramount,1,0,3099750,83777.02702702703,283783,True,47,100,11712,19890,117.12,3333,91314.0,10.8483,5.958,8684,165.0,3.61875,100,False,,0,0,0,0,5,23,5.6,347982.0,32.0,tt2109248,40,40,64,True,4,7,shittymoviedetails,0.22,success,tt2109248,True,13468.0,2205.0,6.107936507936508,18.0,0.0,-0.011064160892092,0.1380681660352929,1.0,0.2467120181405895,0.1451247165532879,7.133917396745932,0.2655819774718398,4.717338003502627,0.8760951188986232,3.7546933667083855,14.392991239048811,899.0,0.4077097505668934,469.0,2.0,success,dYDGqmxMZFI,Rotten Tomatoes Trailers,8.0,111.0,4000.0,1330.0,1629.0,0.8164518109269491,success,success,Rotten Tomatoes Trailers,11612298,38007.0,4000.0,18615388,12,0.8023213569234512,0.1556291390728476,31602,0.6472089082575214,0.8570462069508631,0.060841781506007,28,0.5087518692566847,0.892925334103014,0.7324867603589634,0.6106741621610325,78.28901579533732,73.55260746409542,4.736408331241904,As Expected,1,Transformers Collection,3,5,0,Science Fiction,1,34.82328482328482,26300,10.177362240256697,1.1227245280707498,1.8416410628739464,10.177362240256697,-0.2184687283677575,-0.7421779971516317,-0.8987022696766169,1.317893281335069,20.82225476276854,-0.1735812806767911,47.90338365798836,19.162618093443648,-5.714421906823709,-0.1578483819307506,-0.7207077988514218,-0.9956039524932712,1.1468408276759303,33.5243553008596,22.922636103151863,14.326647564469914,96.2750716332378,-0.829290842943832,0.5142770300701002,0.585650282309474
123,Transformers: The Last Knight,2017,762682157,130168424.0,217000000,Action,Transformers,Michael Bay,Paramount,1,0,3787262,102358.43243243244,392822,True,43,100,17394,49739,173.94,14243,335988.0,8.9736,6.05,6653,154.0,4.919354838709677,100,False,,0,0,0,0,3,21,5.2,184025.0,27.0,tt3371366,10,10,4,True,2,5,movies,0.26,success,tt3371366,True,13211.0,2276.0,5.804481546572935,17.0,0.0,-0.0117486679986679,0.1435774518518535,1.0,0.1823374340949033,0.1498242530755711,9.530975670930523,0.2938299473288187,4.740222461428059,0.6270378730875344,3.762227238525207,14.798093804865816,1037.0,0.4556239015817223,461.0,1.3333333333333333,success,AntcyqJ6brc,Rotten Tomatoes Trailers,10.0,191.0,27834.0,,,,too_many_comments_to_reach_window,success,Rotten Tomatoes Trailers,21994146,149417.0,27834.0,37979476,9,0.8130743018867375,0.1423841059602649,67133,0.6942730727961435,0.831873594307254,0.0856655510658795,24,0.4863276574109106,0.5765719364395496,0.5,0.5637517594549621,70.42225557601482,70.27890864790166,0.1433469281131607,As Expected,1,Transformers Collection,4,5,0,Action,1,34.895163121641055,27200,10.211009016314163,0.5823806890370289,1.1012082555777496,10.211009016314163,-0.0994369836163419,-0.7227271578511701,-1.1571935910710125,0.093003830750586,20.4523519336525,-0.5044495272853785,39.57607693780737,19.19540791611303,-12.940230969311765,0.0087449853818476,-0.7088578413767614,-1.230524596260174,0.0104703020738817,53.00859598853869,23.49570200573066,9.455587392550145,38.39541547277937,-0.990477053475893,0.4478706220428484,0.6627814294349105
124,Guardians of the Galaxy,2014,773638383,333176594.0,170000000,Action,MCU,James Gunn,Marvel Studios,0,0,6103892,164970.05405405405,1341135,True,66,100,28238,237224,282.38,30001,118340.0,10.3347,7.905,29550,121.0,8.375,100,False,,0,0,0,2,52,103,8.0,1352030.0,76.0,tt2015381,3,3,9,True,3,3,moviedetails,0.38,success,tt2015381,True,8073.0,1418.0,5.693229901269394,16.0,1.0,-0.0142765536453829,0.1541106702166275,1.0,0.1671368124118476,0.1332863187588152,4.638833664678596,0.340622929092114,5.575276243093922,3.0925557764523965,1.9880715705765408,14.137397835210956,540.0,0.3808180535966149,238.0,1.3333333333333333,success,2XltzyLcu0g,Rotten Tomatoes Trailers,10.0,160.0,1107.0,590.0,672.0,0.8779761904761905,success,success,Marvel Entertainment,11637252,88192.0,4746.0,23193058,12,0.8386940768037116,0.2185430463576159,265462,0.7801501475688373,0.9727623353970808,0.1516211254351578,155,0.7629634617447971,0.3333333333333333,0.6309297535714573,0.630784150458454,81.66054936620303,70.45247111742572,11.208078248777312,Overperformer,1,Guardians of the Galaxy Collection,0,3,0,Action,1,29.48098600272513,395000,12.886643575525625,0.0192914024680028,0.0629866255970531,12.886643575525625,0.2023430520352323,0.8240283990288398,0.9828215932805456,-0.8487922780323461,20.466615118245777,0.350431993440279,61.09177300555008,18.951309000896888,7.903380346006259,0.2662088103088224,0.8409657016137718,0.9088429579171924,-0.9772314571213236,77.93696275071633,85.67335243553008,82.8080229226361,17.191977077363894,,,
125,Guardians of the Galaxy Vol. 2,2017,863756034,389813856.0,200000000,Science Fiction,MCU,James Gunn,Marvel Studios,1,0,2938948,79431.02702702703,592096,True,59,100,22258,151057,222.58,31832,283995.0,16.9872,7.609,22807,137.0,2.919354838709677,100,True,27.90430622009569,5225,341439,0,1,15,60,7.6,823054.0,67.0,tt3896198,32,32,27,True,1,5,movies,0.28,success,tt3896198,True,9282.0,1622.0,5.722564734895191,17.0,0.0,-0.0112008179517427,0.159493701445622,1.0,0.1627620221948212,0.1393341553637484,6.507592190889371,0.3155196213764543,5.37463810075275,0.9859988168014198,9.859988168014198,10.057187931374482,675.0,0.4161528976572133,201.0,1.3333333333333333,success,wX0aiMVvnvg,Rotten Tomatoes Trailers,10.0,181.0,3295.0,2095.0,2231.0,0.9390407888839084,success,success,Rotten Tomatoes Trailers,8790679,68368.0,3599.0,14594326,9,0.7994619243617782,0.195364238410596,173315,0.7535172822598115,0.9482864640636492,0.0474928965884442,75,0.6543139638942169,0.8407323532264089,0.3154648767857286,0.6107613206212225,78.3036283187346,71.3940525563169,6.909575762417703,Overperformer,1,Guardians of the Galaxy Collection,1,3,0,Science Fiction,1,21.65481577246283,36200,10.49684202174171,-0.1354231185629742,-0.0427988348657004,10.49684202174171,-0.268130268212369,-0.5574901721190575,0.4457439500495808,1.1158071582129765,20.576800919997144,0.1787494473118414,56.77085906241072,19.11382792951231,4.104286690665731,-0.1610839662286813,-0.542034659376431,0.3643914825082073,1.0183619657025091,33.2378223495702,29.799426934097426,61.03151862464183,91.97707736389684,-1.2608742844229224,0.3471595401775606,1.1777622384233963
126,Guardians of the Galaxy Vol. 3,2023,845289623,331187414.0,250000000,Science Fiction,MCU,James Gunn,Marvel Studios,1,0,19321047,522190.45945945947,6731675,True,49,100,28842,106816,288.42,30568,447365.0,17.7192,7.924,8184,150.0,4.300884955752212,100,False,,0,0,0,1,12,96,7.9,461399.0,64.0,tt6791350,18,18,43,True,1,5,boxoffice,0.28,success,tt6791350,True,8719.0,1618.0,5.388751545117429,19.0,6.0,-0.0041062951727897,0.1715955199486407,1.0,0.1328800988875154,0.1588380716934487,4.877057508636455,0.2985165616744564,4.725745257452575,1.016053647632595,6.09632188579557,8.33163991058728,753.0,0.465389369592089,243.0,2.0,success,u3V5KDHRQvk,Marvel Entertainment,8.0,152.0,38698.0,,,,too_many_comments_to_reach_window,success,Marvel Entertainment,36020223,801196.0,38698.0,36222332,3,0.9005459428433806,0.162251655629139,135658,0.7382148949354833,0.8514429559289104,0.0738612324924619,108,0.7087978380643357,0.7079879189072642,0.3154648767857286,0.6097328153365568,78.13119459854653,71.1596717475021,6.971522851044426,Overperformer,1,Guardians of the Galaxy Collection,2,3,0,Science Fiction,1,27.87016859731621,47500,10.768506042432708,1.106056243155894,2.003247557224168,10.768506042432708,0.2984185148113211,-0.4004441240473788,0.524082101922408,0.6018336765869136,20.55518987689184,0.3135046818718573,60.162384788536585,19.33697147982652,8.831632092511505,0.4940341320032035,-0.3910364424750298,0.4435791616668736,0.5953711801782602,87.10601719197709,35.816618911174785,65.61604584527221,70.77363896848138,-2.938810686882309,0.08253801297960829,2.2291912870203414
127,Thor,2011,449326618,181030016.0,150000000,Adventure,MCU,Kenneth Branagh,Marvel Studios,0,0,2899851,78374.35135135135,143321,True,101,100,9139,234841,91.39,29866,10195.0,14.1397,6.769,22227,115.0,8.73469387755102,100,True,24.34397163120568,5640,276324,0,0,5,30,7.0,963947.0,57.0,tt0800369,2,2,19,True,2,4,moviedetails,0.42,success,tt0800369,True,6522.0,1102.0,5.918330308529946,17.0,1.0,-0.0044909196825498,0.1791395050976082,1.0,0.1306715063520871,0.1705989110707804,1.6896648831315122,0.3551112362714728,5.68613775065388,0.5632216277105041,3.0977189524077726,11.264432554210082,374.0,0.3393829401088929,213.0,1.25,success,JOddp-nlNvQ,Marvel Entertainment,10.0,132.0,13575.0,,,,too_many_comments_to_reach_window,success,Marvel Entertainment,27262291,86767.0,13575.0,27727953,15,0.798743045958071,0.3344370860927152,243980,0.7748789612588136,0.9458522983689756,0.1584863604878598,35,0.5414201930881729,0.2641604167868594,0.5,0.5891600369258353,74.68207210121408,65.67748099957677,9.004591101637303,Overperformer,1,Thor Collection,0,4,0,Adventure,1,32.65869365225392,2270000,14.635290829986122,-0.1377856153315471,-0.3087481423644456,14.635290829986122,0.0245634257131892,1.834902566634472,-0.1432052415803584,-1.116623053265781,19.923260617778432,0.1591762656062528,56.27824035625518,18.8261458587272,3.091051858665608,0.0492015483500675,1.84780059702984,-0.1818897979965908,-1.2241532970350275,58.16618911174785,94.26934097421204,42.97994269340974,14.613180515759314,,,
128,Thor: The Dark World,2013,644571402,206362140.0,170000000,Action,MCU,Alan Taylor,Marvel Studios,1,0,1684005,45513.64864864865,72246,True,62,100,12547,31610,125.47,6695,76338.0,12.0279,6.51,18231,112.0,5.6104651162790695,100,False,,0,0,0,0,4,21,6.7,776160.0,54.0,tt1981115,25,25,29,True,0,5,uvtrade,0.28,success,tt1981115,True,6253.0,1137.0,5.499560246262093,16.0,0.0,-0.0088332255548614,0.1470777938315484,1.0,0.0800351802990325,0.1565523306948109,2.365464222353637,0.3778829095209935,5.326235093696763,0.2956830277942046,4.139562389118865,10.34890597279716,469.0,0.4124890061565523,189.0,1.5,success,npvJ9FTgZbM,Marvel Entertainment,10.0,83.0,11876.0,,,,too_many_comments_to_reach_window,success,Marvel Entertainment,22857548,104256.0,11876.0,26610360,13,0.7695697075010819,0.2052980132450331,44157,0.6681051058185055,0.9271249781011772,0.0988563079816099,25,0.4922533652007107,0.7834066196901821,0.0,0.5382288910857889,66.14322735089706,68.84030286947339,-2.6970755185763267,As Expected,1,Thor Collection,1,4,0,Action,1,30.225491763953304,50100,10.821796246953596,0.3858387522439181,0.7162887682930349,10.821796246953596,-0.2777777416008204,-0.3696376300565673,-0.3552874347893492,0.8938475182212519,20.28409616241487,-0.0562915268629,50.85533738928196,18.951309000896888,-2.3309625167334644,-0.2269750788850249,-0.3540646056480871,-0.4174110881561329,0.7725458288747115,28.36676217765043,36.96275071633238,32.664756446991404,82.52148997134671,,,
129,Thor: Ragnarok,2017,854461807,315058289.0,180000000,Action,MCU,Taika Waititi,Marvel Studios,1,0,2466238,66655.08108108108,100949,True,63,100,32560,356335,325.6,74061,284053.0,15.7336,7.581,21888,131.0,3.951612903225808,100,True,27.713338856669427,4828,221466,0,0,6,50,7.9,892533.0,74.0,tt3501632,32,32,50,True,2,4,moviedetails,0.42,success,tt3501632,True,9180.0,1568.0,5.854591836734694,19.0,0.0,-0.0064416813699339,0.1766411142288933,1.0,0.0758928571428571,0.15625,3.245513554791905,0.2936235204276441,5.03013698630137,1.145475372279496,6.872852233676976,7.827415043909888,653.0,0.4164540816326531,242.0,1.5,success,ue80QwXMRHg,Marvel Entertainment,10.0,70.0,58718.0,,,,too_many_comments_to_reach_window,success,Marvel Entertainment,84647749,902423.0,58718.0,138432124,9,0.7900490107982413,0.2086092715231788,388895,0.804001879963058,0.9443999853982108,0.0671949118026044,56,0.6108491780538625,0.8407323532264089,0.5,0.6359887481526866,82.53312450595112,71.31902941653149,11.21409508941963,Overperformer,1,Thor Collection,2,4,0,Action,1,26.36165577342048,112000,11.6262630788088,0.2475144822978734,0.5329924294323893,11.6262630788088,-0.2617527839364732,0.0954159917894611,0.4436908049924234,1.1158071582129765,20.565982364377703,0.3436800162948463,60.92183894498674,19.00846741441004,8.26832931096208,-0.1546077565463163,0.1107336138745972,0.3630356564020162,1.019658261231323,34.097421203438394,61.31805157593123,60.74498567335244,92.55014326647564,-0.5608959323568313,0.6601333937653404,0.27066549561049197
130,Iron Man,2008,585366247,318412291.0,140000000,Action,MCU,Jon Favreau,Marvel Studios,0,0,3865369,104469.43243243244,154995,True,78,100,22832,518389,228.32,57935,1726.0,26.046,7.657,27966,126.0,9.18103448275862,100,False,,0,0,0,2,24,73,7.9,1213667.0,79.0,tt0371746,12,12,20,True,3,5,moviedetails,0.28,success,tt0371746,True,9874.0,1422.0,6.943741209563995,18.0,0.0,0.0081071793888249,0.1323823378506191,1.0,0.1054852320675105,0.2025316455696202,1.4342058085335248,0.3234134098243097,5.5008356545961,1.6134815346002152,3.4062387952671207,5.378271782000717,402.0,0.2827004219409282,330.0,1.1666666666666667,success,-BNbU8oaADY,Marvel Entertainment,10.0,-5559.0,46.0,29.0,35.0,0.8285714285714286,success,success,Rotten Tomatoes Classic Trailers,2910191,29672.0,1477.0,4797572,18,0.8141700818069201,0.2582781456953642,541221,0.8246479351057612,0.967556155511221,0.1670053633387794,97,0.692725229094033,0.6167399530235154,0.6309297535714573,0.6610870634059733,86.74097441601187,68.0271164786721,18.713857937339768,Strong Overperformer,1,Iron Man Collection,0,3,0,Action,1,33.421105934778204,1700000,14.346139397261563,-0.4627805270440285,-0.9674161858720408,14.346139397261563,0.1230235924545745,1.6677472337782775,0.8077816393634869,0.2485304668733391,20.18774827425649,0.7586422534204864,71.36562695201634,18.757152987716434,17.20422310690084,0.1010620652864117,1.6869025500541264,0.7523210274657854,0.0651123019050281,63.323782234957015,92.83667621776505,79.08309455587393,41.26074498567336,-0.3007975328084996,0.7961201105726283,0.24035080590567687
131,Iron Man 2,2010,623933331,312057175.0,200000000,Adventure,MCU,Jon Favreau,Marvel Studios,1,0,2319742,62695.72972972973,125400,True,67,100,9095,86164,90.95,23521,10138.0,28.4579,6.851,22252,124.0,4.673076923076923,100,False,,0,0,0,1,7,45,6.9,930932.0,57.0,tt1228705,11,11,23,True,6,5,shittymoviedetails,0.4,success,tt1228705,True,11221.0,1524.0,7.3628608923884515,21.0,0.0,0.0105311719484947,0.1171213479555216,1.0,0.0479002624671916,0.2139107611548556,2.211341020375928,0.3080082135523614,5.238562091503268,1.105670510187964,2.211341020375928,5.52835255093982,407.0,0.2670603674540682,296.0,1.1,success,BoohRoVA9WQ,Movieclips,10.0,-1081.0,569.0,18.0,22.0,0.8181818181818182,success,success,Movieclips,3090127,18611.0,601.0,5696521,16,0.7867618603513427,0.2218543046357615,95259,0.7161310763986889,0.9459585225654048,0.0809650101764435,52,0.5998562450399421,0.5974937501201928,0.8856218745807111,0.6337535580618519,82.1583844356408,68.52118587580875,13.637198559832044,Overperformer,1,Iron Man Collection,1,3,0,Adventure,1,26.379110596203542,215000,12.278397958261774,-0.8962961636574459,-1.6448625049597074,12.278397958261774,-0.2411379264726371,0.4724081505865268,-0.0455409118588379,0.1740110494300442,20.25155408088234,0.0735939527440524,54.124300906546935,19.11382792951231,0.3224307161040798,-0.2342243500957362,0.4904525926589533,-0.1052953232569288,0.0124119867220774,27.793696275071632,76.21776504297995,44.69914040114613,38.68194842406877,-0.06014426639780157,0.9121127346393667,0.28708623777581854
132,Captain America: The First Avenger,2011,370569774,176654505.0,140000000,Action,MCU,Joe Johnston,Marvel Studios,0,0,2880000,77837.83783783784,133906,True,72,100,8929,228528,89.29,55485,1771.0,8.9436,7.005,22612,124.0,15.275510204081632,100,False,,0,0,0,0,4,50,6.9,965237.0,66.0,tt0458339,15,15,33,True,4,5,shittymoviedetails,0.28,success,tt0458339,True,7416.0,1200.0,6.18,17.0,0.0,0.0012130766156501,0.125442014194105,1.0,0.1166666666666666,0.1916666666666666,3.78698224852071,0.3772781065088757,5.601208459214502,0.0,2.366863905325444,12.544378698224852,427.0,0.3558333333333333,286.0,1.1666666666666667,success,W4DlMggBPvc,Marvel Entertainment,9.0,29.0,1529.0,550.0,804.0,0.6840796019900498,success,success,Marvel Entertainment,3140469,13937.0,1529.0,3402888,15,0.7983743261328411,0.23841059602649,237457,0.7731861630594172,0.9474750574741192,0.2833265213043702,54,0.605452669339585,0.6666666666666667,0.7324867603589634,0.6616939249554711,86.84271759242442,63.9887588691623,22.853958723262124,Strong Overperformer,1,Captain America Collection,0,4,0,Action,1,38.56526429341963,39600,10.586609649448985,0.0816817637359261,0.0390354036215538,10.586609649448985,0.3559303293294211,-0.5055964721718258,0.0214442096750702,0.441841824663479,19.730552311554884,0.1277667818287015,55.48772507405696,18.757152987716434,2.5332199539233,0.3823270236769,-0.4951546546004001,-0.004819173465794,0.3574021786145017,84.5272206303725,31.23209169054441,47.27793696275072,57.306590257879655,,,
133,Captain America: The Winter Soldier,2014,714766305,259759742.0,170000000,Action,MCU,Anthony & Joe Russo,Marvel Studios,1,0,2433370,65766.75675675676,127582,True,64,100,15943,124675,159.43,20046,100402.0,9.0801,7.653,19880,136.0,5.625,100,False,,0,0,0,1,5,52,7.7,969635.0,70.0,tt1843866,15,15,31,True,4,5,shittymoviedetails,0.28,no_subtitle,tt1843866,False,,,,,,,,,,,,,,,,,,,,,success,NNj7dKtnuBw,Rotten Tomatoes Trailers,10.0,44.0,456.0,164.0,243.0,0.6748971193415638,success,success,Marvel Entertainment,34317277,146496.0,11442.0,38236456,12,0.7893288201694336,0.2119205298013245,140618,0.7404580254293327,0.9353073021698222,0.0991337255286843,57,0.6134768300514982,0.6666666666666667,0.7324867603589634,0.6318565505774493,81.84034226061542,69.75335814978718,12.08698411082824,Overperformer,1,Captain America Collection,1,4,0,Action,1,,47800,10.774801838762809,,,10.774801838762809,-0.1800487112670863,-0.396804591912827,0.3160927744193661,0.441841824663479,20.387466202477647,0.0457558741201529,53.423670907815264,18.951309000896888,0.3308456755599138,-0.1154606746084998,-0.3808761020029715,0.2472157478894846,0.3228863871412883,39.25501432664756,36.38968481375358,56.446991404011456,55.873925501432666,-0.29237315039858675,0.8284988849192934,0.2958642903164709
134,Ant-Man,2015,519311965,180202305.0,130000000,Science Fiction,MCU,Peyton Reed,Marvel Studios,0,0,2512274,67899.2972972973,308094,True,65,100,31004,217240,310.04,60699,102899.0,11.6493,7.066,20764,117.0,6.702702702702703,100,False,,0,0,0,0,4,34,7.2,778683.0,64.0,tt0478970,20,20,33,True,3,7,shittymoviedetails,0.18,success,tt0478970,True,9613.0,1630.0,5.897546012269939,16.0,1.0,0.0056530773248564,0.1452223030854894,1.0,0.1024539877300613,0.1742331288343558,4.453152832205202,0.3070894193088707,5.394500561167228,0.8906305664410402,4.987531172069826,6.590666191663698,650.0,0.3987730061349693,273.0,1.3333333333333333,success,QfOZWGLT1JM,Rotten Tomatoes Trailers,10.0,91.0,2510.0,767.0,1249.0,0.6140912730184147,success,success,Marvel Entertainment,27304770,134608.0,10192.0,38440438,11,0.7910417596940341,0.2152317880794702,248244,0.7759612322323542,0.939418429078758,0.1197031119785185,38,0.5535135401551698,0.7320529037964602,0.6309297535714573,0.6324855510512611,81.9457971312092,66.98397422230363,14.961822908905576,Overperformer,1,Ant-Man Collection,0,3,0,Science Fiction,1,28.39904296265474,197000,12.190964083849376,0.0579594293816497,0.1754452294885892,12.190964083849376,-0.1167445241984584,0.4218635683148801,-0.0020586767770666,0.6950109471234811,20.06801535110636,0.2477061918939508,58.50636547152135,18.683045016112164,6.017545024601404,-0.0345126350867446,0.4327583523088374,-0.0504358061784386,0.6290647935655419,49.28366762177651,73.35243553008596,46.13180515759313,72.77936962750717,,,
135,Ant-Man and the Wasp,2018,622706314,216648740.0,195000000,Action,MCU,Peyton Reed,Marvel Studios,1,0,1645438,44471.2972972973,123270,True,57,100,32974,158842,329.74,45687,363088.0,9.0996,6.9,14094,119.0,3.9375,100,False,,0,0,0,0,2,21,7.0,493940.0,70.0,tt5095030,4,4,14,True,0,5,movies,0.26,success,tt5095030,True,10244.0,1932.0,5.302277432712216,15.0,0.0,-0.0033275859751015,0.1798882605648349,1.0,0.129399585921325,0.1728778467908902,4.603580562659846,0.2775788576300085,4.707720588235294,1.5345268542199488,7.672634271099745,2.557544757033248,833.0,0.4311594202898551,244.0,2.0,success,8_rTIAOohas,Marvel Entertainment,10.0,154.0,23601.0,,,,too_many_comments_to_reach_window,success,Marvel Entertainment,32119415,500523.0,27510.0,32151439,8,0.7683260733951596,0.1887417218543046,191816,0.7598528960806434,0.9028048475479604,0.0669255483133483,23,0.4801600181337137,0.3869880158145604,0.0,0.5081978090615494,61.10837602643719,68.50873288256057,-7.400356856123373,Underperformer,1,Ant-Man Collection,1,3,0,Action,1,23.818820773135496,77400,11.256754979390998,0.7846285967121172,1.4378050735853631,11.256754979390998,-0.3690998570918652,-0.1181926656854574,-0.1384531700181841,-0.6410465890935825,20.249585561111317,-0.3493577828586119,43.47943284713834,19.088510121656228,-8.573759576009365,-0.2443388471557238,-0.1078698233678494,-0.1988052726768241,-0.6845521427265739,26.93409742120344,48.71060171919771,41.83381088825215,20.05730659025788,-0.6995990530305244,0.6685824117144658,0.44692183473053254
136,Black Widow,2021,379826451,183635505.0,200000000,Action,MCU,Cate Shortland,Marvel Studios,0,0,4169299,112683.75675675676,278594,True,55,100,51915,256592,519.15,55192,497698.0,14.7265,7.2,11143,134.0,6.5131578947368425,100,False,,0,0,0,0,14,37,6.6,472692.0,68.0,tt3480822,7,7,16,True,3,3,marvelstudios,0.4599999999999999,success,tt3480822,True,7415.0,1290.0,5.748062015503876,17.0,0.0,-0.0053663724303259,0.1659879066100845,1.0,0.0472868217054263,0.1930232558139535,2.874251497005988,0.3422754491017964,5.181691125087352,1.1976047904191616,5.5089820359281445,11.25748502994012,490.0,0.3798449612403101,212.0,1.1428571428571428,success,ybji16u608U,Marvel Entertainment,10.0,484.0,33261.0,,,,too_many_comments_to_reach_window,success,Marvel Entertainment,49541142,1605862.0,90215.0,107687089,5,0.8182330365490259,0.1821192052980132,308507,0.7895370315351053,0.8806052100312912,0.1160853977472822,51,0.5969783259955244,0.5,0.6309297535714573,0.6122258028811831,78.54915561742665,64.13717009334997,14.411985524076684,Overperformer,0,,0,0,0,Action,0,28.590694538098447,193000,12.170450649220747,-0.2393707301263445,-0.3434331545796755,12.170450649220747,0.0070702450029036,0.4100049724190795,0.1159978297533976,-0.2034752266844336,19.755225001099934,0.0971793974697793,54.71790042652549,19.11382792951231,3.9164806842014457,0.1805286243136743,0.4111406251867691,0.0872384307117109,-0.1435491437160728,71.06017191977078,72.49283667621776,51.00286532951289,28.653295128939828,-0.7999612415315476,0.6415565382127768,0.40424671985926125
137,Captain Marvel,2019,1128274794,426471595.0,175000000,Action,MCU,Anna Boden,Marvel Studios,0,0,3329578,89988.5945945946,337729,True,59,100,147669,299870,1476.69,52716,299537.0,11.0327,6.784,16646,124.0,5.46,100,False,,0,0,0,0,10,57,6.7,657278.0,64.0,tt4154664,12,12,29,True,0,3,movies,0.5399999999999999,success,tt4154664,True,7559.0,1426.0,5.300841514726508,14.0,3.0,-0.0113490646800604,0.1305854151199467,1.0,0.0553997194950911,0.2075736325385694,2.796550920531345,0.3372174318340713,4.742158092848181,1.86436728035423,2.0974131903985085,10.720111862036822,610.0,0.4277699859747546,251.0,1.1428571428571428,success,Z1BCujX3pw8,Marvel Entertainment,10.0,168.0,136791.0,,,,too_many_comments_to_reach_window,success,Marvel Entertainment,63029704,1123904.0,136791.0,122178858,7,0.8061606520141545,0.195364238410596,447539,0.812775453175658,0.9185304428295572,0.0959844815342959,67,0.6375093073898266,0.6167399530235154,0.0,0.5702000633567416,71.50334387693547,73.77982453717914,-2.276480660243664,As Expected,1,Captain Marvel Collection,0,2,0,Action,1,33.20545045640958,289000,12.574185427296197,0.1678124005239102,0.3875191606459469,12.574185427296197,-0.1058335605121015,0.6433997046496125,0.1049629187357012,0.2485304668733391,20.843955572942203,0.2251670693584138,57.939099834879,18.980296537602072,5.386529945380545,0.0282321723913848,0.6603361777280281,0.0062096336054338,0.1485388134606669,55.30085959885387,82.23495702005731,47.85100286532951,46.13180515759313,,,
138,Spider-Man: Homecoming,2017,880166924,334201140.0,175000000,Action,Spider-Man,Jon Watts,Sony,0,0,3880487,104878.02702702704,223082,True,69,100,33634,360344,336.34,95881,315635.0,27.8691,7.331,23032,133.0,7.201612903225806,100,False,,0,0,0,0,8,11,7.4,795043.0,73.0,tt2250912,10,10,12,True,2,6,movies,0.2,success,tt2250912,True,11862.0,1849.0,6.415359653866955,18.0,1.0,0.0036073773185248,0.1445124302852359,1.0,0.0551649540292049,0.2449972958355868,4.239683436970039,0.25423968343697,4.321311475409836,1.4132278123233466,2.402487280949689,5.652911249293386,653.0,0.3531638723634397,318.0,1.25,success,rk-dF1lIbIg,Sony Pictures Entertainment,10.0,206.0,5493.0,,,,too_many_comments_to_reach_window,success,Sony Pictures Entertainment,28603909,337656.0,22453.0,66555613,9,0.8143796158276587,0.2284768211920529,393978,0.8048130395188533,0.9492141262732032,0.1292254753284367,19,0.4526137502950825,0.5765719364395496,0.5,0.607448742022135,77.74825902722752,71.5863247890774,6.161934238150124,Overperformer,1,Spider-Man (MCU) Collection,0,4,0,Action,1,26.80829539706626,77800,11.261909563554315,-0.3114918036118607,-0.5106648379860586,11.261909563554315,0.0232241183722987,-0.1152128560285037,0.0866857017502981,0.093003830750586,20.595622134948126,0.0375963197430773,53.21831088099382,18.980296537602072,0.5290130546566587,0.1300986661808781,-0.0995174526945959,0.0041200972313835,-0.0066965479091266,64.18338108882521,49.28366762177651,47.56446991404012,37.82234957020057,-0.49261590552243173,0.6694904942194664,0.33853249545906267
139,Spider-Man: Far From Home,2019,1131927996,390532085.0,160000000,Action,Spider-Man,Jon Watts,Sony,1,0,3290561,88934.08108108108,159266,True,64,100,48338,473797,483.38,70736,429617.0,22.8942,7.396,16838,129.0,9.91,100,False,,0,0,0,0,11,26,7.3,636954.0,69.0,tt6320628,9,9,59,True,3,5,moviedetails,0.24,success,tt6320628,True,11528.0,2050.0,5.623414634146341,15.0,3.0,0.00840490810003,0.1443458973491466,1.0,0.0751219512195121,0.1770731707317073,1.7725258493353029,0.2562776957163958,4.603833865814696,1.1816838995568684,3.692762186115214,6.203840472673559,819.0,0.3995121951219512,302.0,2.0,success,Nt9L1jCKGnE,Sony Pictures Entertainment,10.0,52.0,102797.0,,,,too_many_comments_to_reach_window,success,Sony Pictures Entertainment,88995201,1984676.0,102797.0,109340605,7,0.8055279184859505,0.2119205298013245,522135,0.822405320937652,0.9196141218293076,0.1809186377465894,37,0.5495890030994032,0.5536546824812272,0.6309297535714573,0.6302493207376514,81.57088266268666,73.82584437230054,7.74503829038612,Overperformer,1,Spider-Man (MCU) Collection,1,4,0,Action,1,26.1970853573907,29100,10.278527816830314,0.7355651487554189,1.266643933580469,10.278527816830314,0.1177351976987622,-0.6836952655724998,0.2019385470836632,0.0042704622543304,20.84718820781394,-0.0608859366567631,50.73970507961229,18.8906843794481,-1.8167680168354536,0.2517714309903868,-0.666717590122569,0.10297689979888,-0.096108530307663,76.21776504297995,25.214899713467048,51.57593123209169,32.09169054441261,,,
140,The Amazing Spider-Man,2012,758225437,292587330.0,230000000,Action,Spider-Man,Marc Webb,Sony,0,0,3081169,83274.83783783784,178388,True,24,100,17839,95259,178.39,22309,1930.0,20.0317,6.7,18393,136.0,10.228260869565217,100,False,,0,0,0,0,2,33,6.9,763493.0,66.0,tt0948470,12,12,22,True,3,7,shittymoviedetails,0.18,success,tt0948470,True,8046.0,1583.0,5.08275426405559,16.0,1.0,-0.0038812165233517,0.1430092770766458,1.0,0.082122552116235,0.1724573594440935,0.6203473945409429,0.2979735318444996,4.411184210526316,1.0339123242349049,3.101736972704715,3.5153019023986767,695.0,0.4390397978521794,290.0,1.2,success,-tnxzJ0SSOw,Sony Pictures Entertainment,10.0,138.0,19325.0,,,,too_many_comments_to_reach_window,success,Sony Pictures Entertainment,18038597,96801.0,19325.0,22187032,14,0.8019986216873127,0.0794701986754966,113098,0.7268535573827299,0.9279609396422444,0.18699306885039,35,0.5414201930881729,0.6167399530235154,0.6309297535714573,0.6041218464991361,77.19048943648183,70.21580218728329,6.9746872491985386,Overperformer,1,The Amazing Spider-Man Collection,0,2,0,Action,1,36.04275416355953,239000,12.384223015005311,0.3999871083976208,0.7637598428940436,12.384223015005311,0.1166230628388048,0.5335844775298626,-0.1420847905543552,0.2485304668733391,20.446491310998077,0.2082983882505252,57.51454811983791,19.25358987123529,3.9138784893186127,0.1512150947478259,0.552189414372574,-0.2145851858185893,0.0930381429701489,66.4756446991404,77.36389684813754,40.68767908309456,41.83381088825215,,,
141,The Amazing Spider-Man 2,2014,709037765,321557177.0,255000000,Action,Spider-Man,Marc Webb,Sony,1,0,2657264,71817.94594594595,142598,True,61,100,21867,154554,218.67,32286,102382.0,23.3886,6.532,14122,141.0,10.21875,100,False,,0,0,0,0,4,30,6.6,588917.0,53.0,tt1872181,9,9,48,True,5,4,shittymoviedetails,0.36,success,tt1872181,True,10264.0,1710.0,6.002339181286549,18.0,1.0,0.003213340666901,0.1445413343709082,1.0,0.0777777777777777,0.175438596491228,1.0028413839211097,0.2717700150426207,4.716911764705882,1.0028413839211097,6.017048303526659,5.181347150259067,660.0,0.3859649122807017,291.0,1.5,success,nbp3Ra3Yp74,Sony Pictures Entertainment,9.0,131.0,29955.0,,,,too_many_comments_to_reach_window,success,Sony Pictures Entertainment,42542612,275179.0,29956.0,64607213,12,0.7940535813436618,0.2019867549668874,176421,0.7546268211988842,0.9029923858100188,0.1868115412815435,34,0.537163962855065,0.5536546824812272,0.8154648767857287,0.6295435009265562,81.45254867099581,69.6032518263068,11.849296844689007,Overperformer,1,The Amazing Spider-Man Collection,1,2,0,Action,1,28.351519875292286,87100,11.374823643830943,0.1880362107769539,0.3507905765798655,11.374823643830943,0.077139945902585,-0.0499384408373121,-0.3321196820751546,0.0042704622543304,20.379419349650426,-0.0656577784319851,50.61960715395835,19.35677410704427,-2.4635020005086545,0.1418014146203215,-0.0341125141407083,-0.4004780420501427,-0.1137207893166225,65.0429799426934,53.29512893982808,33.5243553008596,31.51862464183381,,,
142,Spider-Man 3,2007,891871626,336530303.0,258000000,Action,Spider-Man,Sam Raimi,Sony,1,0,3071425,83011.48648648648,149760,True,61,100,16935,164969,169.35,30196,559.0,21.5006,6.454,15101,139.0,8.89344262295082,100,False,,0,0,0,0,4,44,6.3,692051.0,59.0,tt0413300,36,36,50,True,1,9,moviedetails,0.12,success,tt0413300,True,6739.0,1134.0,5.942680776014109,17.0,1.0,0.0088832733012627,0.1404920588248556,1.0,0.0264550264550264,0.2019400352733686,0.7743933918430562,0.3061435209086215,4.433552631578947,1.2906556530717603,14.197212183789365,9.550851832731029,464.0,0.4091710758377425,228.0,1.0,success,e5wUilOeOmg,Sony Pictures Entertainment,10.0,-5483.0,14469.0,,,,too_many_comments_to_reach_window,success,Sony Pictures Entertainment,7681741,232993.0,14470.0,9649691,19,0.8018285983936818,0.2019867549668874,181904,0.7565386328857139,0.9093259568067856,0.1615162909912963,48,0.5880002682992193,0.868242227604825,0.3154648767857286,0.6161270838013533,79.20322360579134,71.62735357462248,7.575870031168861,Overperformer,1,Spider-Man Collection,2,3,0,Action,1,33.83291289508829,258000,12.460718739865236,-0.0558183263442558,-0.0166759439485363,12.460718739865236,0.0477953833985946,0.577805833206896,-0.2511706900448283,1.2223227043139615,20.60883276426811,0.407862526061047,62.5371872002892,19.36847014676186,7.649062228413278,0.0072625396463553,0.6032902528387658,-0.3336820793153674,0.9737173606622744,52.72206303724928,79.65616045845272,36.10315186246418,90.25787965616044,-0.44528820542918124,0.7076031343740835,0.27052598099245945
143,Spider-Man 2,2004,784009778,373585825.0,200000000,Action,Spider-Man,Sam Raimi,Sony,1,0,3030267,81899.1081081081,180747,True,62,100,12895,160591,128.95,48006,558.0,11.2961,7.303,16227,127.0,5.768656716417911,100,False,,0,0,1,0,25,60,7.5,777496.0,83.0,tt0316654,26,26,69,True,2,6,raimimemes,0.18,success,tt0316654,True,6428.0,1105.0,5.817194570135746,17.0,2.0,0.004765505100879,0.1569158310648019,1.0,0.0868778280542986,0.1647058823529411,1.6224986479177934,0.3458626284478096,4.6579710144927535,1.081665765278529,8.112493239588966,4.597079502433748,477.0,0.4316742081447964,219.0,1.3333333333333333,skipped_pre_youtube_era,,,,,,,,,,success,KinoCheck.com,2300931,26778.0,2003.0,2387638,22,0.8011044299250615,0.2052980132450331,173486,0.753578882981597,0.916121482094866,0.1018756046282762,85,0.6729903244932698,0.7924812503605781,0.5,0.6298133300635341,81.49778678751106,70.53842135147067,10.959365436040386,Overperformer,1,Spider-Man Collection,1,3,0,Action,1,34.06969508400746,651000,13.386266457287835,0.4388877968540829,0.8209435189478503,13.386266457287835,-0.1149299063761756,1.1128550125323873,0.7389311280258725,0.9289836016589996,20.47993205145118,0.6859458802169576,69.53600140373376,19.11382792951231,14.148653243275234,-0.1984725097461644,1.139582686338542,0.6649998560060312,0.6516267200873687,30.08595988538682,89.97134670487105,73.63896848137536,74.78510028653295,-0.5532561833542553,0.6296194478262577,0.3661011996125328
144,Spider-Man,2002,822103006,407022728.0,139000000,Action,Spider-Man,Sam Raimi,Sony,0,0,3974974,107431.72972972972,192414,True,113,100,18214,746386,182.14,38371,557.0,24.2326,7.324,20517,121.0,10.380597014925373,100,True,25.59369490822358,9643,320220,0,2,17,65,7.4,958249.0,73.0,tt0145487,30,30,31,True,2,5,moviedetails,0.26,success,tt0145487,True,7172.0,1163.0,6.166809974204643,16.0,0.0,0.0032818655024158,0.1284310667662584,1.0,0.1427343078245915,0.2020636285468615,3.082760256106237,0.328669670381788,4.310096153846154,0.7114062129475931,6.876926725160067,5.9283851078966086,479.0,0.411865864144454,272.0,1.3333333333333333,skipped_pre_youtube_era,,,,,,,,,,success,Sony Pictures Entertainment,11655390,195318.0,14885.0,13583661,24,0.8156709849671382,0.3741721854304636,764600,0.8462314145055511,0.9382876211934108,0.1899006063710188,82,0.6676257545131977,0.8256993850644793,0.5,0.6819490351517951,90.2385815282203,71.02840731343343,19.21017421478686,Strong Overperformer,1,Spider-Man Collection,0,3,0,Action,1,37.92526491912995,10100000,16.128046080821385,0.5040772723632967,0.8497171759779553,16.128046080821385,0.1914942965060183,2.69784831957456,0.5186121345020513,1.057600974089395,20.527376257821548,1.1623407102898125,81.52592763747771,18.74998449828921,25.6447183028262,0.0780613706339159,2.727104832974109,0.441803950375026,0.7450948471680476,61.60458452722063,97.42120343839542,65.0429799426934,80.22922636103151,-0.5227554569262802,0.653707794524456,0.2925226879960714
145,Venom,2018,856024408,213311220.0,100000000,Science Fiction,Marvel,Ruben Fleischer,Sony,0,0,3914036,105784.75675675676,340091,True,39,100,30260,289203,302.6,37349,335983.0,15.2033,6.825,17137,112.0,7.232142857142857,100,False,,0,0,0,0,2,9,6.6,601600.0,35.0,tt1270797,19,19,16,True,4,4,shittymoviedetails,0.3,success,tt1270797,True,8205.0,1368.0,5.99780701754386,15.0,0.0,-0.0025322671156004,0.1501479365452268,1.0,0.0782163742690058,0.212719298245614,9.448142581060768,0.2862357741035001,4.538163716814159,0.0,4.294610264118532,3.865149237706678,514.0,0.3757309941520468,253.0,1.2857142857142856,success,u9Mv98Gr5pY,Sony Pictures Entertainment,10.0,156.0,117784.0,,,,too_many_comments_to_reach_window,success,Sony Pictures Entertainment,88905494,1466564.0,117784.0,185237400,8,0.8148417007443185,0.1291390728476821,319463,0.79171689009221,0.921277363325098,0.1298081800194805,11,0.3754350573389001,0.7203213491478937,0.7324867603589634,0.6221584964711074,80.21441814231068,71.44973366080455,8.764684481506123,Overperformer,1,Venom Collection,0,3,0,Science Fiction,1,30.83485679463741,666000,13.4090464510229,-0.003761534226561,0.0047989539348097,13.4090464510229,0.0270474246338569,1.1260238818662431,-0.8893266343876663,0.6495875136022428,20.567809448886383,0.2166154760884337,57.7238729557956,18.420680753952364,5.286444842730305,0.1489044625635742,1.140402727837016,-0.9701901209501748,0.5679518973809254,66.189111747851,90.25787965616044,15.18624641833811,68.76790830945558,-0.9932031266179446,0.4464110318229257,0.5939478798227806
146,Venom: Let There Be Carnage,2021,502122430,213207118.0,200000000,Science Fiction,Marvel,Andy Serkis,Sony,1,0,3702052,100055.45945945944,382045,True,46,100,18060,126129,180.6,32028,580489.0,14.0206,6.7,11101,97.0,3.8947368421052633,100,False,,0,0,0,0,1,6,5.9,300820.0,49.0,tt7097896,7,7,26,True,3,5,movies,0.24,success,tt7097896,True,8194.0,1490.0,5.499328859060403,14.0,1.0,-0.0174184558916102,0.1669200850781677,1.0,0.0912751677852349,0.1402684563758389,6.7340067340067336,0.3131313131313131,5.593174061433447,1.2626262626262628,10.521885521885524,6.523569023569023,591.0,0.3966442953020134,359.0,1.25,success,-FmWuCgJmxo,Sony Pictures Entertainment,9.0,58.0,52934.0,,,,too_many_comments_to_reach_window,success,Sony Pictures Entertainment,53226884,1129996.0,52934.0,129023400,5,0.8118527938296776,0.152317880794702,144189,0.7420245290457651,0.8802483845865191,0.0661093566880084,7,0.3141748823844408,0.5,0.6309297535714573,0.5651534903776013,70.65726231958436,66.6026880915368,4.0545742280475565,As Expected,1,Venom Collection,1,3,0,Science Fiction,1,43.81254576519404,22300,10.012386799492118,0.5772303148345951,0.888438748100399,10.012386799492118,-0.1576249190047069,-0.8375485248168687,-0.994771368084452,-0.2034752266844336,20.03435453437472,-0.5828074439886135,37.60396141136902,19.11382792951231,-13.53449000241151,0.0132862462786582,-0.8328551554535316,-1.0415222920739882,-0.176994862227126,53.58166189111749,19.77077363896848,13.18051575931232,28.08022922636103,-1.2483959611692048,0.3593227815293326,0.6867280939418873
147,X-Men Origins: Wolverine,2009,373062864,179883157.0,150000000,Adventure,X-Men,Gavin Hood,20th Century Fox,0,0,2910553,78663.5945945946,386822,True,52,100,8800,61550,88.0,33853,2080.0,1.1392,6.286,11172,107.0,5.372727272727273,100,True,21.037687145069693,3874,173947,0,0,3,21,6.5,565450.0,40.0,tt0458525,17,17,46,True,3,7,shittymoviedetails,0.18,success,tt0458525,True,5318.0,842.0,6.315914489311164,17.0,0.0,-0.013105413654701,0.1311827812765108,1.0,0.1092636579572446,0.2387173396674584,5.144694533762058,0.345016077170418,4.648601398601398,2.2508038585209,5.466237942122186,9.0032154340836,290.0,0.344418052256532,287.0,1.25,success,8TQ-gD4UCmI,20th Century Studios,10.0,33.0,570.0,4.0,82.0,0.048780487804878,success,success,20th Century Studios,1499436,7428.0,570.0,2812871,17,0.7989407830503013,0.1721854304635761,70350,0.6971968718603366,0.8808508055121491,0.0943187657025532,24,0.4863276574109106,0.6949875002403854,0.6309297535714573,0.5951875222722308,75.69260820360849,64.03453758331608,11.658070620292406,Overperformer,1,The Wolverine Collection,0,3,0,Adventure,1,53.967657013915,60600,11.01206667357142,0.7486861249751363,0.963705649036054,11.01206667357142,-0.1457181769482145,-0.2596443431677244,-0.6473518739826745,0.5514973255445218,19.737257502281004,-0.1485898581481527,48.53236888973169,18.8261458587272,-4.866807559382266,-0.1488400386656173,-0.247192935508134,-0.6738663022802959,0.4367898439832945,35.24355300859599,40.97421203438395,22.063037249283667,61.891117478510026,,,
148,The Wolverine,2013,414031218,132560482.0,120000000,Action,X-Men,James Mangold,20th Century Fox,1,0,2606789,70453.75675675676,269409,True,49,100,12012,39738,120.12,5477,76170.0,1.8668,6.431,10220,126.0,10.55232558139535,100,False,,0,0,0,0,2,11,6.7,520892.0,61.0,tt1430132,15,15,25,True,1,8,digitalcodesell,0.16,success,tt1430132,True,5411.0,1101.0,4.914623069936422,16.0,0.0,-0.0191637772359843,0.1648502355293151,1.0,0.0862851952770208,0.1589464123524069,6.08725059181603,0.3493405478525532,4.370759289176091,0.3381805884342239,6.4254311802502535,8.79269529928982,542.0,0.4922797456857402,161.0,1.5,success,toLpchTUYk8,Rotten Tomatoes Trailers,10.0,115.0,987.0,252.0,337.0,0.7477744807121661,success,success,The Wolverine UK,16026650,48792.0,7592.0,24712084,13,0.7930241475873759,0.162251655629139,51750,0.6780165366407535,0.8724351142200818,0.1931782739869006,13,0.3987250949444232,0.6666666666666667,0.3154648767857286,0.5550803050689199,68.96844570112192,64.99836767806656,3.9700780230553647,As Expected,1,The Wolverine Collection,1,3,0,Action,1,29.75420439844761,62800,11.047726275896393,0.7333832911606736,1.4650542011712249,11.047726275896393,0.0890786235594558,-0.2390299106539888,-0.4535800438499029,0.441841824663479,19.841451937159093,-0.0331018469521619,51.438976282826125,18.603002309079653,-1.2128580603796095,0.1439206638591761,-0.2290987210154958,-0.4871726975468277,0.3735784289892663,65.32951289398281,41.83381088825215,29.799426934097426,57.879656160458445,,,
149,Logan,2017,619021436,226277068.0,97000000,Action,X-Men,James Mangold,20th Century Fox,1,0,4325257,116898.83783783784,490995,True,54,100,44724,212072,447.24,25574,263115.0,14.461,7.819,20287,137.0,3.290322580645161,100,True,24.09342347879533,4881,339650,0,1,28,82,8.1,917281.0,77.0,tt3315342,20,20,61,True,2,7,marvelstudios,0.16,success,tt3315342,True,7754.0,1558.0,4.976893453145058,14.0,1.0,-0.0094394337654928,0.15577222796445,1.0,0.1206675224646983,0.128369704749679,22.69692923898532,0.3188696039163329,4.654261704681873,0.6675567423230975,3.337783711615488,6.453048509123275,756.0,0.4852374839537869,274.0,1.125,success,Div0iP65aZo,20th Century Studios,10.0,130.0,35439.0,,,,too_many_comments_to_reach_window,success,20th Century Studios,38264722,361139.0,35439.0,63464119,9,0.8202043008681814,0.1788079470198675,256796,0.7780769328423853,0.9372223348680344,0.054573308306033,110,0.7115449352271744,0.7320529037964602,0.5,0.6310763896638704,81.70954463547979,68.59241266818657,13.11713196729322,Overperformer,1,The Wolverine Collection,2,3,0,Action,1,35.3366004642765,627000,13.348703414510116,0.4977708308390814,1.0362316718696187,13.348703414510116,-0.1474188211429163,1.091140221568227,0.875042687316149,0.6950109471234811,20.243650461713184,0.6483348330712864,68.5894048993563,18.39022154677693,16.325091129503505,-0.0373323337993294,1.102349480249598,0.8151637081272343,0.6374843412235698,47.85100286532951,88.82521489971347,80.22922636103151,73.35243553008596,,,
150,X-Men: Days of Future Past,2014,747862775,233921534.0,165000000,Action,X-Men,Bryan Singer,20th Century Fox,1,0,3111324,84089.83783783784,260527,True,53,100,24643,146358,246.43,60294,127585.0,13.557,7.53,16158,132.0,4.9,100,False,,0,0,0,1,16,48,7.9,784622.0,75.0,tt1877832,13,13,20,True,2,4,movies,0.3,success,tt1877832,True,7432.0,1261.0,5.893735130848533,21.0,0.0,-0.0137237344116804,0.1593285767428299,1.0,0.0452022204599524,0.15543219666931,5.744255744255744,0.3296703296703296,6.096800656275636,0.0,4.495504495504496,16.483516483516485,459.0,0.3639968279143536,271.0,1.1,success,hMeKYG5y8wc,Rotten Tomatoes Trailers,10.0,197.0,1980.0,862.0,955.0,0.9026178010471204,success,success,X-Men Movies,38547094,159624.0,27552.0,79639179,12,0.8025214105011852,0.1754966887417218,171001,0.7526776624685867,0.9157188235044992,0.085296138280614,64,0.6306922331113524,0.6345591536762674,0.5,0.6052161183253999,77.37394922488826,70.15898712240957,7.214962102478694,Overperformer,1,X-Men Collection,4,7,0,Action,1,36.463939720129176,38200,10.5506169722625,-0.042284549623576,-0.1232847005234225,10.5506169722625,-0.1522223086222167,-0.5264034516801153,0.6068769266312047,0.3175246710090036,20.432730064563454,0.0731843309717627,54.113991527596,18.92145603792546,0.9665129775194288,-0.0880473301702873,-0.5098980396816635,0.5350823804308013,0.1931456497753942,42.693409742120345,30.65902578796561,68.48137535816619,50.1432664756447,-0.6141474205247289,0.6461585471665371,0.5219965840738385
151,X-Men: The Last Stand,2006,604753969,234362141.0,210000000,Adventure,X-Men,Brett Ratner,20th Century Fox,1,0,2360866,63807.18918918919,206538,True,52,100,12605,27255,126.05,4195,36668.0,0.4321,6.418,10305,104.0,2.89453125,100,False,,0,0,0,0,7,40,6.6,569716.0,58.0,tt0376994,13,13,36,True,1,9,movies,0.12,success,tt0376994,True,5283.0,755.0,6.997350993377483,19.0,1.0,-0.0184786537020867,0.1437884168971238,1.0,0.0463576158940397,0.2,2.727582679849983,0.3579952267303102,4.7853260869565215,0.6818956699624957,3.4094783498124785,12.274122059324924,258.0,0.3417218543046357,166.0,1.0,success,0X3DfZnrEg8,Marvel Studios India Hindi,9.0,-6453.0,3.0,1.0,1.0,1.0,success,success,Rotten Tomatoes Classic Trailers,683512,4424.0,303.0,854784,20,0.7877051243411803,0.1721854304635761,39860,0.6617101223376661,0.8732177394925116,0.047019105451092,47,0.5848849789285274,0.6345591536762674,0.3154648767857286,0.5526161778155396,68.55532324501775,68.23589763130167,0.3194256137160778,As Expected,1,X-Men Collection,2,7,0,Adventure,1,31.42154079121711,12100,9.401043372798052,-0.4634448518625296,-0.8109552850028936,9.401043372798052,-0.3271036102664405,-1.1909595835676543,-0.1259915860536002,0.3175246710090036,20.220332272129017,-0.3594501395912886,43.22542796482063,19.162618093443648,-11.411894270542838,-0.3788198521739273,-1.169464832272579,-0.1833712830282089,0.1007378331177034,14.326647564469914,8.882521489971348,42.693409742120345,42.693409742120345,-0.3340703787540743,0.7952129834028289,0.504193456138926
152,X-Men: Apocalypse,2016,543933666,155009746.0,178000000,Science Fiction,X-Men,Bryan Singer,20th Century Fox,1,0,2721430,73552.16216216216,200134,True,51,100,17440,116773,174.4,20869,246655.0,13.5518,6.522,13687,144.0,7.352941176470588,100,False,,0,0,0,0,1,19,6.8,489702.0,52.0,tt3385516,7,7,28,True,2,7,shittymoviedetails,0.16,success,tt3385516,True,7384.0,1457.0,5.067947838023335,16.0,2.0,-0.0031346141847171,0.1650542630149997,1.0,0.0878517501715854,0.1386410432395333,2.2271714922049,0.3122989359069537,4.589185829707893,0.0,3.217025488740411,4.949269982677555,736.0,0.5051475634866164,273.0,1.1666666666666667,success,PfBVIHgQbYk,20th Century Studios,10.0,61.0,17432.0,,,,too_many_comments_to_reach_window,success,20th Century Studios,57635463,306556.0,37206.0,112005277,10,0.795334370839228,0.1688741721854304,134213,0.7375459581766719,0.9000359666061638,0.1321137762720567,20,0.4599852698988825,0.5,0.5,0.5726769842994334,71.91861125487506,67.3318849881399,4.586726266735155,As Expected,1,X-Men Collection,5,7,0,Science Fiction,1,36.971830985915496,25500,10.146472946063875,0.7032231681816089,1.3993649110088322,10.146472946063875,-0.0625520998574335,-0.7600347658483736,-0.5380336955108089,-0.2034752266844336,20.114337861723694,-0.4023100364853256,42.14672817694345,18.997294113874336,-10.179736227857113,0.0339857539977917,-0.749511630176747,-0.5894871523782886,-0.2602396080443869,56.446991404011456,22.063037249283667,25.214899713467048,26.64756446991404,,,
153,X-Men: Dark Phoenix,2019,252751822,65017516.0,200000000,Science Fiction,X-Men,Simon Kinberg,20th Century Fox,1,0,2919683,78910.35135135135,211950,True,47,100,18750,139652,187.5,50998,320288.0,11.2307,5.965,7017,114.0,6.65,100,False,,0,0,0,0,0,13,5.7,226138.0,43.0,tt6565702,0,0,0,False,3,4,movies,0.36,success,tt6565702,True,6024.0,1125.0,5.354666666666667,17.0,1.0,-0.0156030274736157,0.2015946932039585,1.0,0.08,0.1813333333333333,1.815980629539952,0.2820823244552058,4.684292379471229,0.6053268765133172,4.539951573849879,13.01452784503632,487.0,0.4328888888888889,145.0,2.0,success,1-q8C_c-nlM,20th Century Studios,9.0,96.0,14170.0,,,,too_many_comments_to_reach_window,success,20th Century Studios,20115729,242746.0,26622.0,48162685,7,0.7991089009803548,0.1556291390728476,158402,0.747896975592462,0.836906628960445,0.1186972109483699,13,0.3987250949444232,0.0,0.6309297535714573,0.5234899580643176,63.67217631169765,60.53948130477676,3.1326950069208905,As Expected,1,X-Men Collection,6,7,0,Science Fiction,1,24.07038512616202,16100,9.686636660844938,0.8027676746532927,1.46906519274582,9.686636660844938,-0.0798311097536269,-1.0258611758746616,-1.127062795891347,-2.1394263807281715,19.347918628499574,-1.1229534444644176,24.009542890567083,19.11382792951231,-26.736654788758308,0.0678868019275519,-1.0279928228998452,-1.1293877823279506,-2.060160648012853,60.74498567335244,13.46704871060172,11.74785100286533,4.871060171919771,,,
154,Deadpool,2016,783112979,363070709.0,58000000,Action,X-Men,Tim Miller,20th Century Fox,0,0,7381717,199505.86486486485,1138034,True,64,100,29235,236669,292.35,32580,293660.0,18.6259,7.623,32577,108.0,4.036764705882353,100,True,24.2616899097621,4876,257136,0,0,29,78,8.0,1250978.0,65.0,tt1431045,58,58,3,True,2,8,movies,0.14,success,tt1431045,True,8424.0,1570.0,5.365605095541401,14.0,0.0,-0.0018517045587109,0.1444326950817306,1.0,0.0936305732484076,0.1509554140127388,22.767419038272816,0.3682041216879293,4.794536141149687,1.1776251226692838,8.635917566241414,6.084396467124632,703.0,0.4477707006369427,436.0,1.5,success,9vN6DHB6bJc,20th Century Studios,10.0,45.0,3702.0,1516.0,1724.0,0.8793503480278422,success,success,20th Century Studios,21903232,160554.0,6439.0,55094716,10,0.848897238917644,0.2119205298013245,265904,0.780254067649141,0.9819778584565508,0.0688201469730739,107,0.7074053288374458,0.9804405082269736,0.5,0.670886698542894,88.38392906907842,70.76958674606374,17.614342323014682,Strong Overperformer,1,Deadpool Collection,0,3,0,Action,1,51.756885090218425,1380000,14.137594781770806,1.4203054528224075,2.295608903004423,14.137594781770806,0.0314443316039029,1.547189834877436,0.6729175927479097,1.6567434860183057,20.478787534733844,1.0103193473688818,77.69984722620116,17.87595358575207,24.93333235087063,0.1246563771561388,1.5623581567274454,0.597973230753803,1.5563101992869413,63.89684813753582,92.26361031518626,71.06017191977078,99.4269340974212,,,
155,Deadpool 2,2018,785046920,324582498.0,110000000,Action,X-Men,David Leitch,20th Century Fox,1,0,4625943,125025.48648648648,682007,True,49,100,42138,392937,421.38,88087,383498.0,12.6129,7.49,19100,120.0,3.9642857142857135,100,False,,0,0,0,0,6,53,7.6,742720.0,66.0,tt5463162,26,26,46,True,1,4,movies,0.3400000000000001,success,tt5463162,True,11793.0,2120.0,5.562735849056604,13.0,0.0,-0.0091344373655694,0.130751227415878,1.0,0.1570754716981132,0.1334905660377358,21.32257599769486,0.2937617058060798,4.98646934460888,0.4322143783316525,7.347644431638093,8.932430485520818,975.0,0.4599056603773584,472.0,1.0,success,D86RtevtfrA,20th Century Studios,10.0,53.0,27992.0,,,,too_many_comments_to_reach_window,success,20th Century Studios,51765758,665696.0,27992.0,87532111,8,0.823811951454779,0.162251655629139,435075,0.8110110939327642,0.931525085562016,0.0674367892215282,59,0.6185988860443553,0.7924812503605781,0.3154648767857286,0.615740463437843,79.1384048940409,70.666623112177,8.471781781863896,Overperformer,1,Deadpool Collection,1,3,0,Action,1,40.02374289832952,95400,11.465844339561734,0.4281295874710277,0.8320878246578399,11.465844339561734,-0.0953800727773826,0.0026796442550617,0.2637606804771454,0.9289836016589996,20.481254045934932,0.2830526987172042,59.39596792452557,18.5159909328476,7.063050114573194,0.0272668318997155,0.0159552762810022,0.1884761940057494,0.8577191833856799,55.01432664756448,55.587392550143264,54.15472779369628,85.67335243553008,-1.5610337715315863,0.32927517844547716,1.1194076727803615
156,Wonder Woman,2017,822007722,412563408.0,149000000,Action,DC Extended,Patty Jenkins,Warner Bros,0,0,2526433,68281.97297297297,137175,True,101,100,79642,327264,796.42,24028,297762.0,15.6207,7.208,20819,141.0,5.258064516129032,100,True,24.509103891467333,5602,269076,0,0,37,76,7.3,732467.0,76.0,tt0451279,9,9,70,True,1,2,movies,0.8200000000000001,success,tt0451279,True,8981.0,1595.0,5.630721003134796,17.0,0.0,-0.0155654823182022,0.1622547714596999,1.0,0.1341692789968652,0.1448275862068965,1.2300123001230012,0.2847478474784747,5.2829411764705885,0.2050020500205002,6.765067650676508,27.06027060270603,649.0,0.4068965517241379,274.0,1.5,success,1Q8fG0TtVAY,Warner Bros.,10.0,207.0,24139.0,,,,too_many_comments_to_reach_window,success,Warner Bros.,31923178,264579.0,24139.0,64730411,9,0.7913434376889464,0.3344370860927152,406906,0.8068298768330362,0.9396683969427858,0.0921302748080258,113,0.7155741388486762,0.5536546824812272,0.3154648767857286,0.6147276085003124,78.96859502772988,71.01384260026117,7.954752427468705,Overperformer,1,Wonder Woman Collection,0,2,0,Action,1,30.50885202093308,540000,13.199326270390594,0.3716217760570977,0.6781816222019228,13.199326270390594,-0.1888508524425951,1.0047869014026258,0.6968843047326044,0.0042704622543304,20.527260348353447,0.3896628555873803,62.07913708579837,18.819456870621146,9.47238189452188,-0.0813524648714884,1.0196109821651718,0.618725015713766,-0.0872387048036077,43.83954154727794,88.53868194842407,71.91977077363897,32.664756446991404,-1.0892458981367825,0.45867364038150715,0.42881977673143806
157,Wonder Woman 1984,2020,822007722,169950241.0,200000000,Action,DC Extended,Patty Jenkins,Warner Bros,1,0,2359939,63782.13513513513,116063,True,47,100,41970,164424,419.7,35916,464052.0,10.1938,6.369,8991,151.0,4.568181818181818,100,False,,0,0,0,0,24,48,5.3,309120.0,60.0,tt7126948,8,8,23,True,3,5,movies,0.28,success,tt7126948,True,9677.0,1878.0,5.152822151224707,17.0,0.0,0.0033712683496558,0.1764715811779064,1.0,0.0862619808306709,0.1634717784877529,0.5551443375277572,0.2838638045891932,4.422760511882999,1.2953367875647668,5.736491487786824,2.7757216876387862,831.0,0.4424920127795527,324.0,1.5,success,sfM7_JLk-84,Warner Bros.,10.0,373.0,62705.0,,,,too_many_comments_to_reach_window,success,Warner Bros.,44475170,713841.0,62705.0,73506600,6,0.7876840432697668,0.1556291390728476,206394,0.7644285190256175,0.860328908691625,0.0789629478786759,72,0.6482291342554843,0.5283208335737188,0.6309297535714573,0.6006625841634577,76.61052793065309,70.95646657394164,5.654061356711452,Overperformer,1,Wonder Woman Collection,1,2,0,Action,1,33.48145086287072,32900,10.401258331428318,0.6556183020900818,1.1949628190323156,10.401258331428318,-0.2419545005779861,-0.6127460752955017,-0.1851536295525457,-0.0938197258033904,20.527260348353447,-0.3038230924708618,44.62545195641793,19.11382792951231,-7.326440396888309,-0.0902700618660588,-0.6008081855896239,-0.2635846337578747,-0.1411322785778417,41.54727793696275,28.08022922636103,38.68194842406877,29.22636103151863,-1.0186651621819804,0.5005506231819377,0.39551247323980077
158,Batman v Superman: Dawn of Justice,2016,873260194,330360194.0,250000000,Action,DC Extended,Zack Snyder,Warner Bros,1,0,4042283,109250.8918918919,294905,True,56,0,0,0,0.0,0,209112.0,16.3321,5.993,18881,152.0,4.022058823529412,100,False,,0,0,0,0,14,33,6.4,788416.0,44.0,tt2975590,24,24,37,True,0,0,,,success,tt2975590,True,7296.0,1202.0,6.069883527454243,16.0,15.0,-0.0094956889570034,0.1377436427658515,1.0,0.0715474209650582,0.1073211314475873,2.803083391730904,0.3833216538192011,5.444776119402985,0.2335902826442419,3.50385423966363,14.01541695865452,483.0,0.4018302828618968,425.0,1.5,success,fis-9Zqu2Ro,Warner Bros.,10.0,110.0,41881.0,,,,too_many_comments_to_reach_window,success,Warner Bros.,80373066,538906.0,88155.0,148074769,10,0.816572320752157,0.1854304635761589,0,0.0,0.9304353588261768,0.0685394656901516,47,0.5848849789285274,0.7739760316291208,0.0,0.4176410940154449,45.92611931252311,71.44721947628346,-25.52110016376036,Strong Underperformer,1,Man of Steel Collection,1,2,0,Action,1,58.25109649122807,50800,10.835671318412196,1.472322832549545,2.2217966747085307,10.835671318412196,-0.127973330802532,-0.3616166005004903,-0.302430687607611,0.8573332025410063,20.587744116361193,0.0047620316634615,52.391936060864296,19.33697147982652,-0.5061371572586424,-0.0357555753558369,-0.3450595447744455,-0.3843979361934102,0.7438445750999668,48.71060171919771,37.53581661891118,34.38395415472779,79.65616045845272,-0.7135272396876603,0.6830402219731126,0.4726037066663359
159,Superman Returns,2006,391081192,200081192.0,270000000,Science Fiction,Superman,Bryan Singer,Warner Bros,0,0,2274287,61467.21621621621,287420,True,46,100,7245,41160,72.45,16032,1452.0,8.6602,5.801,4521,154.0,4.57421875,100,False,,0,0,0,1,12,47,6.1,302225.0,72.0,tt0348150,29,29,33,True,1,8,boxoffice,0.14,success,tt0348150,True,6210.0,975.0,6.369230769230769,17.0,1.0,0.0067317678132157,0.1432848380987731,1.0,0.0748717948717948,0.2143589743589743,1.897018970189702,0.3669376693766937,4.704545454545454,0.5420054200542005,6.775067750677507,2.710027100271003,358.0,0.3671794871794872,251.0,1.125,success,KyAOQaMyiRE,MovieStation,10.0,-2336.0,0.0,0.0,0.0,0.0,success,success,Rotten Tomatoes Classic Trailers,3085979,18143.0,2282.0,3325457,20,0.7856995996893281,0.152317880794702,48405,0.6738425710566076,0.7953719894400616,0.0790781707348755,59,0.6185988860443553,0.8178150992680865,0.3154648767857286,0.5697731244559681,71.43176557388638,64.33660329608588,7.0951622778004975,Overperformer,0,,0,0,0,Science Fiction,0,40.41867954911433,68300,11.131679686740132,0.16119488936849,0.1801218168752614,11.131679686740132,-0.2513877371194435,-0.1904973469320383,0.0680649776025658,1.0270737897167206,19.784425751123838,0.1491126564593554,56.02495899445266,19.413932520666357,1.9139669601594136,-0.2991260867848762,-0.1745585532804859,0.0387819959972847,0.8625179236886497,20.916905444126076,45.845272206303726,49.570200573065904,85.95988538681948,,,
160,Man of Steel,2013,668045518,291045518.0,225000000,Action,DC Extended,Zack Snyder,Warner Bros,0,0,4597146,124247.1891891892,592289,True,62,100,22365,328927,223.65,40192,49521.0,14.7376,6.642,16085,143.0,4.069767441860465,100,False,,0,0,0,0,7,46,7.1,861907.0,55.0,tt0770828,63,63,151,True,5,3,shittymoviedetails,0.38,success,tt0770828,True,7530.0,1301.0,5.787855495772483,18.0,0.0,-0.0124360466438958,0.1189056461792177,1.0,0.0714834742505764,0.1475787855495772,2.976190476190476,0.3761446886446886,4.963744232036915,0.4578754578754578,1.8315018315018312,3.891941391941392,626.0,0.4811683320522675,255.0,1.1666666666666667,success,T6DJcgm3wNY,Warner Bros.,10.0,55.0,67053.0,,,,too_many_comments_to_reach_window,success,Roadshow Films,56846,135.0,17.0,79238,13,0.8234767535083051,0.2052980132450331,351292,0.7976496472337032,0.9152909462868196,0.0694500479917252,53,0.6026803680426321,1.0,0.8154648767857287,0.6850437053835956,90.75741746302847,69.10162748004902,21.65578998297947,Strong Overperformer,1,Man of Steel Collection,0,2,0,Action,1,33.86454183266932,173000,12.06105265381003,0.467146274280397,0.9877977117124396,12.06105265381003,-0.0916523704051616,0.3467631680663473,-0.021329244849003,1.732475927359304,20.319866871394915,0.4918849313798797,64.65186682769084,19.23161096461314,11.422375999900538,-0.0411761355331532,0.3627921171614177,-0.0857585288506619,1.6068881381169506,47.27793696275072,70.77363896848138,45.845272206303726,99.7134670487106,,,
161,The Dark Knight,2008,1005064122,534858444.0,185000000,Action,Batman,Christopher Nolan,Warner Bros,1,0,7878556,212933.94594594595,605222,True,88,100,24945,851435,249.45,74359,155.0,35.0138,8.528,35515,152.0,7.573275862068965,100,False,,0,0,2,0,163,165,9.1,3159065.0,85.0,tt0468569,20,20,48,True,4,4,shittymoviedetails,0.3400000000000001,success,tt0468569,True,12861.0,1884.0,6.826433121019108,18.0,0.0,-0.0097125408606768,0.1208573536381818,1.0,0.0599787685774946,0.1926751592356688,1.8967619563744749,0.2799078715621189,5.273062730627307,1.0838639750711287,3.1161089283294947,9.348326784988483,695.0,0.3688959660297239,325.0,1.25,success,EXeTwQWrcwY,Rotten Tomatoes Classic Trailers,10.0,-1967.0,13765.0,,,,too_many_comments_to_reach_window,success,Rotten Tomatoes Classic Trailers,21560828,209136.0,13765.0,23395871,18,0.8523937589913939,0.2913907284768212,876380,0.854754676851421,0.9901374909526416,0.1363191561834273,328,0.875704233872859,0.7320529037964602,0.7324867603589634,0.7172388145326803,96.15507805379784,72.74757320685143,23.407504846946424,Strong Overperformer,1,The Dark Knight Collection,1,3,0,Action,1,25.270196718762147,612000,13.324489195480057,-0.3015190272622857,-0.4460107222724708,13.324489195480057,0.2287503597667639,1.077142242019297,1.6687239625744923,0.6950109471234811,20.72831718040216,1.0000949913830257,77.44252018081905,19.035866388448003,22.62841276887486,0.2018558372098328,1.1031875170391108,1.5784205347022544,0.4468210066333816,72.49283667621776,89.39828080229226,99.4269340974212,62.46418338108882,,,
162,The Dark Knight Rises,2012,1081041287,448139099.0,250000000,Action,Batman,Christopher Nolan,Warner Bros,1,0,6234709,168505.64864864864,427110,True,62,100,25147,439995,251.47,75355,49026.0,17.0341,7.793,24203,165.0,4.271739130434782,100,False,,0,0,0,0,45,103,8.4,1989037.0,78.0,tt1345836,20,20,40,True,4,3,moviedetails,0.42,success,tt1345836,True,12334.0,1778.0,6.937007874015748,21.0,0.0,-0.0112638077366291,0.1472339347250217,1.0,0.0809898762654668,0.1884139482564679,2.4562924432885422,0.3018349949429273,5.513634331694234,0.2889755815633579,2.311804652506863,12.136974425661032,668.0,0.3757030371203599,322.0,1.3333333333333333,success,g8evyE9TuYk,Warner Bros.,10.0,76.0,62593.0,,,,too_many_comments_to_reach_window,success,Rotten Tomatoes Coming Soon,40420648,130996.0,49175.0,80594588,14,0.8398323425144544,0.2052980132450331,465142,0.8151853202537562,0.9539003337936112,0.0733049457328109,148,0.7560271402765526,0.7320529037964602,0.7324867603589634,0.6763105422739853,89.29326183208403,73.3325666296208,15.960695202463228,Strong Overperformer,1,The Dark Knight Collection,2,3,0,Action,1,26.1066969353008,186000,12.133507329024972,-0.140921874585304,-0.1804894177755754,12.133507329024972,-0.001082040687033,0.3886484364131862,1.0857342827359653,0.6950109471234811,20.80119056913867,0.583605260427501,66.9602881412629,19.33697147982652,12.931341063950406,0.030273160940197,0.4117742830369071,0.9903714534005292,0.4970180271541233,55.873925501432666,72.77936962750717,85.67335243553008,64.75644699140402,,,
163,Batman Begins,2005,375147760,206853925.0,150000000,Drama,Batman,Christopher Nolan,Warner Bros,0,0,4792701,129532.45945945944,371337,True,71,100,11998,149275,119.98,25441,272.0,15.9719,7.723,22454,140.0,4.276119402985074,100,False,,0,0,0,1,15,79,8.2,1709629.0,70.0,tt0372784,25,25,77,True,4,5,shittymoviedetails,0.28,success,tt0372784,True,9123.0,1385.0,6.587003610108304,17.0,1.0,-0.0100223843545143,0.1229558679217441,1.0,0.0274368231046931,0.2064981949458483,3.2430370087752767,0.3395650515070584,5.216123499142367,0.3815337657382678,1.3353681800839374,9.729111026325828,506.0,0.3653429602888086,274.0,1.25,success,wH_HUqdHf0U,YouTube movies,10.0,-3710.0,0.0,0.0,0.0,0.0,success,success,Rotten Tomatoes Classic Trailers,6272754,50010.0,2612.0,7327044,21,0.8257129105618759,0.2350993377483443,161273,0.7490190094945633,0.9468124619118642,0.0733885490481006,94,0.6880278710100449,0.7834066196901821,0.7324867603589634,0.6608685439880378,86.70433861381449,64.0837635248937,22.620575088920788,Strong Overperformer,1,The Dark Knight Collection,0,3,0,Drama,1,30.03398005042201,183000,12.117246896289505,-0.1248398133450308,-0.2070354756811391,12.117246896289505,-0.0701648973649484,0.3792484551622823,0.6867785686669861,0.8938475182212519,19.742830535658847,0.4952110321378219,64.73557827923543,18.8261458587272,10.456522285899888,-0.1322523510017,0.3956191500811644,0.6602672128086096,0.7195434484136674,37.53581661891118,71.91977077363897,73.06590257879655,77.93696275071633,,,
164,Justice League,2017,657924571,229024910.0,300000000,Action,DC Extended,Zack Snyder,Warner Bros,0,0,3566025,96379.05405405404,213993,True,43,100,64747,218192,647.47,30498,141052.0,11.3661,6.071,13599,120.0,7.064516129032258,100,False,,0,0,0,0,2,15,6.0,502540.0,45.0,tt0974015,35,35,60,True,3,4,movies,0.36,success,tt0974015,True,7090.0,1246.0,5.690208667736758,16.0,1.0,-0.002354029731638,0.1454918442664019,1.0,0.0617977528089887,0.1227929373996789,2.223869532987398,0.365208796639486,5.209404849375459,0.0,3.7064492216456633,8.648381517173213,566.0,0.4542536115569823,295.0,1.0833333333333333,success,3cxixDgHUYw,Warner Bros.,10.0,234.0,63428.0,,,,too_many_comments_to_reach_window,success,Rotten Tomatoes Trailers,43434401,294698.0,47241.0,85254806,9,0.8098433059938821,0.1423841059602649,282939,0.7841329306820666,0.8994264712324054,0.1266088014328061,17,0.4366952322933592,0.8616541669070521,0.6309297535714573,0.6285651004749242,81.28851526035228,68.91071225951285,12.377803000839435,Overperformer,0,,0,0,0,Action,0,41.60789844851904,846000,13.64827582062076,0.5617683796616398,1.019394093467688,13.64827582062076,-0.006026048461235,1.2643198070405102,-0.8065869261407266,1.1968143768924344,20.30460085049997,0.3992353759900498,62.32005870428331,19.519293035953808,9.982151104470184,0.1035042322944209,1.27630592443387,-0.8703945130537085,1.1319846041703463,63.61031518624641,91.11747851002865,18.05157593123209,95.98853868194844,,,
165,Aquaman and the Lost Kingdom,2023,439346305,134396305.0,250000000,Action,DC Extended,James Wan,Warner Bros,1,0,12440310,336224.5945945946,2829499,True,39,100,12633,31960,126.33,8340,572802.0,13.7223,6.526,3442,124.0,4.690265486725664,100,False,,0,0,0,0,1,6,5.6,116110.0,42.0,tt9663764,3,3,34,True,1,5,movies,0.28,success,tt9663764,True,6950.0,1120.0,6.205357142857143,17.0,0.0,-0.0157854273702487,0.121801074022005,1.0,0.1044642857142857,0.1035714285714285,8.02608477552044,0.3742162026586406,6.261261261261262,1.254075746175069,4.765487835465262,12.791572610985703,396.0,0.3535714285714286,212.0,1.25,success,UGc5Tzz19UY,Warner Bros.,9.0,90.0,3268.0,581.0,833.0,0.6974789915966386,success,success,Warner Bros.,7033548,46987.0,3268.0,9109064,3,0.8769138873088258,0.1291390728476821,44593,0.6687188456862249,0.7696104611137705,0.0812930767270068,7,0.3141748823844408,0.3333333333333333,0.3154648767857286,0.5034281169182063,60.30871483588157,65.3795105833245,-5.070795747442929,Underperformer,1,Aquaman Collection,1,2,0,Action,1,30.50359712230216,15600,9.65509029374725,-0.1599034587447967,-0.294529034185014,9.65509029374725,0.2022536248522254,-1.044097791349574,-1.1705649424099571,-0.8487922780323461,19.90079851199551,-0.7163073655449197,34.24402945865256,19.33697147982652,-16.296586081657857,0.4038409314046747,-1.0430308216740494,-1.2088885459644936,-0.7768446215288013,85.10028653295129,12.893982808022924,9.742120343839542,19.77077363896848,-2.651019056150652,0.07732502800587938,1.8803534896413163
166,Shazam! Fury of the Gods,2023,288820061,58820061.0,200000000,Comedy,DC Extended,David F. Sandberg,Warner Bros,1,0,4518626,122125.02702702704,717587,True,36,100,10544,20200,105.44,8326,594767.0,10.3068,6.426,3601,130.0,5.221238938053097,100,False,,0,0,0,0,0,8,5.9,143948.0,47.0,tt10151854,1,1,30,True,0,4,movies,0.3,success,tt10151854,True,10150.0,1737.0,5.8434081750143925,17.0,0.0,-0.0169912421423647,0.1473864840408573,1.0,0.1065054691997697,0.1813471502590673,2.403846153846154,0.2834821428571428,5.344918378093734,1.888736263736264,4.464285714285714,4.979395604395604,609.0,0.3506044905008635,292.0,1.2222222222222223,success,Zi88i4CpHe4,Warner Bros.,9.0,234.0,10734.0,,,,too_many_comments_to_reach_window,success,Warner Bros.,21825038,226186.0,10734.0,21893520,3,0.8225519985514832,0.119205298013245,30744,0.6454895567268736,0.7738767260730566,0.0914274097741136,8,0.3319702714985457,0.1666666666666666,0.0,0.4419229482582341,49.99708571646321,61.71775056195466,-11.720664845491449,Underperformer,1,Shazam! Collection,1,2,0,Comedy,1,28.768472906403943,14200,9.561067663645012,-0.2756445711888813,-0.4734379393232837,9.561067663645012,-0.0375378038836054,-1.0984512624102742,-1.099932139784134,-1.4941093293802583,19.481314429329245,-0.9571240920280228,28.183143395001256,19.11382792951231,-21.850971024228503,0.1678775309219094,-1.1027309340055698,-1.111217549816217,-1.371898462158299,69.05444126074498,10.888252148997136,12.034383954154729,12.893982808022924,-2.5800924371622824,0.15011531201916922,1.145259079250549
167,The Flash,2023,104822712,55313393.0,200000000,Action,DC Extended,Andy Muschietti,Warner Bros,0,0,14844931,401214.35135135136,4666721,True,48,100,32716,263887,327.16,25802,298618.0,14.8853,6.617,4928,144.0,5.393805309734513,100,False,,0,0,0,0,5,7,6.6,246759.0,55.0,tt0439572,14,14,66,True,6,5,shittymoviedetails,0.4,success,tt0439572,True,10725.0,1981.0,5.413932357395255,18.0,0.0,-0.0068384804480656,0.1477189429433469,1.0,0.0742049469964664,0.1721352852094901,4.350008365400703,0.2608331939099882,5.039943609022556,1.0038480843232391,4.684624393508449,4.851932407562322,777.0,0.392226148409894,286.0,1.1666666666666667,success,hebWYacbdvc,Warner Bros.,10.0,120.0,22763.0,,,,too_many_comments_to_reach_window,success,DC,33069607,264989.0,20259.0,66269303,3,0.8863997349523116,0.1589403973509933,296603,0.7870790099775514,0.8035160927600431,0.0947210680144232,12,0.387528404405897,0.6511484326014197,0.8856218745807111,0.6328433759573214,82.00578814987274,52.76533051545962,29.24045763441312,Strong Overperformer,0,,0,0,0,Action,0,26.666666666666668,322000,12.682309930111783,-0.2331662928087049,-0.2902895865471604,12.682309930111783,0.2846523952501354,0.7059053166320594,-0.5174211238451122,0.3817567383688079,18.467781033468526,0.2401221901507946,58.31549097894316,19.11382792951231,9.50515553600549,0.4993167924994974,0.6887073968657729,-0.4633784005078195,0.6254106942593476,87.67908309455588,82.52148997134671,30.945558739255013,72.20630372492836,,,
168,Eternals,2021,402115086,164370079.0,300000000,Science Fiction,MCU,Chloé Zhao,Marvel Studios,0,0,5396301,145845.97297297296,244250,True,53,100,52138,303927,521.38,56348,524434.0,12.6926,6.8,9057,156.0,5.026315789473684,100,False,,0,0,0,0,7,18,6.2,423444.0,52.0,tt9032400,20,20,3,True,4,6,shittymoviedetails,0.24,success,tt9032400,True,8996.0,1781.0,5.0510948905109485,14.0,2.0,-0.0016956887394843,0.1336075528193446,1.0,0.056148231330713,0.1594609769792251,1.7885532591414943,0.2845786963434022,5.242424242424242,0.5961844197138314,9.340222575516696,10.333863275039745,779.0,0.4373947220662549,232.0,1.1428571428571428,success,x_me3xsvDgk,Marvel Entertainment,10.0,75.0,46902.0,,,,too_many_comments_to_reach_window,success,Marvel Entertainment,50570112,853710.0,46902.0,83903819,5,0.8320802132843521,0.1754966887417218,356065,0.798492653189859,0.8610199859586645,0.0877070427739257,25,0.4922533652007107,0.7320529037964602,0.7324867603589634,0.6342162479778869,82.23595656356756,64.5618259139182,17.674130649649356,Strong Overperformer,0,,0,0,0,Science Fiction,0,25.78923966207203,185000,12.128116509451258,-0.0884306231993175,0.0552865162543081,12.128116509451258,-0.0006970729617982,0.3855320616066667,-0.4518506980019525,0.6950109471234811,19.81224889168091,0.1547762926013654,56.16750164032286,19.519293035953808,5.297229072108344,0.1722409312661893,0.3873945269028916,-0.4842856190780671,0.7481043421623319,69.91404011461319,71.34670487106017,30.08595988538682,80.51575931232091,,,
169,Shang-Chi and the Legend of the Ten Rings,2021,432242351,224543292.0,150000000,Action,MCU,Destin Daniel Cretton,Marvel Studios,0,0,4216501,113959.48648648648,234739,True,49,100,21674,96418,216.74,32980,566525.0,11.8932,7.495,10290,132.0,6.065789473684211,100,False,,0,0,0,1,19,72,7.3,486812.0,71.0,tt9376612,6,6,38,True,0,5,marvelstudios,0.26,success,tt9376612,True,7438.0,1304.0,5.70398773006135,15.0,0.0,0.0004643916070296,0.1196188606562258,1.0,0.0636503067484662,0.1365030674846625,4.651162790697675,0.3211750305997552,6.423143350604491,0.9791921664626684,5.875152998776009,11.015911872705018,466.0,0.357361963190184,203.0,1.1111111111111112,success,8YjFbMbfXaQ,Marvel Entertainment,10.0,67.0,28624.0,,,,too_many_comments_to_reach_window,success,Marvel Entertainment,31866607,950444.0,65034.0,33438333,5,0.8188373323391008,0.162251655629139,118092,0.7295526376427751,0.8730800992880399,0.1075467776668033,91,0.6831797700906084,0.4678924870096007,0.0,0.5390730729647943,66.28475839024374,65.33508647207196,0.9496719181717737,As Expected,0,,0,0,0,Action,0,27.292282871739715,17700,9.781376414141157,-0.4316389380885568,-0.6942318890651453,9.781376414141157,-0.0127516364128066,-0.9710931436096149,0.5017122549112136,-0.3277923803389092,19.88449698890671,-0.1788339071324405,47.771185322152064,18.8261458587272,-3.186322361178675,0.1595270632817342,-0.9683098217795484,0.464620522968751,-0.283355860459143,67.3352435530086,16.9054441260745,66.4756446991404,25.787965616045845,-0.7324726927232131,0.5727024939833194,0.3466231706635332
170,Black Panther: Wakanda Forever,2022,859160608,453823998.0,250000000,Action,MCU,Ryan Coogler,Marvel Studios,1,0,5079226,137276.37837837837,280601,True,52,100,26261,87825,262.61,26800,505642.0,14.4555,7.008,7388,162.0,5.1875,100,False,,0,0,1,0,53,173,6.6,368850.0,67.0,tt9114286,8,8,23,True,1,5,marvelstudios,0.24,success,tt9114286,True,9702.0,1817.0,5.33957072096863,13.0,0.0,-0.0007979133323106,0.1374160447704548,1.0,0.0572372041827187,0.13979086406164,4.514672686230248,0.3322046651617757,6.195402298850575,0.7524454477050414,6.960120391271633,9.781790820165538,674.0,0.3709411117226197,298.0,1.5,success,_Z3QKkl1WyM,Marvel Entertainment,10.0,36.0,43588.0,,,,too_many_comments_to_reach_window,success,Marvel Entertainment,48277860,1503158.0,65297.0,97872991,4,0.8288297302497931,0.1721854304635761,114086,0.7273968710353877,0.8417746710179446,0.0907834573617453,226,0.819634983490249,0.5283208335737188,0.3154648767857286,0.5880617455263325,74.4979384125589,71.3034406469784,3.1944977655804934,As Expected,1,Black Panther Collection,1,2,0,Action,1,30.715316429602144,33900,10.431199791458544,0.2147712995487189,0.3404324431728899,10.431199791458544,-0.0084418229406925,-0.5954372393323043,0.6033428664930475,-0.0938197258033904,20.571466434531967,0.0034133095366304,52.357991362497074,19.33697147982652,0.7892981157593866,0.1722965777920424,-0.5848600370613168,0.5218813789805743,-0.1169647084743206,70.20057306590259,28.653295128939828,67.90830945558739,31.23209169054441,-0.7161462903189382,0.6501020899103632,0.36982662693810675
172,The Mummy,1999,416401889,135703889.0,80000000,Adventure,Universal Monsters,Stephen Sommers,Universal,0,0,4406216,119086.91891891892,190313,True,65,100,16260,88981,162.6,29974,564.0,27.7621,6.966,9892,124.0,3.787313432835821,100,False,,0,0,0,1,5,24,7.1,495819.0,48.0,tt0120616,19,19,32,True,0,6,movies,0.24,success,tt0120616,True,7033.0,1068.0,6.585205992509363,19.0,1.0,-0.0112197878478925,0.1373554878557951,1.0,0.1750936329588015,0.2125468164794007,5.3832350679313,0.3232504486029223,5.156158357771261,1.281722635221738,5.126890540886952,14.09894898743912,346.0,0.3239700374531835,228.0,1.1428571428571428,skipped_pre_youtube_era,,,,,,,,,,success,Rotten Tomatoes Classic Trailers,1649002,7014.0,525.0,2397221,27,0.821199750182417,0.2152317880794702,105241,0.7223559501858531,0.8693528359788301,0.0640590383455931,29,0.5138739252495418,0.7203213491478937,0.0,0.5469950337537869,67.6129121590152,65.1278284099042,2.4850837491109985,As Expected,1,The Mummy Collection,0,4,0,Adventure,1,32.418598037821695,133000,11.798111925972618,-0.3410282559943962,-0.6669323947146626,11.798111925972618,-0.1172168335913263,0.1947599617568684,-0.2884628371808597,0.6495875136022428,19.847161433599688,0.0996479502382896,54.780029072199525,18.197537205138158,-0.9347257125151458,-0.268628467649244,0.218232814834954,-0.3211554969898218,0.3743891308615968,24.64183381088825,65.0429799426934,36.96275071633238,58.16618911174785,-0.11889671194872227,0.9009003429908778,0.24276608767104177
173,The Mummy Returns,2001,429946661,202007754.0,130000000,Adventure,Universal Monsters,Stephen Sommers,Universal,1,0,2049516,55392.32432432433,89967,True,52,100,10734,63325,107.34,37092,1734.0,18.8246,6.397,7600,130.0,18.70149253731343,100,False,,0,0,0,0,6,19,6.4,362637.0,48.0,tt0209163,8,8,21,True,0,8,moviesuggestions,0.14,success,tt0209163,True,24514.0,1.0,24514.0,24514.0,0.0,0.0,0.0,0.0,1.0,1.0,0.0,0.0011846095526914,17.47255880256593,0.0,0.0,0.0,0.0,,0.0,,skipped_pre_youtube_era,,,,,,,,,,success,Rotten Tomatoes Classic Trailers,1279959,4548.0,339.0,1546071,25,0.7801136755436333,0.1721854304635761,74059,0.7004062772697114,0.8444478074713525,0.3487159412304977,25,0.4922533652007107,0.5283208335737188,0.0,0.5346963283566546,65.55097669135827,65.31594084357374,0.2350358477845304,As Expected,1,The Mummy Collection,1,4,0,Adventure,1,,20200,9.91348738711446,,,9.91348738711446,0.4408100043902636,-0.8947212112514444,-0.4747552317593323,-0.0938197258033904,19.879171717097588,-0.2113225087513944,46.9535107542119,18.683045016112164,-8.363319245450896,0.3185636259138853,-0.8727644903191152,-0.5096922843259609,-0.3433892191072049,80.51575931232091,18.33810888252149,28.653295128939828,24.068767908309454,,,
174,The Mummy: Tomb of the Dragon Emperor,2008,407453881,102368143.0,145000000,Adventure,Universal Monsters,Rob Cohen,Universal,1,0,1504536,40663.13513513513,94927,True,52,100,9607,2058,96.07,304,1735.0,13.5055,5.513,4771,112.0,5.525862068965517,100,False,,0,0,0,0,2,6,5.2,179224.0,31.0,tt0859163,9,9,34,True,0,6,digitalcodesell,0.3,success,tt0859163,True,6311.0,928.0,6.800646551724138,19.0,2.0,-0.0028589905192105,0.1579183266257761,1.0,0.2575431034482758,0.1573275862068965,4.3407487791644055,0.3412913727618014,5.407883461868038,0.5425935973955507,10.037981551817689,10.037981551817689,324.0,0.3491379310344827,242.0,1.2222222222222223,success,IMeb-j4KljA,trailers4,10.0,-30.0,0.0,0.0,0.0,0.0,success,success,Rotten Tomatoes Classic Trailers,1318645,3972.0,365.0,2105093,18,0.7635206793507635,0.1721854304635761,11665,0.58495712352346,0.8004570960422411,0.0972415465351907,8,0.3319702714985457,0.5536546824812272,0.0,0.4652464632769228,53.90738206836026,64.82003596038354,-10.912653892023272,Underperformer,1,The Mummy Collection,2,4,0,Adventure,1,38.34574552368879,3640,8.200013648175434,0.1056410070943009,0.0622003222587446,8.200013648175434,-0.3117792354635351,-1.8852619478956087,-1.357926517873722,0.0042704622543304,19.82543831123451,-0.948940526960812,28.389107723938015,18.7922443072814,-25.334829218302588,-0.3304344803861361,-1.870724545579236,-1.3900341414219348,-0.1357351805963228,18.33810888252149,1.4326647564469914,7.736389684813753,30.65902578796561,,,
175,Jurassic Park,1993,1038668406,402453156.0,63000000,Adventure,Jurassic,Steven Spielberg,Universal,0,0,6288979,169972.4054054054,596692,True,88,100,18739,504715,187.39,99663,329.0,8.4307,7.967,17730,127.0,8.42910447761194,100,True,20.6670252824099,9295,445278,3,0,44,27,8.2,1167043.0,68.0,tt0107290,0,0,11,True,1,6,moviedetails,0.24,no_subtitle,tt0107290,False,,,,,,,,,,,,,,,,,,,,,skipped_pre_youtube_era,,,,,,,,,,success,Rotten Tomatoes Classic Trailers,2029885,8230.0,600.0,2511529,33,0.8402975636279352,0.2913907284768212,523454,0.8225629207479932,0.9244918750741642,0.1526537811999392,71,0.6461451538829865,0.0,0.3154648767857286,0.5655867384171497,70.72989837925012,73.24803227658151,-2.518133897331396,As Expected,1,Jurassic Park Collection,0,7,0,Adventure,1,,447000,13.010316110729669,,,13.010316110729669,0.212969831552328,0.8955221612848742,0.6484543985033873,-2.1394263807281715,20.76120535183097,-0.0436756564047119,51.172854177079614,17.958645300228824,-6.955277860432716,-0.035155069775643,0.9364175761577156,0.5573897122708695,-2.6125401025672064,48.99713467048711,87.96561604584528,69.62750716332378,0.5730659025787965,,,
176,Jurassic Park III,2001,368875760,181171875.0,93000000,Adventure,Jurassic,Joe Johnston,Universal,1,0,2139639,57828.08108108108,215271,True,56,100,9126,34076,91.26,22983,331.0,0.5001,6.172,7786,92.0,8.861940298507463,100,True,23.36477987421384,3180,120985,0,0,5,16,6.0,366719.0,42.0,tt0163025,32,32,27,True,1,8,jurassicpark,0.16,success,tt0163025,True,4764.0,835.0,5.705389221556886,16.0,0.0,-0.0082398406649903,0.1366564594123405,1.0,0.1832335329341317,0.1952095808383233,1.7844396859386151,0.3597430406852248,4.707509881422925,0.0,4.996431120628123,3.211991434689508,339.0,0.4059880239520958,196.0,1.2,skipped_pre_youtube_era,,,,,,,,,,success,Jurassic Park Fansite,2994464,12282.0,1044.0,3843600,25,0.7824236394963934,0.1854304635761589,43202,0.6667393420848235,0.846732405832361,0.1609150273181901,21,0.4670138014289433,0.8407323532264089,0.3154648767857286,0.5714614891330225,71.71482780666167,64.02801465159072,7.686813155070951,Overperformer,1,Jurassic Park Collection,2,7,0,Adventure,1,41.14189756507137,22700,10.030164255362632,0.4547065061548707,0.7351665448607837,10.030164255362632,-0.0490595536606824,-0.8272715688102122,-0.7173524115215262,1.1158071582129765,19.725970454254732,-0.1344206051776623,48.888981277564405,18.34811006187022,-6.2428676594376284,-0.169907884423688,-0.8072675136130191,-0.742414749971946,0.884594469552746,32.664756446991404,20.63037249283668,20.34383954154728,87.39255014326648,0.03857300766262596,1.183637353256974,0.5219998966421493
177,The Lost World: Jurassic Park,1997,618638999,229984375.0,100000000,Adventure,Jurassic,Steven Spielberg,Universal,1,0,2940899,79483.75675675676,268686,True,57,100,9743,33226,97.43,17518,330.0,0.5938,6.563,9160,129.0,5.201492537313433,100,False,,0,0,0,1,4,28,6.6,473902.0,59.0,tt0119567,24,24,39,True,0,5,digitalcodesell,0.32,no_subtitle,tt0119567,False,,,,,,,,,,,,,,,,,,,,,skipped_pre_youtube_era,,,,,,,,,,success,Jurassic Park Fansite,2388175,10383.0,978.0,3148890,29,0.7994975465256784,0.1887417218543046,42969,0.6664015431562479,0.8620884877585964,0.0910505235078095,32,0.5282739763834025,0.7739760316291208,0.0,0.5375928920497087,66.03659913861425,68.5810171275609,-2.5444179889466483,As Expected,1,Jurassic Park Collection,1,7,0,Adventure,1,,27800,10.232827270254802,,,10.232827270254802,-0.1517076467613508,-0.7101142599470378,-0.2570450661448836,0.8573332025410063,20.243032461814764,-0.0781929068223329,50.3041224861088,18.420680753952364,-6.325197340171378,-0.3361891940931455,-0.6796716044297336,-0.3150727770625655,0.505236551090773,18.05157593123209,24.64183381088825,37.249283667621775,65.90257879656161,0.05461587128748907,1.184713529313165,0.4717391638806151
178,Jurassic World: Fallen Kingdom,2018,1310413368,417719262.0,170000000,Adventure,Jurassic,J.A. Bayona,Universal,1,0,3817843,103184.94594594596,367894,True,49,100,31627,71813,316.27,19278,351286.0,12.1945,6.531,12677,129.0,2.955357142857143,100,False,,0,0,0,0,5,26,6.1,377561.0,51.0,tt4881806,1,1,27,True,1,4,movies,0.42,success,tt4881806,True,6880.0,1285.0,5.35408560311284,16.0,0.0,0.0040671552831085,0.1734673717778209,1.0,0.1463035019455253,0.1665369649805447,2.7227722772277225,0.349009900990099,4.571428571428571,0.495049504950495,2.4752475247524752,6.683168316831683,534.0,0.4155642023346304,230.0,2.0,success,vn9mMeWcgoM,Universal Pictures,10.0,179.0,64524.0,,,,too_many_comments_to_reach_window,success,Universal Pictures,70229397,670202.0,64524.0,99644965,8,0.8135059977431308,0.162251655629139,103440,0.7212777238754169,0.8927924804532356,0.0481800483467506,31,0.5236248039740681,0.1666666666666666,0.3154648767857286,0.5178547975092683,62.727415295053845,75.10734079895971,-12.379925503905866,Underperformer,1,Jurassic Park Collection,4,7,0,Adventure,1,33.43023255813953,33000,10.404293143019792,1.1023760784720822,1.838027020964916,10.404293143019792,-0.1973603011673586,-0.6109916833599378,-0.4777006774140337,-1.4941093293802583,20.993608473239362,-0.7190121845913491,34.17595445280635,18.951309000896888,-18.77559968339441,-0.0793889188863388,-0.5911857074198692,-0.586009392288786,-1.626764822085843,44.12607449856733,28.36676217765043,25.501432664756447,10.31518624641834,-0.16015865111924485,1.0698926426805269,0.5258250085347127
179,Jurassic World Dominion,2022,1003715284,376388819.0,165000000,Adventure,Jurassic,Colin Trevorrow,Universal,1,0,6585457,177985.32432432432,647192,True,48,100,19033,51812,190.33,7869,507086.0,15.6355,6.604,6980,147.0,5.640625,100,False,,0,0,0,0,1,26,5.6,245361.0,38.0,tt8041270,0,0,44,True,3,4,movies,0.36,success,tt8041270,True,8451.0,1434.0,5.893305439330544,17.0,3.0,-0.0062551320135002,0.1507013596475668,1.0,0.0550906555090655,0.200139470013947,3.0525030525030523,0.3300773300773301,4.968253968253968,0.0,3.0525030525030523,2.238502238502239,554.0,0.3863319386331938,307.0,1.5,success,fb5ELWi-ekk,Universal Pictures,9.0,110.0,50880.0,,,,too_many_comments_to_reach_window,success,Universal Pictures,64743110,973155.0,50880.0,116524197,4,0.8427702564328675,0.1589403973509933,70845,0.6976348515884967,0.8364070965581534,0.0994319493917893,27,0.5034500557392368,0.0,0.6309297535714573,0.5309969468654359,64.93075808632396,72.75801093506985,-7.827252848745886,Underperformer,1,Jurassic Park Collection,5,7,0,Adventure,1,36.32706188616732,72300,11.18859323930985,0.5128528036601132,0.8122907317535953,11.18859323930985,0.0830673165952703,-0.157596234410552,-0.9831325808640996,-2.1394263807281715,20.726974237322054,-0.8076755898811461,31.94446993208929,18.92145603792546,-19.811989381835826,0.2623866211399713,-0.1450369678117661,-1.0746174524329235,-2.1812045411118643,77.36389684813754,46.99140401146132,12.893982808022924,2.5787965616045847,-0.3333336513375352,0.9955981949775476,0.5363644936502464
180,Godzilla,2014,529076069,200124928.0,160000000,Action,Godzilla,Gareth Edwards,Warner Bros,0,0,3461903,93564.94594594596,377845,True,55,100,22658,197737,226.58,49996,124905.0,12.9203,6.353,9703,123.0,10.4625,100,True,25.772418990203462,9289,443446,0,0,7,31,6.4,462092.0,62.0,tt0831387,9,9,23,True,1,6,godzilla,0.24,success,tt0831387,True,6267.0,1155.0,5.425974025974026,18.0,2.0,0.0046363821363821,0.1070508694847132,1.0,0.1186147186147186,0.1463203463203463,2.9046738843411672,0.354898336414048,4.155835543766578,0.2640612622128334,2.3765513599155,5.281225244256667,570.0,0.4935064935064935,272.0,1.0,success,GQyO4ghNox0,Rotten Tomatoes Trailers,10.0,39.0,421.0,285.0,301.0,0.946843853820598,success,success,Godzilla: King of the Monsters,42885541,199756.0,34637.0,62863283,12,0.8082526508351042,0.1821192052980132,220395,0.7685284087034125,0.8675300166739519,0.1914638335459809,38,0.5535135401551698,0.5536546824812272,0.3154648767857286,0.5817308274017106,73.43653038606581,67.1080369768668,6.328493409199012,Overperformer,1,Godzilla Collection,0,3,0,Action,1,43.401946704962505,2280000,14.63968643952702,0.7193939262628558,1.3527633636427188,14.63968643952702,0.159252993366453,1.8374436212264944,-0.1623068750628119,0.0042704622543304,20.086642779106327,0.4827790987097942,64.42269082677907,18.8906843794481,11.693091298384624,0.2265862130044028,1.849537889536323,-0.2117940790146771,-0.0786398623714624,75.35816618911176,94.55587392550144,41.26074498567336,33.2378223495702,-1.1177878203813574,0.3703795139189595,0.7841611649417799
181,Godzilla: King of the Monsters,2019,384820245,110552940.0,200000000,Science Fiction,Godzilla,Michael Dougherty,Warner Bros,1,0,3349570,90528.91891891892,312350,True,42,100,24403,153637,244.03,52714,373571.0,13.5281,6.687,6652,132.0,5.66,100,False,,0,0,0,0,5,14,6.0,226912.0,48.0,tt3741700,10,10,46,True,0,4,movies,0.42,success,tt3741700,True,7644.0,1484.0,5.150943396226415,13.0,0.0,-0.0124447205983594,0.1471940540532648,1.0,0.1239892183288409,0.1239892183288409,6.312581628210709,0.3430561602089682,5.319415448851775,0.8707009142359599,3.7004788855028297,8.48933391380061,635.0,0.4278975741239892,283.0,1.5,success,wVDtmouV9kM,Warner Bros.,9.0,311.0,68276.0,,,,too_many_comments_to_reach_window,success,Rotten Tomatoes Trailers,8468570,101763.0,13084.0,8496915,7,0.8064819925610633,0.1390728476821192,178040,0.7551974470740915,0.8318593913824993,0.0998017469820394,19,0.4526137502950825,0.5765719364395496,0.0,0.52232785520516,63.47734433345372,64.25254420334653,-0.7751998698928091,As Expected,1,Godzilla Collection,1,3,0,Science Fiction,1,37.02250130821559,79600,11.284781934567633,0.7320229027741405,1.2563738316213584,11.284781934567633,-0.0940686225556692,-0.1019905843837929,-0.6529146109551554,0.093003830750586,19.768286889716855,-0.2069178965591392,47.06436622941786,19.11382792951231,-4.189400161978732,0.0498131922457335,-0.0987643206151233,-0.6823347813740622,0.1219004091499644,58.45272206303726,49.570200573065904,21.776504297994272,43.83954154727794,-1.0141775735348195,0.3917615843412519,0.7736425738676328
182,Godzilla vs. Kong,2021,470099918,196352122.0,200000000,Action,MonsterVerse,Adam Wingard,Warner Bros,1,0,5537562,149663.83783783784,671236,True,41,100,22481,113876,224.81,50771,399566.0,12.2005,7.538,10559,114.0,7.342105263157895,100,False,,0,0,0,0,3,20,6.3,263824.0,59.0,tt5034838,6,6,50,True,0,5,movies,0.4,success,tt5034838,True,5487.0,923.0,5.944745395449621,15.0,0.0,0.0033399308047195,0.1437213290463097,1.0,0.0736728060671722,0.1386782231852654,4.683109584764283,0.4058694973462379,5.520120724346077,0.0,5.6197315017171405,6.2441461130190445,357.0,0.3867822318526543,187.0,1.5,success,odM92ap8_c0,Warner Bros.,8.0,58.0,236739.0,,,,too_many_comments_to_reach_window,success,Legendary,2350925,55968.0,6076.0,4721747,5,0.8334672945931637,0.1357615894039735,136357,0.7385359315641497,0.8755185132143101,0.1319069584846403,23,0.4801600181337137,0.4678924870096007,0.0,0.5235246018560865,63.67798450537949,66.02061261087059,-2.3426281054911016,As Expected,1,Godzilla Collection,2,3,0,Action,1,34.080554036814284,108000,11.58989576532275,0.4239043500418087,0.6876813688665677,11.58989576532275,0.1240734149005964,0.0743924390663558,-0.4290282734322611,-0.3277923803389092,19.96845582369058,-0.1278298244672919,49.05485833909346,19.11382792951231,-2.0040244516605696,0.2955859429930962,0.0782458796200031,-0.4715316415168559,-0.2934159337224508,79.65616045845272,59.31232091690545,30.65902578796561,25.214899713467048,-1.547854575080531,0.26730530135866215,0.9991335404325916
183,Godzilla x Kong: The New Empire,2024,567167020,196424340.0,140000000,Action,MonsterVerse,Adam Wingard,Warner Bros,0,0,12711475,343553.3783783784,2768148,True,34,100,9471,18764,94.71,8711,823464.0,18.5124,7.047,4592,115.0,5.034682080924855,100,False,,0,0,0,0,4,5,6.0,132830.0,47.0,tt14539740,1,1,36,True,1,5,movies,0.24,no_subtitle,tt14539740,False,,,,,,,,,,,,,,,,,,,,,success,qqrpMRDuPfc,Warner Bros.,8.0,41.0,33609.0,,,,too_many_comments_to_reach_window,success,Warner Bros.,46326771,638733.0,33607.0,89931644,2,0.8780713601228232,0.1125827814569536,28235,0.6401718644819424,0.7968441948242507,0.0878667245503372,9,0.3478887895002689,0.1666666666666666,0.3154648767857286,0.4863800482993737,57.450526416438976,67.74813976433356,-10.297613347894584,Underperformer,1,Godzilla x Kong Collection,0,2,0,Action,1,,21100,9.957075711706056,,,9.957075711706056,0.225479069861912,-0.8695232696846371,-0.8661749566608592,-1.4941093293802583,20.156164387979803,-0.7409384197975226,33.624113991679735,18.757152987716434,-17.006552458975037,0.4394647028426014,-0.8661635328486005,-0.921048950705424,-1.438027789637807,85.67335243553008,18.91117478510029,16.6189111747851,12.320916905444127,-1.3344340263557322,0.20772912918059006,1.7327351616807647
184,King Kong,2005,562207947,218206409.0,207000000,Adventure,King Kong,Peter Jackson,Universal,0,0,2560074,69191.18918918919,145244,True,49,100,9713,114420,97.13,26409,254.0,12.821,6.887,8437,188.0,4.4664179104477615,100,True,21.09098070106341,5078,300334,3,0,47,104,7.2,465049.0,81.0,tt0360717,27,27,57,True,1,5,movies,0.28,success,tt0360717,True,7022.0,1236.0,5.681229773462783,17.0,0.0,-0.0145347130712636,0.1936798703157367,1.0,0.2322006472491909,0.1537216828478964,3.604902667627974,0.32732516222062,4.297429620563036,2.1629416005767843,3.8452295121365054,8.651766402307137,533.0,0.4312297734627832,226.0,2.0,success,1TSidCNA7mQ,Screen Bites,10.0,-3281.0,232.0,0.0,0.0,0.0,success,success,Universal Pictures,235424080,836747.0,12287.0,240881440,21,0.792053480602644,0.162251655629139,124133,0.7326690064633485,0.854319709069787,0.077020648634573,151,0.7590389246890306,0.801225820342934,0.3154648767857286,0.6018766609283177,76.81407357721412,67.59434418690643,9.219729390307691,Overperformer,0,,0,0,0,Adventure,0,32.18456280262034,338000,12.73080413304066,1.1238909786865523,1.9188247044384428,12.73080413304066,-0.2256905465870544,0.7339392936931171,0.8423478630908178,0.962841722356916,20.147382353654454,0.5889563668971909,67.09496502646475,19.14822935606056,12.3274376993718,-0.2914697631609668,0.7554663068983392,0.7897607851804842,0.7400636481361337,22.063037249283667,83.66762177650429,79.65616045845272,79.36962750716332,-0.5218092258486817,0.6435577215378645,0.3553980818225728
185,Rampage,2018,428758310,126068106.0,160000000,Action,,Brad Peyton,Warner Bros,0,0,1675447,45282.35135135135,78379,True,14,100,16261,110012,162.61,44834,427641.0,11.6158,6.448,7459,107.0,4.741071428571429,100,False,,0,0,0,0,0,7,6.1,201100.0,45.0,tt2231461,3,3,33,True,2,7,movies,0.16,success,tt2231461,True,7321.0,1259.0,5.814932486100079,17.0,1.0,-0.0057341233473084,0.1410344184110334,1.0,0.1413820492454328,0.1286735504368546,13.901760889712696,0.327386468952734,5.119580419580419,1.85356811862836,2.0852641334569046,7.877664504170528,538.0,0.4273232724384432,263.0,1.1111111111111112,success,coOKvrsmQiI,Warner Bros.,10.0,145.0,27077.0,,,,too_many_comments_to_reach_window,success,Warner Bros.,49515868,280861.0,27077.0,59319100,8,0.7692962223771397,0.0463576158940397,126273,0.7337367050012658,0.8426783670875977,0.0822627755587464,7,0.3141748823844408,0.3333333333333333,0.5,0.5124872829014969,61.82752637296364,65.25102229845515,-3.4234959254915154,As Expected,0,,0,0,0,Action,0,35.924054090971175,152000,11.93164237875414,0.2395509079126441,0.4816295864169899,11.93164237875414,-0.3234054241775952,0.2719524801228259,-1.1010590930440436,-0.8487922780323461,19.87640394051311,-0.5555188421978501,38.29076215276924,18.8906843794481,-13.311836512450183,-0.1952389220041923,0.2775188409989454,-1.1373574656716807,-0.8475826512629144,30.37249283667622,67.90830945558739,11.461318051575931,18.91117478510029,-0.8639163423145373,0.542695927309305,0.32539566950914295
186,Dune,2021,636925760,231249487.0,165000000,Science Fiction,Dune,Denis Villeneuve,Warner Bros,0,0,17932781,484669.7567567568,4820746,True,86,100,39867,451409,398.67,58676,438631.0,23.5603,7.78,14721,155.0,10.86842105263158,100,True,22.12586168556816,4497,196545,6,0,178,299,8.0,1038179.0,74.0,tt1160419,30,30,47,True,2,5,movies,0.22,success,tt1160419,True,6734.0,1001.0,6.727272727272728,17.0,0.0,-0.0054816926526099,0.11456867109584,1.0,0.0449550449550449,0.1298701298701298,1.8459915611814344,0.3792194092827004,5.912203687445127,0.0,2.9008438818565403,10.548523206751057,354.0,0.3536463536463536,234.0,1.0,success,n9xhJrPXop4,Warner Bros.,10.0,370.0,65273.0,,,,too_many_comments_to_reach_window,success,Warner Bros.,48657832,696088.0,65273.0,122687686,5,0.8965434358619216,0.2847682119205298,491276,0.8185999047297026,0.906917720211874,0.1992113755895919,477,0.932142927505642,0.8256993850644793,0.5,0.7079026301475366,94.58982308632775,68.74072316885753,25.84909991747024,Strong Overperformer,1,Dune Collection,0,3,0,Science Fiction,1,34.74903474903475,1790000,14.397726736476,-0.2738378802840045,-0.503955769296611,14.397726736476,0.6133098361872871,1.6975693196531516,1.3603551056527945,1.057600974089395,20.2721636620036,1.297203636820551,84.92016375990393,18.92145603792546,33.49457251239801,0.7820508593913293,1.7052937458524875,1.2982759976392864,1.055586692893408,91.97707736389684,93.12320916905443,94.55587392550144,93.69627507163324,-1.3644278209226803,0.1971023089232702,1.6522928520625733
187,Dune: Part Two,2024,711419839,282091656.0,190000000,Science Fiction,Dune,Denis Villeneuve,Warner Bros,1,0,21358966,577269.3513513514,7172164,True,50,100,31559,95806,315.59,33620,693134.0,23.4264,8.128,7796,167.0,6.086705202312139,100,False,,0,0,2,0,125,376,8.4,734902.0,79.0,tt15239678,20,20,70,True,2,4,movies,0.3400000000000001,success,tt15239678,True,5760.0,1077.0,5.348189415041783,15.0,0.0,-0.0094393535897714,0.1193457989819675,1.0,0.0770659238625812,0.1457753017641597,1.5006002400960383,0.3592436974789916,4.923076923076923,0.3001200480192076,3.3013205282112845,15.906362545018007,538.0,0.4995357474466109,185.0,1.0,success,Way9Dexny3w,Warner Bros.,10.0,299.0,19512.0,,,,too_many_comments_to_reach_window,success,Warner Bros.,30792278,435880.0,19512.0,80440283,2,0.9059286245907217,0.1655629139072847,127365,0.7342745784148346,0.8468536830046498,0.1079459821078321,501,0.9395445469564574,0.7320529037964602,0.5,0.6572366435783797,86.09543352764032,69.69022730064728,16.405206226993045,Strong Overperformer,1,Dune Collection,1,3,0,Science Fiction,1,32.11805555555555,54300,10.902297921958713,0.2899300813855227,0.763500454979382,10.902297921958713,0.4158059912403991,-0.3231004776926028,1.5116235904942807,0.6950109471234811,20.382773305759976,0.673035254157774,69.21106619388401,19.06253463538792,18.30678347113376,0.6277236903577929,-0.3168524391492919,1.442143331215741,0.7239398671225071,90.25787965616044,38.96848137535817,96.84813753581662,78.51002865329512,-1.0723630182621087,0.173021095381036,2.0653276912709644
188,Inception,2010,839292287,292587330.0,160000000,Action,,Christopher Nolan,Warner Bros,0,0,7428924,200781.72972972973,661209,True,83,100,16808,266771,168.08,47376,27205.0,36.9265,8.372,39032,148.0,3.1971153846153846,100,True,29.270833333333336,5760,230935,4,0,160,220,8.8,2808796.0,74.0,tt1375666,17,17,14,True,4,6,moviedetails,0.22,success,tt1375666,True,11765.0,1585.0,7.422712933753943,19.0,0.0,-0.0079595054437325,0.1253540464883633,1.0,0.040378548895899,0.261198738170347,3.2337542346781647,0.2483831228826609,5.487406716417911,0.3079765937788728,4.927625500461965,5.697566984909146,454.0,0.2864353312302839,234.0,1.0,success,YoHD9XEInc0,Rotten Tomatoes Classic Trailers,10.0,-1238.0,6439.0,,,,too_many_comments_to_reach_window,success,Rotten Tomatoes Classic Trailers,20274470,170396.0,6439.0,25698899,16,0.8492394256324324,0.2748344370860927,283579,0.7842740665548346,0.9990604931212104,0.0527943252616054,380,0.8978748655788023,0.6949875002403854,0.7324867603589634,0.6919065366021594,91.9080032069068,71.18376508091711,20.7242381259897,Strong Overperformer,0,,0,0,0,Action,0,19.889502762430936,437000,12.987690762404627,-1.1847086703392733,-2.0106546784733497,12.987690762404627,-0.0096461715076965,0.8824426907990328,1.483607321156804,0.5514973255445218,20.548069580401286,0.7789191656030228,71.87595717805918,18.8906843794481,17.7160628357354,-0.005438465881399,0.9042664467302576,1.4047407579758795,0.354369331824758,51.862464183381086,87.39255014326648,96.2750716332378,56.73352435530086,,,
189,Interstellar,2014,731210309,188020017.0,165000000,Adventure,,Christopher Nolan,Paramount,0,0,16578747,448074.24324324325,1155348,True,8,100,35012,559121,350.12,74960,157336.0,62.7208,8.47,39422,169.0,4.8,100,True,21.674387822634017,6044,350797,1,0,45,148,8.7,2516752.0,74.0,tt0816692,16,16,65,True,3,3,moviedetails,0.38,success,tt0816692,True,13005.0,2005.0,6.486284289276808,20.0,1.0,-0.0058500201791933,0.1355585078420786,1.0,0.0743142144638404,0.1630922693266833,2.6768642447418736,0.2525175270873168,4.992322456813819,0.5098789037603568,2.804333970681963,2.294455066921606,783.0,0.3905236907730673,322.0,1.0,success,Lm8p5rlrSkY,Rotten Tomatoes Trailers,10.0,97.0,2142.0,345.0,415.0,0.8313253012048193,success,success,Warner Bros. UK & Ireland,42893665,250211.0,5227.0,51640790,12,0.8923292126892081,0.0264900662251655,594133,0.8304744563375952,1.0,0.0833875055567422,193,0.7959005744420475,0.6812438068750566,0.6309297535714573,0.6663559044724077,87.62432025750681,69.96008489078486,17.664235366721954,Strong Overperformer,0,,0,0,0,Adventure,0,24.759707804690503,850000,13.652992804936396,-0.509105209816546,-0.7189450905079355,13.652992804936396,0.283510233912022,1.2670466449327802,1.16705697711103,0.4982830874816588,20.41021167811422,0.8782256329190605,74.37530675637198,18.92145603792546,21.255017767122062,0.3478907053089833,1.2832650430984864,1.0967138721351848,0.3766022530205785,82.23495702005731,91.40401146131804,89.97134670487105,58.45272206303726,,,
191,Seabiscuit,2003,302576117,120087374.0,85000000,Drama,,Gary Ross,Universal,0,0,1321337,35711.81081081081,87763,True,14,100,15198,412419,151.98,46983,4464.0,4.5141,7.1,924,141.0,11.21641791044776,100,False,,0,0,0,7,6,44,7.3,79105.0,72.0,tt0329575,7,7,21,True,1,10,movies,0.1,success,tt0329575,True,8827.0,1352.0,6.528846153846154,18.0,0.0,0.0086321459194979,0.1192478056283344,1.0,0.1272189349112426,0.1575443786982248,7.869481765834933,0.2936660268714011,4.818231441048035,0.7677543186180422,1.727447216890595,3.838771593090211,453.0,0.3350591715976331,295.0,1.0,skipped_pre_youtube_era,,,,,,,,,,success,Amblin Entertainment,347845,1629.0,92.0,462996,23,0.7565510630818572,0.0463576158940397,427617,0.809931031347146,0.6454097689634469,0.2058533574959171,50,0.5940445215494722,0.5,0.3154648767857286,0.5440094329546611,67.11236222459544,62.29551408167359,4.816848142921856,As Expected,0,,0,0,0,Drama,0,33.42018805936332,11800,9.375939552625749,-0.4130844590319368,-0.7609819434485773,9.375939552625749,-0.056123838892841,-1.2054718319674769,0.2437481470962321,-0.2034752266844336,19.52784343353378,-0.2936644906996189,44.88112409680736,18.258161826219297,-9.574923474347573,-0.1457067816997136,-1.189917182571791,0.2312751061885133,-0.381483629619619,35.816618911174785,8.30945558739255,55.873925501432666,23.49570200573066,-0.07959628691182487,1.002770032745014,0.45978090961764506
192,Apollo 13,1995,355237933,125522557.0,52000000,Drama,,Ron Howard,Universal,0,0,4509435,121876.62162162164,280326,True,64,100,17055,187779,170.55,59792,568.0,10.8034,7.454,5845,140.0,16.365671641791046,100,False,,0,0,2,0,31,59,7.7,334301.0,78.0,tt0112384,0,0,3,True,0,7,moviedetails,0.18,success,tt0112384,True,14923.0,1864.0,8.005901287553648,24.0,0.0,0.0008868822462337,0.0799767104395513,1.0,0.0595493562231759,0.1400214592274678,5.592841163310962,0.2378076062639821,5.907759303246239,0.3355704697986577,2.1252796420581657,2.684563758389261,541.0,0.2902360515021459,332.0,1.0,skipped_pre_youtube_era,,,,,,,,,,success,Rotten Tomatoes Classic Trailers,2210569,8257.0,399.0,3025645,31,0.822442704249579,0.2119205298013245,204834,0.7639545888158478,0.8196396848151413,0.304133699247523,90,0.6815285385555067,0.0,0.0,0.519001703855035,62.91969950677001,63.80857389042069,-0.8888743836506805,As Expected,0,,0,0,0,Drama,0,22.247537358439992,78000,11.264476926102368,-1.07170827020578,-1.838308119702552,11.264476926102368,0.5296019949417957,-0.1137286913565924,0.7491095317937077,-2.1394263807281715,19.688298359551155,-0.1549685286685447,48.37183022688105,17.76675429577647,-8.02425765846138,0.3207253409553693,-0.0884324133289138,0.7270188097406765,-2.4545183711759506,80.80229226361033,50.1432664756447,77.65042979942693,1.146131805157593,,,
193,The Revenant,2015,532950695,183637430.0,135000000,Western,,Alejandro González Iñárritu,20th Century Fox,0,0,4554926,123106.1081081081,253331,True,68,100,17508,23691,175.08,7126,281957.0,11.1276,7.54,19201,157.0,3.641891891891892,100,False,,0,0,0,0,0,0,,,,tt27793995,9,9,26,True,1,6,movies,0.3,success,tt1663202,True,5771.0,969.0,5.95562435500516,23.0,0.0,-0.0099999344047905,0.1086268949105413,1.0,0.0515995872033023,0.1455108359133126,14.29440389294404,0.2965328467153285,5.04899387576553,0.0,0.9124087591240876,14.902676399026763,447.0,0.4613003095975232,189.0,1.0,success,LoebZZ8K5N0,20th Century Studios,10.0,86.0,6722.0,,,,too_many_comments_to_reach_window,success,20th Century Studios,29311879,105205.0,6722.0,56681392,11,0.8229814961097287,0.2251655629139073,41199,0.6637739841999539,0.932023450559458,0.0612834752275787,0,0.0,0.5536546824812272,0.3154648767857286,0.5061103008587265,60.75839551520153,67.20560294019748,-6.447207424995952,Underperformer,0,,0,0,0,Western,0,32.74995667995148,99000,11.502885230075814,0.1398396274955441,0.4280095740320409,11.502885230075814,-0.1158785369752452,0.0240925846124032,-1.9212370331494864,0.0042704622543304,20.09393947503721,-0.5585661668582921,38.21406695042336,18.72078534381011,-14.306055274982556,-0.0338832200791265,0.0353177911340462,-1.9712851234018327,-0.0647819586392951,49.570200573065904,57.306590257879655,0.8595988538681949,33.5243553008596,-0.24496047653751107,0.7263592731700159,0.3589436461755659
194,Oppenheimer,2023,952060471,326471445.0,100000000,Drama,,Christopher Nolan,Universal,0,0,51537543,1392906.5675675676,16512065,True,72,100,43583,293173,435.83,48124,872585.0,26.5351,8.032,11615,181.0,3.1371681415929205,100,True,33.99605003291639,7595,391816,7,0,370,378,8.2,1021585.0,90.0,tt15398776,9,9,129,True,7,4,shittymoviedetails,0.5199999999999999,success,tt15398776,True,19711.0,3413.0,5.775271022560797,14.0,0.0,-0.0017527764744289,0.1224550051649644,1.0,0.0140638734251391,0.1673014942865514,2.4908815941642204,0.2587848056222755,6.175125313283208,0.6227203985410551,2.9356818788364025,14.055688995640956,1167.0,0.3419279226486961,496.0,1.5,success,bK6ldnjE3Y0,Universal Pictures,10.0,211.0,16384.0,,,,too_many_comments_to_reach_window,success,Universal Pictures,74705608,836183.0,33561.0,123359592,3,0.9532106068499524,0.23841059602649,336756,0.7950099018411243,0.8845252451145005,0.0516501525642197,748,1.0,0.5536546824812272,0.946394630357186,0.7171076323925777,96.13308475461174,72.38893093759393,23.744153817017818,Strong Overperformer,0,,0,0,0,Drama,0,25.16361422555933,483000,13.087774003025942,-0.1434723598836193,-0.2604319796584954,13.087774003025942,0.4976482785523243,0.940299735606826,1.8128752487925617,0.0042704622543304,20.67413911174667,0.9292980690164352,75.66070009553034,18.420680753952364,24.18632354512033,0.6921784170561702,0.951223514963303,1.7247053372161838,-0.0164447095318985,90.54441260744986,88.25214899713467,100.0,37.249283667621775,,,
195,Killers of the Flower Moon,2023,156529284,59600961.0,200000000,Crime,,Martin Scorsese,Apple,0,0,2731667,73828.83783783784,1029368,True,48,100,17011,22864,170.11,4627,466420.0,12.7701,7.398,4071,206.0,5.712389380530974,100,True,29.46664319662031,5681,268708,0,10,136,423,7.5,302730.0,89.0,tt5537002,0,0,0,False,0,6,movies,0.2,success,tt5537002,True,16271.0,2375.0,6.8509473684210525,18.0,2.0,0.0045343409256721,0.1510508362236269,1.0,0.0412631578947368,0.2256842105263158,4.186346071275226,0.2047015886646629,5.384182660489742,0.322026620867325,6.547874624302276,9.660798626019751,733.0,0.3086315789473684,356.0,1.1111111111111112,success,7cx9nCHsemc,Paramount Pictures,10.0,34.0,4736.0,1062.0,1568.0,0.6772959183673469,success,success,Paramount Pictures,19657615,68166.0,4736.0,44981424,3,0.7955359098007883,0.1589403973509933,39875,0.6617336242863291,0.7854665785823642,0.1008016678426873,559,0.9560638060343194,0.0,0.0,0.4915811517984599,58.3225157380322,56.30707421049354,2.0154415275386626,As Expected,0,,0,0,0,Crime,0,21.879417368324013,70600,11.16479958768697,-0.8748582112691546,-1.478839951389833,11.16479958768697,-0.1451294337221766,-0.1713510884654355,1.4708922409595873,-2.1394263807281715,18.868753675039496,-0.2091479546875825,47.00824002743345,19.11382792951231,-2.2862451147907805,0.0658758625885184,-0.1834383092505673,1.499089941021871,-1.9438175669738955,60.45845272206304,45.27220630372493,97.9942693409742,6.303724928366762,-4.4155371785979,0.0461293460476136,2.6879095339858936
196,The Wolf of Wall Street,2013,392002827,116715172.0,100000000,Crime,,Martin Scorsese,Paramount,0,0,7890143,213247.1081081081,424723,True,11,100,18119,154568,181.19,65387,106646.0,24.2201,8.027,25753,180.0,9.19767441860465,100,False,,0,0,0,5,38,180,8.2,1781432.0,75.0,tt0993846,18,18,43,True,0,7,digitalcodesell,0.18,success,tt0993846,True,23736.0,3727.0,6.368661121545479,18.0,2.0,0.0051796228300355,0.1106426007372835,1.0,0.1395224040783472,0.2055272337000268,47.65317090648513,0.2091006807595843,5.4603174603174605,1.1465424579003942,11.75206019347904,2.723038337513436,1266.0,0.3396833914676683,542.0,1.3333333333333333,success,iszwuX1AK6A,Paramount Pictures,10.0,190.0,13050.0,,,,too_many_comments_to_reach_window,success,Paramount Pictures,34095267,199740.0,13050.0,36492694,13,0.8524726457936895,0.0364238410596026,172687,0.7532905300636168,0.9597660899887032,0.167322958599568,218,0.8142142700047572,0.7079879189072642,0.0,0.5897241430274508,74.7766471268679,64.550989922237,10.225657204630906,Overperformer,0,,0,0,0,Crime,0,22.834512976070105,90300,11.410903813540878,-0.4390052601125908,-0.7185963376441846,11.410903813540878,0.3118813629498954,-0.0290808828423731,1.0645520429261914,0.6018336765869136,19.786779612014428,0.5616599486422028,66.4079675599459,18.420680753952364,13.822146672606834,0.3672223189748188,-0.0198465332559083,1.0344833391684114,0.5401212007515311,83.0945558739255,54.72779369627507,86.81948424068769,67.3352435530086,-0.6533215769974415,0.5723435597854363,0.43814411022451744
197,Once Upon a Time in Hollywood,2019,405199931,142505000.0,95000000,Comedy,,Quentin Tarantino,Sony,0,0,10464146,282814.75675675675,476128,True,62,100,56605,501147,566.05,63800,466272.0,15.3391,7.423,14732,162.0,6.26,100,False,,0,0,0,0,0,0,,46.0,,tt21942610,15,15,52,True,4,3,shittymoviedetails,0.3600000000000001,success,tt7131622,True,12455.0,2149.0,5.795718939041414,14.0,2.0,0.0023350970419374,0.1017050127171398,1.0,0.0479292694276407,0.1870637505816658,27.527792482795128,0.2631021704605611,5.343200343200343,2.382212811011117,5.690841715193224,6.7496029645314986,768.0,0.357375523499302,471.0,1.25,success,ELeMaP8EPAA,Sony Pictures Entertainment,10.0,63.0,23273.0,,,,too_many_comments_to_reach_window,success,Sony Pictures Entertainment,42097615,376093.0,23273.0,42103248,7,0.8676282167854794,0.2052980132450331,557752,0.8265273236386325,0.9069883018316176,0.11125354332527,0,0.0,0.6666666666666667,0.7324867603589634,0.6011004366275775,76.68393594362819,64.85345791752829,11.830478026099897,Overperformer,1,Once Upon a Time... in Hollywood Collection,0,2,0,Comedy,1,37.81613809714974,146000,11.891368749982083,0.1538449078795125,0.1623230873782942,11.891368749982083,0.2366337197477788,0.2486707285531129,-1.9212370331494864,0.441841824663479,19.819891162520427,-0.2672357114160369,45.54628478717334,18.36938746009113,-5.769790576381212,0.3800446165276552,0.2525547277308796,-1.9539833996561684,0.46455510184816,84.2406876790831,66.4756446991404,1.4326647564469914,63.61031518624641,-0.04204934692570211,0.8915287431572202,0.28012058070395246
198,Pulp Fiction,1994,213959223,100973993.0,8000000,Thriller,,Quentin Tarantino,Miramax,0,0,7008469,189418.0810810811,298454,True,86,100,22025,549620,220.25,57729,680.0,35.9396,8.485,30013,154.0,29.253731343283583,100,True,24.421431787483115,11105,609077,1,0,69,72,8.8,2429532.0,95.0,tt0110912,24,24,27,True,1,5,moviedetails,0.32,success,tt0110912,True,15998.0,1966.0,8.13733468972533,21.0,0.0,-0.003449186012692,0.1102359430274442,1.0,0.1108850457782299,0.2329603255340793,30.37408078439731,0.2372375572844506,5.973861090365944,1.4920601087072365,8.099754875839285,12.149632313758923,446.0,0.2268565615462869,438.0,1.2,skipped_pre_youtube_era,,,,,,,,,,success,Movieclips,7598979,36808.0,1949.0,8169798,32,0.8461120309579934,0.2847682119205298,571645,0.8280642145598099,0.9742314529039404,0.5501194241823392,141,0.7487569867829595,0.7739760316291208,0.3154648767857286,0.6995669475240225,93.19230691746635,59.69511638853035,33.49719052893602,Strong Overperformer,0,,0,0,0,Thriller,0,27.37842230278785,388000,12.868763195921677,-0.9260323303534718,-1.7968305500913897,12.868763195921677,1.30227746814781,0.8136919439190354,1.4409540327667807,0.8573332025410063,19.181296012774606,1.294468871260216,84.85133505886621,15.894952224644102,28.84913358044038,1.0832988120979965,0.833488158024356,1.4516331380685643,0.5882587874638527,94.84240687679085,85.38681948424069,97.42120343839542,70.20057306590259,,,
199,Inglourious Basterds,2009,321456983,120540760.0,70000000,Drama,,Quentin Tarantino,Universal,0,0,7091293,191656.5675675676,301190,True,69,100,11462,76580,114.62,19743,16869.0,18.8095,8.217,24015,153.0,7.734234234234234,100,True,25.356212655124864,6527,274483,1,0,134,173,8.4,1778290.0,69.0,tt0361748,12,12,36,True,3,6,shittymoviedetails,0.22,success,tt0361748,True,6283.0,864.0,7.27199074074074,18.0,0.0,0.0105928804764589,0.1339489601819961,1.0,0.042824074074074,0.1747685185185185,11.87782805429864,0.3891402714932127,7.883312421580928,0.2828054298642534,1.6968325791855203,8.766968325791856,216.0,0.25,257.0,1.1,success,KnrRy6kSFF0,Rotten Tomatoes Classic Trailers,10.0,-864.0,1586.0,0.0,0.0,0.0,success,success,Rotten Tomatoes Classic Trailers,6948322,37587.0,1586.0,8016225,17,0.8467426666372679,0.2284768211920529,88042,0.7112097270876601,0.9531634639455232,0.1393912603463849,307,0.8657388963733664,0.6167399530235154,0.6309297535714573,0.6550344935902156,85.72623278503576,62.86801904283868,22.85821374219708,Strong Overperformer,0,,0,0,0,Drama,0,40.90402673881904,96400,11.476271853988816,-0.3862097926367522,-0.976768034477713,11.476271853988816,0.209210588036382,0.0087076781765885,1.2377496602715796,0.2485304668733391,19.588374294867513,0.4943756265781462,64.71455275502005,18.064005814299342,11.49514358333343,0.2074473693472518,0.019261456976868,1.2208316222558089,0.1516623940903736,73.35243553008596,55.873925501432666,93.40974212034384,46.70487106017192,0.23508823151674899,1.1108893993694708,0.24593175263019565
200,The Hateful Eight,2015,160369000,60725522.0,44000000,Drama,,Quentin Tarantino,Weinstein,0,0,3838055,103731.2162162162,173713,True,52,100,18231,73766,182.31,8868,273248.0,11.1166,7.757,15181,188.0,3.286666666666666,100,False,,0,0,1,0,46,116,7.8,718072.0,68.0,tt3460252,12,12,53,True,1,7,movies,0.18,success,tt3460252,True,14070.0,2588.0,5.436630602782071,14.0,2.0,-0.0026306897636109,0.1341647464410332,1.0,0.1367851622874807,0.1398763523956723,17.90466973142995,0.223687394144689,6.0334476843910805,0.6048874909266877,1.088797483668038,14.15436728768449,966.0,0.3732612055641422,275.0,1.0,success,juaP_vRyIGY,Rotten Tomatoes Trailers,10.0,49.0,498.0,205.0,221.0,0.9276018099547512,success,success,Rotten Tomatoes Trailers,7394268,37833.0,2078.0,10576825,11,0.8137894260561009,0.1721854304635761,91997,0.7139545696820215,0.9098252270722436,0.0545035303354828,162,0.7695952678435927,0.6167399530235154,0.3154648767857286,0.5893802277000384,74.71898811410483,56.816252367002335,17.902735747102497,Strong Overperformer,0,,0,0,0,Drama,0,19.54513148542999,58600,10.978507040265916,-0.7996956338021569,-1.186197732130398,10.978507040265916,-0.1790927991963848,-0.2790448061806713,0.817490642465062,0.2485304668733391,18.89298797412095,0.1668385643757195,56.47108543186771,17.599700214609808,5.401037969039926,-0.0861381242077056,-0.2831266330468973,0.8448508745654111,0.3233778525456146,42.97994269340974,39.82808022922636,81.37535816618912,56.16045845272206,-0.2817626187585689,0.7645100980301555,0.273943158064816
201,The Big Lebowski,1998,47010480,,15000000,Comedy,,,PolyGram Filmed Entertainment,0,0,3861432,104363.02702702704,186179,True,52,0,0,0,0.0,0,115.0,8.5031,7.837,12241,117.0,37.93333333333333,100,False,,0,0,0,0,7,18,8.1,911908.0,71.0,tt0118715,22,22,55,True,0,0,,,success,tt0118715,True,12447.0,1768.0,7.040158371040724,19.0,0.0,-0.0023274755033804,0.0895286366759838,1.0,0.0899321266968325,0.1951357466063348,44.37987055871087,0.2653546427156254,5.773191094619666,1.981244221371021,3.3020737022850346,4.358737287016246,524.0,0.2963800904977375,371.0,1.0,skipped_pre_youtube_era,,,,,,,,,,success,Screen Bites,4887203,14126.0,950.0,5223288,28,0.8141153808658513,0.1721854304635761,0,0.0,0.8894854308173631,0.7157811480662536,25,0.4922533652007107,0.7539269926761688,0.0,0.4651863128955775,53.89729757566904,46.18711439869273,7.710183176976308,Overperformer,0,,0,0,0,Comedy,0,29.80637904715996,90400,11.412010608265987,-0.7372289451311657,-1.344562295459138,11.412010608265987,1.587342688392316,-0.0284410567175782,0.2933025808194643,0.779705282344136,17.665881134813528,0.8466550091571099,73.58073589589227,16.52356082573315,20.2814547361441,1.4411077805198644,-0.0318082038477298,0.4012967186328849,0.7511389654409834,96.84813753581662,53.86819484240688,62.46418338108882,80.80229226361033,0.2853340205857887,0.8960060931866382,0.2638157669150513
202,Donnie Darko,2001,7500000,,4500000,Fantasy,,,Flower Films,0,0,4336623,117206.02702702704,182071,True,50,0,0,0,0.0,0,141.0,9.8693,7.763,13472,114.0,19.82962962962963,100,False,,0,0,0,0,12,17,8.0,906192.0,88.0,tt0246578,17,17,34,True,0,0,,,success,tt0246578,True,7848.0,1038.0,7.5606936416184976,25.0,0.0,-0.0089592700049893,0.1361121719971056,1.0,0.0770712909441233,0.2157996146435452,14.087656529516996,0.349731663685152,6.523690773067331,0.8944543828264758,7.602862254025045,4.472271914132379,248.0,0.2389210019267822,260.0,1.1666666666666667,skipped_pre_youtube_era,,,,,,,,,,success,Madman Films,3155437,18748.0,459.0,3990121,25,0.8203451729144933,0.1655629139072847,0,0.0,0.8985398697244024,0.3702479349445801,29,0.5138739252495418,0.6949875002403854,0.0,0.4283902489895181,47.72826540617214,30.209315738499527,17.518949667672615,Strong Overperformer,1,Darko Collection,0,2,0,Fantasy,1,33.12945973496433,173000,12.06105265381003,-0.6757632419256171,-1.4098398827815646,12.06105265381003,0.6957536046634227,0.3467631680663473,0.5911886392431296,0.5514973255445218,15.830413711839864,0.6481982609975161,68.58596764734025,15.319588176962746,18.15776287420089,0.6104544207872322,0.3171154121163051,0.8172176328156953,0.7870560770900836,89.97134670487105,69.34097421203438,80.51575931232091,83.0945558739255,,,
203,Fight Club,1999,100853753,,63000000,Drama,,,Fox 2000 Pictures,0,0,5489766,148372.05405405405,268573,True,77,0,0,0,0.0,0,550.0,34.0383,8.438,32228,139.0,27.62962962962963,100,True,28.554830637233,11189,523265,0,1,12,38,8.8,2601857.0,67.0,tt0137523,0,0,3,True,0,0,,,success,tt0137523,True,12862.0,1807.0,7.117874930824571,18.0,2.0,-0.013581451978291,0.1184362063460139,1.0,0.1162147205312672,0.2097399003873824,13.761467889908255,0.3105774419859687,5.230581537210248,1.2142471667566108,3.3729087965461417,14.031300593631949,527.0,0.2916436081903708,403.0,1.1666666666666667,skipped_pre_youtube_era,,,,,,,,,,success,20th Century Studios,4216660,30758.0,669.0,9005989,27,0.8330019731288445,0.2549668874172185,0,0.0,0.9809600509497018,0.5191212874065777,50,0.5940445215494722,0.0,0.0,0.4015096693580659,43.22161053937689,52.649547526298,-9.427936986921104,Underperformer,0,,0,0,0,Drama,0,31.33260768154253,378000,12.84265212010087,-0.5063023200035461,-1.000374592272123,12.84265212010087,1.1551973925049583,0.7985974118638621,0.6240922139714593,-2.1394263807281715,18.42918204527112,0.2615402120274228,58.854540704428665,17.958645300228824,4.851908451974857,1.0167256181105713,0.8039970473108479,0.6827965885119048,-2.244720350560187,93.40974212034384,84.5272206303725,75.35816618911176,2.005730659025788,,,
204,Office Space,1999,12800000,,10000000,Comedy,,,20th Century Fox,0,0,2476461,66931.37837837837,103581,True,27,0,0,0,0.0,0,1542.0,4.0666,7.377,3412,90.0,16.833333333333332,100,True,36.71613212063188,2089,69289,0,0,1,2,7.6,304367.0,68.0,tt0151804,16,16,48,True,0,0,,,success,tt0151804,True,9512.0,1579.0,6.024065864471185,14.0,3.0,0.0004318248776766,0.1237536768213207,1.0,0.0303989867004433,0.1785940468651045,11.576626240352812,0.2513781697905182,4.772704465629704,0.1837559720690922,2.0213156927600147,0.735023888276369,604.0,0.3825205826472451,171.0,1.0,skipped_pre_youtube_era,,,,,,,,,,success,Jose Hernandez,2034461,25023.0,1197.0,2389175,27,0.7902710572440605,0.0894039735099337,0,0.0,0.7687834503540609,0.3130596433293112,3,0.2094499215896272,0.6812438068750566,0.0,0.3642482910146111,36.9745662286751,34.77522499100559,2.1993412376695147,As Expected,0,,0,0,0,Comedy,0,17.977291841883936,138000,11.8350162104899,-0.8206699782630421,-1.1861870955278668,11.8350162104899,0.3955075619423664,0.2160939316569321,-0.4531214630369533,0.4982830874816588,16.36495580701484,0.204265502058393,57.41304826110655,16.118095750958314,5.902841697836124,0.2758730132909421,0.1951834455669553,-0.2613656788951001,0.6403277954952591,79.08309455587393,64.18338108882521,39.25501432664756,73.63896848137536,0.22776228852774263,0.8344939217608046,0.23041159685990562
205,Blade Runner,1982,41722424,,28000000,Science Fiction,,,Shaw Brothers,0,0,6391243,172736.2972972973,258297,True,67,0,0,0,0.0,0,78.0,13.5654,7.936,15056,118.0,4.044444444444444,100,True,21.11388196176226,8421,416542,0,2,13,22,8.1,876371.0,84.0,tt0083658,18,18,103,True,0,0,,,success,tt0083658,True,4110.0,800.0,5.1375,17.0,4.0,-0.0090178172521922,0.1869124937883162,1.0,0.01625,0.235,1.1933174224343677,0.3969769291964996,4.164133738601824,1.1933174224343677,3.579952267303103,3.182179793158314,330.0,0.4125,208.0,1.0,skipped_pre_youtube_era,,,,,,,,,,success,Rotten Tomatoes Classic Trailers,7906005,32932.0,3189.0,8759693,44,0.8411633972607003,0.2218543046357615,0,0.0,0.9090439537336542,0.0689667249763778,35,0.5414201930881729,0.7079879189072642,0.0,0.4131599889862631,45.17484110106841,45.011416331709086,0.1634247693593238,As Expected,1,Blade Runner Collection,0,2,0,Science Fiction,1,50.60827250608273,655000,13.39239204133378,0.6391339364083973,0.9788823586622128,13.39239204133378,-0.0061264484040431,1.1163961467764425,0.6153494007360272,0.6018336765869136,17.546549312006853,0.6094548262340358,67.61087116112323,17.147715103853763,10.963074004573931,-0.3869313256758659,1.126901044458826,0.7324843175544671,0.3518506011438329,14.040114613180515,89.68481375358166,77.93696275071633,56.446991404011456,,,
206,The Thing,1982,19629760,,15000000,Horror,,,Universal Pictures,0,0,4616252,124763.56756756756,285663,True,0,0,0,0,0.0,0,1091.0,15.1444,8.074,7996,109.0,28.23333333333333,100,False,,0,0,0,0,1,5,8.2,521638.0,57.0,tt0084787,11,11,60,True,0,0,,,success,tt0084787,True,4504.0,632.0,7.1265822784810124,18.0,0.0,-0.0065471279206852,0.1004283521123087,1.0,0.1186708860759493,0.2151898734177215,14.661654135338344,0.3146616541353383,5.3364928909952605,0.7518796992481204,1.1278195488721805,10.526315789473683,200.0,0.3164556962025316,138.0,1.0,skipped_pre_youtube_era,,,,,,,,,,success,horrorfan,2543098,15143.0,1583.0,3007993,44,0.8236993814416651,0.0,0,0.0,0.8492471035750415,0.5306437738506925,6,0.2940001341496096,0.5974937501201928,0.0,0.3918783524578866,41.60687522574349,38.473149546923,3.1337256788204897,As Expected,1,The Thing Collection,0,2,0,Horror,1,30.639431616341028,22100000,16.91108821173685,-0.6112302152272197,-1.1015308024079236,16.776047581987566,1.140286650813696,3.0724510168467787,-0.3388025597649585,0.1740110494300442,16.792557390936548,1.134894809604911,80.83516799052623,16.52356082573315,25.09776950960846,0.7663623740120858,3.073345718362871,-0.173068470013216,0.014372414633809,91.40401146131804,99.4269340974212,43.26647564469914,39.25501432664756,0.4727454541698207,1.0194294346252128,0.3569450133456902
207,The Shawshank Redemption,1994,28341469,,25000000,Drama,,,Castle Rock Entertainment,0,0,8423157,227652.8918918919,343776,True,85,0,0,0,0.0,0,278.0,107.2232,8.723,30642,142.0,38.03703703703704,100,False,,0,0,0,7,21,42,9.3,3182645.0,82.0,tt0111161,19,19,35,True,0,0,,,success,tt0111161,True,11788.0,1801.0,6.545252637423654,20.0,0.0,0.0009174216999934,0.1290275917649922,1.0,0.062187673514714,0.1588006662965019,19.053202403634767,0.3017734134544921,5.826989619377162,1.172504763300601,3.517514289901803,5.862523816503004,665.0,0.3692393114936146,381.0,1.125,skipped_pre_youtube_era,,,,,,,,,,success,Rotten Tomatoes Classic Trailers,3409138,16824.0,789.0,6231563,32,0.8559816229629277,0.2814569536423841,0,0.0,0.9761913949435786,0.7177604708910096,63,0.6283497647688817,0.7203213491478937,0.0,0.5036043179319604,60.33825575974021,41.61771839512238,18.72053736461784,Strong Overperformer,0,,0,0,0,Drama,0,32.3210044112657,78400,11.269591961359197,-0.1574185530594317,-0.2647939762478211,11.269591961359197,1.798127824902756,-0.1107717444970526,1.0757437965878045,0.6495875136022428,17.1598366610298,1.0866555475555602,79.6210801015928,17.034386422832473,26.05966593831358,1.5975961226961444,-0.1167405556785737,1.2167177364464783,0.6227273840103713,98.28080229226362,48.42406876790831,93.12320916905443,71.91977077363897,,,
208,Scott Pilgrim vs. the World,2010,51825248,,73000000,Action,,,Marc Platt Productions,0,0,3783952,102268.97297297296,445031,True,0,0,0,0,0.0,0,22538.0,7.5254,7.5,8645,113.0,2.876190476190476,100,True,40.40831340812948,5437,250681,0,0,18,66,7.5,495847.0,69.0,tt0446029,26,26,26,True,0,0,,,success,tt0446029,True,11291.0,1996.0,5.656813627254509,16.0,0.0,-0.0037025981978386,0.1428177126715302,1.0,0.0916833667334669,0.2409819639278557,6.617420744844567,0.2459218220991074,5.2200647249190935,1.077254539858418,6.001846722068328,6.463527239150507,697.0,0.3491983967935871,291.0,1.1666666666666667,success,7wd5KEaOtm4,Universal Pictures,10.0,75.0,3812.0,197.0,256.0,0.76953125,success,success,Universal Pictures,6204484,71942.0,3812.0,6553155,16,0.8130273674543074,0.0,0,0.0,0.8566209027620303,0.0466690474403521,84,0.6712232145056547,0.7924812503605781,0.0,0.399304914997723,42.85197316159872,46.73995288459537,-3.887979722996654,As Expected,0,,0,0,0,Action,0,25.77273934992472,92000,11.429554725537322,-0.4670965845450159,-0.7599857810967796,11.429554725537322,-0.2037422832123842,-0.0182989912450837,0.4973955221451326,0.9289836016589996,17.763388020905545,0.30420198720043,59.92825415603498,18.10597001281129,9.130690805562844,-0.1741227917138179,-0.0319681037379911,0.5980179122171875,1.0655203208384203,32.37822349570201,53.58166189111749,71.34670487106017,94.55587392550144,,,
209,Clerks,1994,3158707,,27575,Comedy,,,View Askew Productions,0,0,1037671,28045.162162162163,36626,True,0,0,0,0,0.0,0,2292.0,2.9482,7.37,2778,92.0,4.762962962962963,100,True,29.349600481141,11639,312858,0,0,7,10,7.7,238383.0,70.0,tt0109445,15,15,23,True,0,0,,,success,tt0109445,True,14361.0,1575.0,9.118095238095238,36.0,0.0,-0.00088087185146,0.0909962152494181,1.0,0.1111111111111111,0.3136507936507936,18.30110497237569,0.2426335174953959,6.235779418150239,1.6114180478821365,5.294659300184162,2.7624309392265194,211.0,0.1339682539682539,374.0,1.0,skipped_pre_youtube_era,,,,,,,,,,success,Movieclips,1135125,5636.0,291.0,1421530,32,0.7435788773915005,0.0,0,0.0,0.7493638239798178,0.0826806045479008,17,0.4366952322933592,0.6666666666666667,0.0,0.3422564082270746,33.28752424694355,23.564216716130574,9.723307530812974,Overperformer,1,Clerks Collection,0,3,0,Comedy,1,26.04275468282153,126000,11.744045122410055,-1.635995786834972,-3.1398291331474275,11.744045122410055,-0.4485252606832207,0.1635045242139402,0.0806077671523994,0.441841824663479,14.96567364119725,0.0244500429647606,52.88744480338275,10.2247011081967,1.9753469677103863,-0.6290339909134846,0.1295694491346844,0.3630082993455504,0.6778895925904207,5.730659025787966,62.17765042979943,60.45845272206304,75.93123209169055,,,
210,Pi,1998,3221152,,60000,Mystery,,,Harvest Filmworks,0,0,7039682,190261.67567567568,593107,True,0,0,0,0,0.0,0,473.0,2.3164,7.115,2502,84.0,6.5,100,True,20.85623854739297,6003,187652,0,0,8,12,7.3,191675.0,72.0,tt0138704,0,0,26,True,0,0,,,success,tt0138704,True,3942.0,678.0,5.814159292035399,13.0,0.0,-0.0055884012742419,0.1206242161060377,1.0,0.103244837758112,0.2109144542772861,9.39769329346433,0.4246048697137975,4.551963048498846,0.0,1.7086715079026058,1.2815036309269543,217.0,0.3200589970501475,190.0,1.0,skipped_pre_youtube_era,,,,,,,,,,success,darrenaronofskyinfo,1696482,8169.0,751.0,3884985,28,0.846350562702174,0.0,0,0.0,0.7394791043081766,0.1158342618625622,20,0.4599852698988825,0.0,0.0,0.3007999761473969,26.337159561606114,23.58560526424281,2.751554297363299,As Expected,0,,0,0,0,Mystery,0,48.19888381532217,480000,13.081543466215235,0.1167504211651047,-0.0582844450708939,13.081543466215235,0.1444163729228296,0.9366979292984392,0.0620279727169909,-2.1394263807281715,14.985249927961366,-0.221153090773117,46.70609422944147,11.002116507732016,-3.3564903127746675,0.022643732916792,0.8991641140284464,0.3428044122390105,-1.846795453740756,54.44126074498568,87.10601719197709,59.885386819484246,8.022922636103152,-0.24036007205431412,0.5505881083678859,0.5445317938961098
211,Memento,2000,40060108,,9000000,Mystery,,,Newmarket Films,0,0,4662183,126004.94594594596,446674,True,15,0,0,0,0.0,0,77.0,14.4478,8.176,16336,113.0,37.15555555555556,100,True,24.265597314184465,10723,405900,0,0,0,0,,,,tt24735934,10,10,15,True,0,0,,,success,tt0209144,True,9475.0,1229.0,7.709519934906428,20.0,2.0,-0.0039338862634942,0.1041577757668125,1.0,0.0431244914564686,0.243287225386493,16.737957969127766,0.2326576157708759,5.129940443963184,0.7439092430723452,2.045750418448949,8.55495629533197,315.0,0.2563059397884459,155.0,1.0,skipped_pre_youtube_era,,,,,,,,,,success,Rotten Tomatoes Classic Trailers,2242275,11836.0,555.0,3760995,26,0.8242308331538004,0.0496688741721854,0,0.0,0.9167540905316348,0.7009362268805844,0,0.0,0.5765719364395496,0.0,0.3892392794331556,41.16442229303902,44.87351122684476,-3.709088933805738,As Expected,0,,0,0,0,Mystery,0,16.358839050131927,229000,12.34148164933907,-1.4661986515592946,-2.50633030731146,12.34148164933907,1.5973763960436105,0.5088761538070657,-1.9212370331494864,0.093003830750586,17.505891609116865,0.1961836193036777,57.20964307712504,16.012735246411598,4.5401146134813,1.482058850029314,0.501545692036641,-1.803111781580397,0.1130721078299589,97.134670487106,76.79083094555874,3.7249283667621778,43.553008595988544,,,
212,Primer,2004,545436,,7000,Science Fiction,,,erbp,0,0,1254990,33918.64864864865,48731,True,24,0,0,0,0.0,0,14337.0,3.2142,6.754,2446,77.0,13.792592592592593,100,False,,0,0,0,0,3,7,6.7,120852.0,68.0,tt0390384,7,7,24,True,0,0,,,success,tt0390384,True,9569.0,1052.0,9.096007604562738,18.0,0.0,8.954279461436708e-05,0.0784007055685453,1.0,0.0038022813688212,0.2756653992395437,1.371742112482853,0.2908093278463649,6.137908915971777,0.9798157946306092,1.1757789535567311,1.5677052714089752,169.0,0.1606463878326996,164.0,1.0,skipped_pre_youtube_era,,,,,,,,,,success,amdvpro,3002872,10493.0,896.0,3908326,22,0.7537857443972105,0.0794701986754966,0,0.0,0.7373408502773823,0.2550230705034328,10,0.3622888406341296,0.5,0.0,0.3441694448884862,33.60825378844573,8.317954705052912,25.290299083392817,Strong Overperformer,0,,0,0,0,Science Fiction,0,17.13867697774062,2430000,14.70340222683928,-1.874159489408045,-3.3916761354223337,14.70340222683928,0.061527902617155,1.8742770324810072,-0.3750430874241793,-0.2034752266844336,13.209342587209933,0.3459352245511681,60.978598126506185,8.853808274977197,14.37003768821549,0.0443335184898461,1.8083355555398408,0.019657498306031,0.3903408048267464,57.02005730659025,93.69627507163324,48.71060171919771,59.59885386819485,0.221224236778336,0.8229602973275914,0.21992611308599247
213,Moon,2009,9760104,,5000000,Science Fiction,,,Lunar Industries,0,0,1424608,38502.91891891892,63950,True,291,0,0,0,0.0,0,17431.0,5.3577,7.565,6314,97.0,7.531531531531532,100,True,22.32358465253555,3727,180537,0,0,28,37,7.8,392806.0,67.0,tt1182345,1,1,217,True,0,0,,,success,tt1182345,True,5535.0,884.0,6.26131221719457,19.0,0.0,0.003711370015103,0.1009613282900204,1.0,0.0226244343891402,0.2375565610859728,15.174506828528074,0.2955993930197269,4.973045822102426,1.2139605462822458,3.9453717754172986,4.552352048558422,330.0,0.3733031674208145,146.0,1.0,success,WWoDBcSW4_c,Sony Pictures Classics,9.0,59.0,690.0,3.0,3.0,1.0,success,success,Sony Pictures Classics,1930318,7218.0,690.0,2813761,17,0.760590495050786,0.9635761589403974,0,0.0,0.8269321933885713,0.1355224102304286,65,0.632998937178216,0.1666666666666666,0.0,0.4246877356505852,47.10752173222426,32.51536080763776,14.592160924586494,Overperformer,1,Moon Collection,0,2,0,Science Fiction,1,26.377597109304425,15700000,16.5691713340128,-0.5226845998292363,-0.793490244404121,16.5691713340128,-0.2239971999493929,2.952858083260303,0.513524885701852,-1.4941093293802583,16.09381371652813,0.4384818201722912,63.3078149538838,15.424948670398354,14.307871844801916,-0.1938705873464622,2.9188710497065773,0.7218516402715729,-1.1722539225953972,30.65902578796561,97.7077363896848,77.07736389684814,16.045845272206304,0.4068347282744024,0.9081483110615791,0.3032980960913805
214,The Man from Earth,2007,0,,200000,Science Fiction,,,Falling Sky Entertainment,0,0,1862373,50334.40540540541,89260,True,33,0,0,0,0.0,0,13363.0,3.4398,7.629,2925,87.0,13.410569105691057,100,False,,0,0,0,0,5,1,7.8,214697.0,,tt0756683,2,2,2,True,0,0,,,success,tt0756683,True,10552.0,1938.0,5.444788441692467,15.0,1.0,-5.457791835500812e-05,0.1342463422826888,1.0,0.023735810113519,0.1671826625386996,2.7178528962119923,0.3511126210293868,6.383545069570478,1.3589264481059962,2.5479870901987427,2.7178528962119923,744.0,0.3839009287925696,341.0,1.5,success,PJ_2hJ55_1c,EL SANTUARIO DUBBING STUDIOS,9.0,-5918.0,59.0,0.0,0.0,0.0,success,success,Endless Fun,2868435,6859.0,922.0,3127157,19,0.7749738584073096,0.1092715231788079,0,0.0,0.754234797513901,0.2477316452195541,6,0.2940001341496096,0.2641604167868594,0.0,0.3219346233663351,29.88048199189268,,,,1,The Man from Earth Collection,0,2,0,Science Fiction,1,32.31614859742229,16300,9.69898173460629,0.339179637372494,0.5583589219072879,9.69898173460629,0.1460713300587814,-1.0187246215291783,-0.4355302420575366,-1.116623053265781,0.0,-0.5922775299218574,37.365617868158346,12.206077645517674,7.361385588750359,0.2936056796619692,-1.2559153315482432,0.8103177309876721,1.1041527946332208,79.36962750716332,5.730659025787966,79.94269340974212,95.41547277936962,0.7406455280743669,1.0807658243984917,0.3447690780405659
215,Coherence,2013,139745,,50000,Thriller,,,Bellanova Films,0,0,1817064,49109.83783783784,100252,True,25,0,0,0,0.0,0,220289.0,6.9208,7.2,3444,89.0,22.666666666666668,100,False,,0,0,0,0,6,6,7.2,168584.0,65.0,tt2866360,0,0,0,False,0,0,,,success,tt2866360,True,11708.0,1695.0,6.9073746312684365,18.0,1.0,-0.0051035067849227,0.109077031233763,1.0,0.0106194690265486,0.2749262536873156,9.244750861798808,0.2029144468818552,4.627667984189723,1.5669069257286117,6.581009088060169,3.447195236602946,477.0,0.2814159292035398,183.0,1.1666666666666667,success,mon1mn7KHjo,Pinnacle Films,8.0,-319.0,20.0,0.0,0.0,0.0,success,success,Oscilloscope Laboratories,4670871,13420.0,1655.0,7051714,13,0.773651789753332,0.0827814569536423,0,0.0,0.7696653386761008,0.4243965522218309,12,0.387528404405897,0.0,0.0,0.3211675331764135,29.751875734695897,-4.093508993948532,33.84538472864443,Strong Overperformer,1,Coherence Collection,0,1,0,Thriller,1,15.6303382302699,82300,11.31813853725963,-1.1894780070518278,-2.00139762745628,11.31813853725963,0.6110699492518814,-0.0827074911845143,-0.2211734676616937,-2.1394263807281715,11.847581768067462,-0.3883463795878379,42.49816611368298,10.819798284210286,-0.5015637284815924,0.7388605521385779,-0.1746642108273043,0.2604853924806489,-1.249852286572376,91.11747851002865,45.55873925501432,57.02005730659025,14.326647564469914,0.34131590576531234,0.9078200321371185,0.21907044663061404
216,Napoleon Dynamite,2004,46118097,,400000,Comedy,,,Napoleon Pictures,0,0,3277004,88567.67567567568,150816,True,0,0,0,0,0.0,0,8193.0,2.6689,6.794,2183,95.0,5.940740740740741,100,False,,0,0,0,0,10,23,7.0,252681.0,64.0,tt0374900,34,34,66,True,0,0,,,success,tt0374900,True,5310.0,876.0,6.061643835616438,16.0,1.0,0.0141826875559752,0.1909678323624037,1.0,0.0388127853881278,0.2408675799086758,1.9144862795149968,0.3372686662412252,5.554393305439331,0.6381620931716656,2.2335673261008298,2.5526483726866624,276.0,0.3150684931506849,173.0,1.1428571428571428,skipped_pre_youtube_era,,,,,,,,,,success,isthemoviegood,2728463,9239.0,629.0,3122861,22,0.8053063087245047,0.0,0,0.0,0.7265958491644485,0.1051600566290572,33,0.532784346595013,0.8548805028241611,0.0,0.383003337266169,40.118937429943976,46.72425297538214,-6.605315545438167,Underperformer,0,,0,0,0,Comedy,0,32.580037664783426,16800,9.729193687429404,-0.3753901449368222,-0.7442149629304577,9.729193687429404,-0.0855391277879451,-1.0012594165921036,0.0184966796530891,1.1705874112956796,17.646716012271884,0.0276793894402622,52.96872113885126,12.899222326086994,1.0023063568105997,-0.1432270408534027,-1.010643219788706,0.127182690919287,1.2327107166310605,36.10315186246418,14.899713467048713,52.72206303724928,97.9942693409742,,,
217,Mean Girls,2004,130195052,,17000000,Drama,,,Broadway Video,0,0,6544840,176887.56756756757,1097802,True,0,0,0,0,0.0,0,10625.0,11.984,7.2,9493,97.0,9.451851851851853,100,False,,0,0,0,0,7,25,7.1,485269.0,66.0,tt0377092,17,17,35,True,0,0,,,success,tt0377092,True,11714.0,1648.0,7.108009708737864,24.0,1.0,0.0089721901615105,0.1478893945906302,1.0,0.0485436893203883,0.2026699029126213,3.262158956109134,0.2618623962040332,5.922143579373104,1.631079478054567,5.634638196915777,1.1862396204033216,471.0,0.2858009708737864,276.0,1.3333333333333333,skipped_pre_youtube_era,,,,,,,,,,success,Rotten Tomatoes Classic Trailers,3207703,23657.0,764.0,3604295,22,0.8424381603158527,0.0,0,0.0,0.8654625497407189,0.1721742722672214,32,0.5282739763834025,0.6949875002403854,0.0,0.3945774619263434,42.05939354896451,55.16044939802467,-13.10105584906016,Underperformer,1,Mean Girls Collection,0,2,0,Drama,1,23.561550281714187,275000,12.524530013005734,-0.6571392154990588,-1.2007643156850374,12.524530013005734,0.2755738762000242,0.6146944437915722,0.0308474914399865,0.5514973255445218,18.684544291625194,0.4091970249219425,62.57077392686787,16.648723960844016,9.351245597251022,0.2084151962107223,0.6185385453944691,0.0726394225259006,0.4892664929037877,73.63896848137536,80.22922636103151,50.1432664756447,64.46991404011462,,,
218,American Psycho,2000,34269748,,7000000,Thriller,,,Lionsgate,0,0,167,12.846153846153848,39,True,0,0,0,0,0.0,0,1359.0,14.8944,7.403,12365,102.0,37.114814814814814,100,True,26.64924885695624,7655,253148,0,0,7,11,7.6,827026.0,64.0,tt0144084,14,14,34,True,0,0,,,success,tt0144084,True,8124.0,1170.0,6.943589743589744,18.0,0.0,-0.0027537218242346,0.1278351007376824,1.0,0.0213675213675213,0.2632478632478632,9.631490787269682,0.3649497487437186,5.14828897338403,2.931323283082077,3.559463986599665,3.7688442211055273,348.0,0.2974358974358974,347.0,1.1666666666666667,skipped_pre_youtube_era,,,,,,,,,,success,LionsgateVOD,4582088,,729.0,4807601,26,0.2750459520962386,0.0,0,0.0,0.890437803621357,0.7001586357708588,18,0.4448640423045896,0.6511484326014197,0.0,0.3236700818490702,30.17143972139743,43.5435229641304,-13.372083242732971,Underperformer,1,American Psycho Collection,0,2,0,Thriller,1,42.71294928606598,134000,11.80560254159177,-0.0186107285130781,-0.290629968178254,11.80560254159177,-1.1004019317600364,0.1990902060697496,-0.0154545073306977,0.3817567383688079,17.349773569633715,-0.2410467556534802,46.20540958851473,15.76142084987672,-6.275615984824974,-1.21429481283316,0.1897699020442513,0.112733461605548,0.4205313126349808,2.865329512893983,63.89684813753582,52.14899713467048,60.74498567335244,,,
219,Heathers,1988,1166207,,3000000,Comedy,,,New World Pictures,0,0,2215585,59880.67567567567,117905,True,0,0,0,0,0.0,0,2640.0,4.1927,7.27,1890,103.0,24.725925925925925,100,True,25.38059267867519,8605,421711,0,0,0,0,,,,tt26094612,13,13,38,True,0,0,,,success,tt0097493,True,8309.0,1261.0,6.589214908802537,19.0,2.0,-0.0035455817707298,0.1289472970339245,1.0,0.0570975416336241,0.1744647105471847,16.908212560386474,0.3486312399355877,6.242674680691209,1.4090177133655395,5.434782608695652,10.869565217391305,404.0,0.3203806502775575,301.0,1.0,skipped_pre_youtube_era,,,,,,,,,,success,Arrow Video,568502,14254.0,295.0,1117920,38,0.7842959049332043,0.0,0,0.0,0.7129830308693567,0.4637002483134124,0,0.0,0.6345591536762674,0.0,0.3379834242725445,32.571138506812815,13.84906639069537,18.722072116117445,Strong Overperformer,0,,0,0,0,Comedy,0,36.22577927548441,108000,11.58989576532275,-0.3668634433527476,-0.7426163290445744,11.58989576532275,0.7682119152679162,0.0743924390663558,-1.9212370331494864,0.3175246710090036,13.969268017633476,-0.1521922803980216,48.44170296661049,14.914123179965662,-2.5770222958903943,0.5084238446416869,0.0335298043158472,-1.574068921944531,0.5845700237220586,87.96561604584528,56.73352435530086,5.444126074498568,69.91404011461319,,,
220,Wet Hot American Summer,2001,295206,,5000000,Comedy,,,Eureka Pictures,0,0,996912,26943.567567567567,49123,True,16,0,0,0,0.0,0,2171.0,2.652,6.249,888,97.0,2.596296296296296,100,False,,0,0,0,0,0,1,6.5,63316.0,42.0,tt0243655,14,14,36,True,0,0,,,success,tt0243655,True,8276.0,1137.0,7.278803869832894,18.0,0.0,0.0019305166984819,0.1245767288582238,1.0,0.1644678979771328,0.2102022867194371,10.49317943336831,0.3045120671563484,4.914489311163895,3.5676810073452256,9.233997901364113,2.308499475341028,334.0,0.2937554969217238,223.0,1.2,skipped_pre_youtube_era,,,,,,,,,,success,Dave Soldinger,1841776,2472.0,214.0,1861416,25,0.7414279043119288,0.0529801324503311,0,0.0,0.6416584828824629,0.0413268955306793,1,0.1047249607948136,0.6511484326014197,0.0,0.2974694712883564,25.77878484879605,1.614571565004212,24.16421328379184,Strong Overperformer,0,,0,0,0,Comedy,0,26.945384243595942,28200,10.247112717290388,-0.6361760139387725,-1.1712191955158384,10.247112717290388,-0.5694493186546561,-0.7018559966843148,-1.2981117845875556,0.3817567383688079,12.59543208416444,-0.6340091372489657,36.31531492219423,15.424948670398354,-10.206849338803629,-0.6252274752008501,-0.772736035325366,-0.8635693744039985,1.0049358310451946,6.017191977077363,21.48997134670487,18.33810888252149,90.83094555873924,0.348805498385197,1.051371922248912,0.35490686829231977
221,Idiocracy,2006,495303,,30000000,Comedy,,,20th Century Fox,0,0,4195921,113403.27027027028,247237,True,35,0,0,0,0.0,0,7512.0,8.4379,6.374,3599,85.0,22.62015503875969,100,False,,0,0,0,0,0,1,6.5,213033.0,66.0,tt0387808,12,12,57,True,0,0,,,success,tt0387808,True,9041.0,1133.0,7.979699911738747,19.0,0.0,0.0056829705549917,0.0942784950442291,1.0,0.1412180052956752,0.2100617828773168,19.17600151889121,0.2908676666033795,5.142775881683732,0.0,4.746535029428517,2.278336814125688,299.0,0.263901147396293,239.0,1.125,success,6lai9QhBibk,Film Trailer Channel,9.0,-3955.0,1070.0,0.0,0.0,0.0,success,success,JoBlo Movie Clips,6946459,67695.0,11179.0,9388355,20,0.8185746963312088,0.1158940397350993,0,0.0,0.7738242411177073,0.4235088160711929,1,0.1047249607948136,0.6167399530235154,0.0,0.3671841403404747,37.46677509596825,5.836309813999307,31.630465281968945,Strong Overperformer,0,,0,0,0,Comedy,0,26.43512885742728,169000,12.037659911047468,-0.8799148918734682,-1.626972451161062,12.037659911047468,0.8292072010046175,0.333240075111037,-0.9492850238337605,0.2485304668733391,13.112926994457307,0.1877066504628542,56.99629434898777,17.216707972959764,10.940725009310135,0.842350030831111,0.2641455812921883,-0.5485510347806559,0.8833635685567154,92.83667621776505,67.621776504298,27.50716332378224,87.10601719197709,0.4564946497997012,1.0358365802353664,0.29598861218489897
222,The Boondock Saints,1999,38256,,6000000,Action,,,Franchise Pictures,0,0,1402351,37901.37837837838,80534,True,26,0,0,0,0.0,0,8374.0,4.0351,7.25,2710,108.0,12.218518518518518,100,False,,0,0,0,0,0,0,7.6,258935.0,44.0,tt0144117,13,13,13,True,0,0,,,success,tt0144117,True,9723.0,1317.0,7.382687927107061,19.0,0.0,-0.0123881912103806,0.0880684492361939,1.0,0.1609719058466211,0.1852695520121488,35.40903540903541,0.2974010116867259,5.404669260700389,5.4072911215768364,2.7908599337170763,14.477585906157334,381.0,0.2892938496583143,267.0,1.0,skipped_pre_youtube_era,,,,,,,,,,success,Icon Film Distribution,202829,1490.0,80.0,350190,27,0.7597452454629811,0.086092715231788,0,0.0,0.7470227414645798,0.2249797776276735,0,0.0,0.6345591536762674,0.0,0.3212144878926271,29.75974791242584,-16.46963481441989,46.22938272684573,Strong Overperformer,1,The Boondock Saints Collection,0,2,0,Action,1,27.46066029003394,16000,9.680406499268877,-0.8648273492544104,-1.5481476546568969,9.680406499268877,0.010600079795326,-1.0294627652639363,-1.1236102537657713,0.3175246710090036,10.552081829046976,-0.4763844796454538,40.28241930281111,15.607270193858982,-4.209100954586504,-0.0559887235259387,-1.1244627179080118,-0.5571808692838255,1.1560766404593503,45.845272206303726,10.028653295128938,27.22063037249284,96.56160458452722,,,
223,The Room,2003,0,,0,Drama,,,Les Films du Carrosse,0,0,28042,757.8918918918919,1123,True,35,0,0,0,0.0,0,8070.0,0.5966,6.6,88,95.0,23.474074074074075,100,False,,0,0,0,0,1,0,3.6,98635.0,9.0,tt0368226,12,12,34,True,0,0,,,success,tt0077315,True,7420.0,989.0,7.50252780586451,15.0,1.0,0.0072257929689678,0.136521443624822,1.0,0.0283114256825075,0.1274014155712841,0.0,0.323785803237858,7.196896217264792,0.0,7.970112079701121,16.43835616438356,242.0,0.2446916076845298,170.0,1.1666666666666667,skipped_pre_youtube_era,,,,,,,,,,success,PoptartedNintendo,1102840,3284.0,407.0,1391397,23,0.5497465573434539,0.1158940397350993,0,0.0,0.4241723650361519,0.4398069942145733,1,0.1047249607948136,0.6167399530235154,0.0,0.2800831427491061,22.8638855720173,,,,0,,0,0,0,Drama,0,22.91105121293801,11400000,16.249124001084017,-1.0632474113732049,-1.9404409070892843,16.249124001084017,-0.4468529385684829,2.767842162843236,-2.497872345986168,0.2485304668733391,0.0,-0.0902527433207986,50.00059998569565,0.0,19.12321725566066,-0.3582333238197224,2.534499707566395,-1.251662086025638,2.410377495727692,15.759312320916903,96.2750716332378,9.169054441260744,100.0,,,
224,The Princess Bride,1987,30900000,,16000000,Adventure,,,The Princess Bride,0,0,4894428,132281.83783783784,527998,True,38,0,0,0,0.0,0,2493.0,10.3989,7.699,5141,99.0,41.96296296296296,100,False,,0,0,0,1,7,11,8.0,481984.0,78.0,tt0093779,4,4,29,True,0,0,,,success,tt0093779,True,8684.0,1230.0,7.060162601626017,19.0,0.0,-0.0091938207872097,0.1164676817318177,1.0,0.0943089430894309,0.1796747967479675,0.2100840336134453,0.3262605042016807,5.871534820824881,1.2605042016806725,14.495798319327733,13.445378151260504,421.0,0.3422764227642276,225.0,1.0,skipped_pre_youtube_era,,,,,,,,,,success,Rotten Tomatoes Classic Trailers,2470843,9751.0,436.0,3676364,39,0.8268403318072012,0.1258278145695364,0,0.0,0.8075139724252455,0.7926919778281973,18,0.4448640423045896,0.3869880158145604,0.0,0.4211566486556531,46.51551848642489,42.46813137670805,4.047387109716844,As Expected,0,,0,0,0,Adventure,0,25.90971902349148,124000,11.728044909070784,-0.6842087715253161,-1.1220351889164877,11.728044909070784,1.8550654784205345,0.1542549729967973,0.2867643508054363,-0.6410465890935825,17.24626677423043,0.6308564588922846,68.14950840203294,16.588099342704055,12.955721926679352,1.5506442668107574,0.1561222246465547,0.4228013683293313,-0.7813883375560959,97.9942693409742,63.61031518624641,63.61031518624641,19.484240687679083,,,
225,Labyrinth,1986,12729917,,25000000,Adventure,,,Henson Associates,0,0,2480471,67039.75675675676,104391,True,0,0,0,0,0.0,0,13597.0,10.0293,7.286,2757,101.0,13.51851851851852,100,True,7.180156657963447,2298,116528,0,0,0,4,7.3,163150.0,50.0,tt0091369,1,1,44,True,0,0,,,success,tt0091369,True,7178.0,1246.0,5.76083467094703,17.0,0.0,-0.0067410719296754,0.1495936856410208,1.0,0.1300160513643659,0.1861958266452648,2.19941348973607,0.2394916911045943,5.301329394387001,0.4887585532746823,12.218963831867056,1.466275659824047,426.0,0.3418940609951846,165.0,1.3333333333333333,skipped_pre_youtube_era,,,,,,,,,,success,Rotten Tomatoes Classic Trailers,2602489,15017.0,777.0,2785285,40,0.790357905382963,0.0,0,0.0,0.7486470127576937,0.2497920030380065,4,0.2431638287054553,0.1666666666666666,0.0,0.2988985321933748,26.01837359170441,34.548135295088315,-8.529761703383901,Underperformer,0,,0,0,0,Adventure,0,22.9869044302034,218000,12.292254928916668,-0.4226730644308931,-0.688351588929841,12.292254928916668,0.2270834777797735,0.4804187162626918,-0.8176772042752312,-1.4941093293802583,16.359465529036015,-0.3893747220460566,42.47228474503928,17.034386422832473,-11.869031611207369,-0.083973857273192,0.471945080347902,-0.6243901072502034,-1.542925429935848,43.553008595988544,75.35816618911176,23.20916905444126,10.888252148997136,0.17908532657625584,0.8473135361649061,0.250498058397018
226,The Dark Crystal,1982,44626631,,15000000,Adventure,,,ITC Entertainment,0,0,1284819,34724.83783783784,45231,True,0,0,0,0,0.0,0,11639.0,3.123,7.148,1264,93.0,9.748148148148148,100,False,,0,0,0,0,3,5,7.1,75510.0,66.0,tt0083791,23,23,57,True,0,0,,,success,tt0083791,True,3334.0,708.0,4.709039548022599,16.0,1.0,-0.0045975074047107,0.183732492924722,1.0,0.2259887005649717,0.1370056497175141,0.0,0.3192893401015228,3.5543710021321964,0.5076142131979696,5.583756345177664,13.197969543147208,387.0,0.5466101694915254,119.0,1.5,skipped_pre_youtube_era,,,,,,,,,,success,Sony Pictures Entertainment,882502,6673.0,396.0,926069,44,0.7550466612490461,0.0,0,0.0,0.6749911871289674,0.1778294803379525,8,0.3319702714985457,0.7641604167868594,0.0,0.3459044678250417,33.899138496596905,45.72745332964175,-11.828314833044844,Underperformer,0,,0,0,0,Adventure,0,35.69286142771446,41400,10.63106031411106,1.2236372822598347,2.3343022063375614,10.63106031411106,-0.1382991532850905,-0.4799000210864659,-0.3577087114710174,0.8193281007779569,17.61384136882393,-0.0533886867892447,50.92839619713291,16.52356082573315,-5.8006519618406855,-0.5197181084333976,-0.4685374353461955,-0.2449111598350166,0.561281990356352,7.736389684813753,32.664756446991404,40.11461318051576,67.621776504298,,,
227,Tron,1982,33002371,,17000000,Science Fiction,,,Lisberger/Kushner Productions,0,0,0,0.0,0,False,0,0,0,0,0.0,0,97.0,4.5753,6.632,2772,96.0,3.3962962962962964,100,False,,0,0,0,2,2,8,6.7,145118.0,58.0,tt0084827,47,47,43,True,0,0,,,success,tt0084827,True,5792.0,881.0,6.574347332576617,17.0,0.0,0.0029670406748593,0.1549859991743675,1.0,0.0771850170261067,0.1589103291713961,0.8635578583765112,0.3471502590673575,5.27504553734062,1.1514104778353484,2.8785261945883707,3.454231433506045,290.0,0.3291713961407491,206.0,1.3333333333333333,skipped_pre_youtube_era,,,,,,,,,,success,Disney Plus,722165,13041.0,913.0,1460124,44,0.0,0.0,0,0.0,0.7491595749961028,0.0565959573216534,10,0.3622888406341296,0.9308270834535262,0.0,0.2098871456405412,11.09519842552778,43.03772369160399,-31.942525266076206,Strong Underperformer,1,TRON Collection,0,3,0,Science Fiction,1,35.56629834254144,209000,12.250094315624496,0.0285219874211311,-0.0897865445809366,12.250094315624496,-4.1680369671012665,0.4560461192401916,-0.5495166972912359,1.4646451521258692,17.31208999563548,-1.149489071930567,23.341693040398503,16.648723960844016,-33.023008972623295,-4.546702271206071,0.4635626559595756,-0.4172695113042064,1.242755342936816,0.2865329512893982,74.78510028653295,32.95128939828081,98.28080229226362,,,
228,Fear and Loathing in Las Vegas,1998,10700000,,18500000,Adventure,,,Summit Entertainment,0,0,1015072,27434.37837837838,38949,True,0,0,0,0,0.0,0,1878.0,4.6323,7.204,5052,118.0,20.451851851851853,100,True,24.474591348826863,8993,381055,0,0,1,3,7.5,316089.0,41.0,tt0120669,0,0,2,True,0,0,,,success,tt0120669,True,55071.0,1.0,55071.0,55071.0,0.0,0.0,0.0,0.0,1.0,1.0,0.0,0.0005287536219623,22.994154488517744,0.0,0.0,0.0,0.0,,0.0,,skipped_pre_youtube_era,,,,,,,,,,success,Rotten Tomatoes Classic Trailers,691535,2759.0,150.0,1280714,28,0.7423969223670073,0.0,0,0.0,0.805864018747811,0.3821238718931155,4,0.2431638287054553,0.0,0.0,0.2915945564080396,24.79382789844784,33.072454029631984,-8.278626131184144,Underperformer,0,,0,0,0,Adventure,0,,43300,10.675931008412125,,,10.675931008412125,0.3448353094355635,-0.4539607553850656,-0.8179024057953025,-2.1394263807281715,16.185754392890075,-0.7423421331721851,33.58878527114566,16.733281344102608,-17.923334265304078,0.212107390791851,-0.4761932350782847,-0.6145054745516374,-1.9906416957854525,73.92550143266476,32.37822349570201,24.068767908309454,5.444126074498568,0.24843560275178225,0.9050071043577308,0.22914363290989992
229,Bring It On,2000,90449929,,28000000,Comedy,,,Universal Pictures,0,0,1879126,50787.18918918919,101688,True,0,0,0,0,0.0,0,1588.0,3.3265,6.3,1862,99.0,24.24074074074074,100,False,,0,0,0,0,2,7,6.2,112721.0,52.0,tt0204946,19,19,20,True,0,0,,,success,tt0204946,True,9127.0,1566.0,5.828224776500639,16.0,3.0,0.0119394334911576,0.1344200630069816,1.0,0.1545338441890166,0.1417624521072797,9.044862518089724,0.2841895803183791,5.736643620364551,0.5426917510853836,5.426917510853835,1.9898697539797392,559.0,0.3569604086845466,266.0,1.5,skipped_pre_youtube_era,,,,,,,,,,success,Rotten Tomatoes Classic Trailers,4587073,16699.0,472.0,7531420,26,0.7754545635968018,0.0,0,0.0,0.7115733209386645,0.4544398450975901,9,0.3478887895002689,0.7203213491478937,0.0,0.3785132431878021,39.3661521623613,51.84592600714558,-12.479773844784276,Underperformer,1,Bring It On Collection,0,7,0,Comedy,1,29.1442971403528,185000,12.128116509451258,0.0868798587022408,0.1142913999114298,12.128116509451258,0.7000993095303429,0.3855320616066667,-0.7815704608121801,0.6495875136022428,18.32030699589704,0.3016773097786705,59.86471296259619,17.147715103853763,6.211828220431421,0.5773497649274228,0.3885819386821716,-0.7159390266376959,0.5720713199244303,89.39828080229226,71.63323782234957,20.916905444126076,69.05444126074498,,,
230,Jennifer's Body,2009,31556061,,16000000,Horror,,,Fox Atomic,0,0,3490515,94338.24324324324,202434,True,37,0,0,0,0.0,0,19994.0,9.0976,6.0,4273,107.0,16.117117117117118,100,False,,0,0,0,0,3,4,5.6,171883.0,47.0,tt1131734,10,10,31,True,0,0,,,success,tt1131734,True,8090.0,1190.0,6.798319327731092,28.0,0.0,-0.0029396311340141,0.1256548306099499,1.0,0.0621848739495798,0.1773109243697479,9.005403241945167,0.3187912747648589,6.199233716475096,0.6003602161296778,7.2043225935561335,4.002401440864519,327.0,0.2747899159663866,271.0,1.0,success,C8azftM5puI,20th Century Studios,9.0,6.0,1380.0,57.0,103.0,0.5533980582524272,success,success,20th Century Studios,5868418,32203.0,1380.0,6268255,17,0.8086944692907896,0.1225165562913907,0,0.0,0.7900418383352033,0.2993897062529324,7,0.3141748823844408,0.5765719364395496,0.0,0.3720083858285096,38.27558240984883,42.653705738209965,-4.378123328361134,As Expected,0,,0,0,0,Horror,0,33.49814585908529,56600,10.943781931879723,-0.6868634893677209,-1.3425188960071557,10.943781931879723,0.4494571592771062,-0.2991190178007488,-1.0372921970597275,0.093003830750586,17.267276267956248,-0.1692858641396925,48.011490892097385,16.588099342704055,-2.4053357708650864,0.4688752659166414,-0.318149385377189,-0.9046019418660948,0.2742531980459229,86.24641833810888,38.68194842406877,17.478510028653297,53.29512893982808,0.3278328021621821,0.9233532040413313,0.41676845310775074
231,Hocus Pocus,1993,51663767,,28000000,Fantasy,,,Walt Disney Pictures,0,0,2490425,67308.78378378379,457912,True,10,0,0,0,0.0,0,10439.0,5.7464,7.04,3306,96.0,7.148148148148148,100,False,,0,0,0,0,2,11,6.9,171299.0,43.0,tt0107120,19,19,17,True,0,0,,,success,tt0107120,True,6895.0,1251.0,5.511590727418065,19.0,0.0,0.0005540475000201,0.1461695004725885,1.0,0.3269384492406075,0.1598721023181454,2.050113895216401,0.2945330296127563,3.811498065229408,1.1389521640091116,7.289293849658315,8.88382687927107,507.0,0.4052757793764988,282.0,2.0,skipped_pre_youtube_era,,,,,,,,,,success,Disney,10221819,81986.0,4514.0,13484729,33,0.7905728826564279,0.0331125827814569,0,0.0,0.7658019795715397,0.1282050295172866,13,0.3987250949444232,0.7203213491478937,0.0,0.3627311801275456,36.720215494561394,46.89916175918728,-10.178946264625884,Underperformer,1,Hocus Pocus Collection,0,2,0,Fantasy,1,40.89920232052212,76500,11.245059091624617,1.3577069944010534,2.166835732031972,11.245059091624617,-0.0963558853970139,-0.1249539325905411,-0.6658318239003725,0.6495875136022428,17.76026728141576,-0.0779262070359931,50.31083479817205,17.147715103853763,-4.193849867278217,-0.3170955385262142,-0.1223077386094067,-0.5634685645930855,0.5360506835190619,18.91117478510029,47.85100286532951,26.93409742120344,66.7621776504298,-0.21791170016394923,0.7197210283913461,1.371378089378768
232,The Iron Giant,1999,23300000,,50000000,Animation,,,Warner Bros. Feature Animation,0,1,1897608,51286.7027027027,83394,True,50,0,0,0,0.0,0,10386.0,7.4461,7.958,6210,86.0,42.72962962962963,100,False,,0,0,0,0,20,18,8.1,257198.0,85.0,tt0129167,24,24,32,True,0,0,,,success,tt0129167,True,5804.0,973.0,5.965056526207605,16.0,0.0,-0.0183968267087486,0.1726399213030469,1.0,0.2086330935251798,0.2117163412127441,2.011494252873564,0.3135057471264368,4.267647058823529,0.2873563218390804,5.747126436781609,10.919540229885058,399.0,0.4100719424460431,223.0,1.6666666666666663,skipped_pre_youtube_era,,,,,,,,,,success,Warner Bros.,2522372,20355.0,1335.0,3251366,27,0.7759799332584052,0.1655629139072847,0,0.0,0.8253629552525495,0.8073248287112141,38,0.5535135401551698,0.7739760316291208,0.0,0.467770013617215,54.33046708284312,39.752496418092704,14.57797066475041,Overperformer,0,,0,0,1,Animation,0,38.421778084079946,45300,10.721084386282662,0.8976613569084312,1.4660032690552274,10.721084386282662,1.6444670653921902,-0.4278580733529798,0.6663822229010954,0.8573332025410063,16.963963961454382,0.8904877801886207,74.68392102325403,17.72753358339242,22.450449110243348,1.5193662303338142,-0.4411337483680577,0.8195284409818936,0.9276038568234746,97.7077363896848,33.810888252149,80.80229226361033,89.68481375358166,0.19476887942928708,0.8187589096092863,0.23824355953528337
233,Treasure Planet,2002,109578115,,140000000,Science Fiction,,,Walt Disney Pictures,0,1,1874105,50651.48648648649,73670,True,58,0,0,0,0.0,0,9016.0,7.2664,7.575,4641,96.0,50.21851851851852,100,False,,0,0,0,1,1,14,7.2,146751.0,60.0,tt0133240,33,33,114,True,0,0,,,success,tt0133240,True,7440.0,1340.0,5.552238805970149,14.0,0.0,0.0005955155955155,0.1193891628596945,1.0,0.2380597014925373,0.1291044776119403,0.2093364036005861,0.317144651454888,4.787644787644788,0.4186728072011723,3.3493824576093787,2.5120368432070337,500.0,0.373134328358209,271.0,1.5,skipped_pre_youtube_era,,,,,,,,,,success,Rotten Tomatoes Classic Trailers,2414783,10615.0,0.0,2944777,24,0.7753109438556622,0.1920529801324503,0,0.0,0.7978470106938885,0.9502602126989442,15,0.4188998431792545,0.8479104735417233,0.0,0.4757592407957585,55.6698983763554,53.22674049814546,2.443157878209938,As Expected,0,,0,0,1,Science Fiction,0,36.424731182795696,65000,11.082157933374816,0.4561668091673749,0.6895749398880859,11.082157933374816,2.02265309897398,-0.2191253398470413,-0.375354835910232,1.1436001388295716,18.51214824100833,0.8590890653514143,73.8936767742245,18.757152987716434,20.445730802657785,1.9276102625081248,-0.2155544286670614,-0.3222698313276005,1.072561649514205,99.4269340974212,42.97994269340974,36.67621776504298,94.84240687679085,,,
234,Children of Men,2006,70595464,,76000000,Science Fiction,,,Universal Pictures,0,0,3246301,87737.86486486487,131524,True,0,0,0,0,0.0,0,9693.0,7.0656,7.613,7890,109.0,3.631782945736434,100,False,,0,0,0,3,49,89,7.9,557669.0,84.0,tt0206634,10,10,35,True,0,0,,,success,tt0206634,True,7371.0,988.0,7.4605263157894735,19.0,0.0,-0.0055028476029011,0.1359820285680675,1.0,0.1912955465587044,0.2105263157894736,26.995846792801107,0.3022611905860636,4.3875,0.6922011998154131,10.613751730503,9.460083064143978,325.0,0.3289473684210526,246.0,1.5,success,2VT2apoX90o,Rotten Tomatoes Classic Trailers,10.0,-1937.0,3232.0,0.0,0.0,0.0,success,success,Rotten Tomatoes Classic Trailers,6726627,32409.0,3232.0,6787417,20,0.804801013275058,0.0,0,0.0,0.8479861444168488,0.061090532573217,138,0.7455308247415577,0.5765719364395496,0.0,0.3840781464721289,40.29913421905073,49.46224457650837,-9.16311035745764,Underperformer,0,,0,0,0,Science Fiction,0,33.374033374033374,64300,11.071330462204312,0.1295281175148672,0.0847722435029087,11.071330462204312,-0.205633330301855,-0.2253845844596058,1.0378719110335817,0.093003830750586,18.07247646527283,0.1932729008053341,57.13638598473176,18.1462439114085,5.092466977394416,-0.2377491796035092,-0.2312658766790209,1.1189340366782747,0.1335762908011632,27.50716332378224,41.54727793696275,90.54441260744986,44.985673352435526,,,
235,Snatch,2000,83557872,,100000000,Crime,,,SKA Films,0,0,2586851,69914.8918918919,125147,True,0,0,0,0,0.0,0,107.0,9.4228,7.824,10033,103.0,32.129629629629626,100,True,30.80438756855576,4376,209641,0,0,0,0,,,,tt1345914,53,53,62,True,0,0,,,no_subtitle,tt0208092,False,,,,,,,,,,,,,,,,,,,,,skipped_pre_youtube_era,,,,,,,,,,success,Rotten Tomatoes Classic Trailers,2522110,12337.0,388.0,3031877,26,0.7926120112566364,0.0,0,0.0,0.8706901776653065,0.6050097599808071,0,0.0,0.9591479170272448,0.0,0.4020071877186631,43.305021818889685,50.897744289319945,-7.59272247043026,Underperformer,0,,0,0,0,Crime,0,,256000,12.45293662970407,,,12.45293662970407,1.1861625951930268,0.5733070790348825,-1.9212370331494864,1.5743006530069124,18.241050039565618,0.4358749844923528,63.2422059977556,18.420680753952364,9.68501913518653,1.064136314906026,0.5753467663767801,-1.8504970262976577,1.506281146477909,94.55587392550144,78.51002865329512,2.865329512893983,99.1404011461318,,,
236,"Lock, Stock and Two Smoking Barrels",1998,28356188,,1350000,Comedy,,,The Steve Tisch Company,0,0,1614106,43624.48648648649,91796,True,0,0,0,0,0.0,0,100.0,4.5373,8.095,7238,105.0,48.07037037037037,100,False,,0,0,0,0,13,9,8.1,649801.0,67.0,tt0120735,37,37,55,True,0,0,,,success,tt0120735,True,10374.0,1513.0,6.8565763384005285,18.0,0.0,-0.0056358224649698,0.0823643063650678,1.0,0.0502313284864507,0.2293456708526107,27.13434811383189,0.2609199205823957,6.463551401869159,1.654533421575116,0.9927200529450696,8.107213765718067,463.0,0.3060145406477197,259.0,1.0,skipped_pre_youtube_era,,,,,,,,,,success,Universal Pictures At Home,930392,,0.0,1073392,28,0.7672940879661917,0.0,0,0.0,0.839836556331579,0.9092599541861432,22,0.4737298485009811,0.8746545855739309,0.0,0.4632069120525017,53.56544176879691,42.19120369958702,11.374238069209888,Overperformer,0,,0,0,0,Comedy,0,24.966261808367072,37700,10.537441898283252,-0.8890565726649001,-1.5287889980883351,10.537441898283252,1.873879342820459,-0.5340198202232517,0.2167462036507774,1.2471507279348262,17.160355871190863,0.9180520880695392,75.37766074777178,14.11561589115508,22.68877012091824,1.7322576373834513,-0.5438302684215812,0.357324390473737,1.2791572048488904,99.1404011461318,29.512893982808023,60.17191977077364,98.56733524355302,0.04899472527857609,0.7036530298714458,0.31628626980578306
237,Trainspotting,1996,71981823,,4000000,Drama,,,Figment Films,0,0,3156869,85320.78378378379,136903,True,0,0,0,0,0.0,0,627.0,7.6962,8.0,10441,94.0,15.64074074074074,100,True,27.90437056406425,2677,128955,0,1,23,35,8.1,765284.0,83.0,tt0117951,17,17,38,True,0,0,,,success,tt0117951,True,8269.0,1383.0,5.9790310918293565,14.0,1.0,-0.0081540697592758,0.1403455157651295,1.0,0.0744757772957339,0.2212581344902386,27.590435315757205,0.352340077661966,6.0138181818181815,0.4087471898630697,6.33558144287758,3.065603923973023,442.0,0.3195950831525669,299.0,1.1111111111111112,skipped_pre_youtube_era,,,,,,,,,,success,Rotten Tomatoes Classic Trailers,5355366,29180.0,841.0,5531092,30,0.8033014831237778,0.0,0,0.0,0.8744566126162561,0.2902974308446184,58,0.6160595627143017,0.6949875002403854,0.0,0.4082404072663117,44.350050222121936,50.207926300227626,-5.85787607810569,Underperformer,1,Trainspotting Collection,0,2,0,Drama,1,36.15914862740355,142000,11.863589378812122,-0.245935720923265,-0.5523401379283708,11.863589378812122,0.3987196915241436,0.2326117729024455,0.7770367054397493,0.5514973255445218,18.091924200666423,0.5654196754689733,66.50259253164242,15.201805169084134,12.252315458406954,0.2191395335597978,0.2365989936058266,0.8577510285018518,0.4424174812169472,74.78510028653295,65.90257879656161,82.23495702005731,62.17765042979943,,,
238,Requiem for a Dream,2000,7390108,,4500000,Crime,,,Artisan Entertainment,0,0,4785585,129340.13513513512,173447,True,0,0,0,0,0.0,0,641.0,5.0873,8.011,11041,102.0,36.92592592592592,100,False,,0,0,0,1,37,69,8.3,966708.0,71.0,tt0180093,13,13,31,True,0,0,,,success,tt0180093,True,7163.0,1122.0,6.384135472370766,17.0,2.0,0.0086933404780998,0.1221272975579466,1.0,0.0035650623885918,0.2522281639928699,19.538606403013183,0.2403483992467043,4.571155073388641,0.0,9.651600753295668,2.1186440677966103,436.0,0.3885918003565062,153.0,1.0,skipped_pre_youtube_era,,,,,,,,,,success,requiemtrailer,9693375,44706.0,5321.0,16080715,26,0.8256331520002289,0.0,0,0.0,0.8797362852859245,0.6965534406257676,106,0.7059998658503904,0.6345591536762674,0.0,0.4568115049438808,52.49322186259072,30.07893650004459,22.41428536254613,Strong Overperformer,0,,0,0,0,Crime,0,21.35976546139885,83600,11.33381076072374,-0.6557313540701822,-0.9329437361106224,11.33381076072374,1.592562854333569,-0.0736475473860154,0.8537152886490242,0.3175246710090036,15.815653042477315,0.8777349797669225,74.36295797605548,15.319588176962746,23.734288186846378,1.4926696861559516,-0.1025213755232553,1.0807862651033984,0.5401198632919377,97.42120343839542,48.99713467048711,89.68481375358166,67.0487106017192,0.4101925190868717,1.0037051162233717,0.2199491767791708
239,Dredd,2012,41037742,,50000000,Action,,,Rena Film,0,0,1986016,53676.10810810811,122897,True,33,0,0,0,0.0,0,49049.0,6.0225,6.864,5561,96.0,9.881720430107526,100,False,,0,0,0,0,2,14,7.1,310395.0,60.0,tt1343727,9,9,15,True,0,0,,,success,tt1343727,True,4969.0,902.0,5.508869179600887,17.0,0.0,-0.0074612533315415,0.1262977186804319,1.0,0.0554323725055432,0.1363636363636363,20.174848688634835,0.3779421654337592,5.165280665280665,0.6724949562878278,1.3449899125756557,18.15736381977135,379.0,0.4201773835920177,263.0,1.3333333333333333,success,G-eI5oLlIeY,Rotten Tomatoes Trailers,10.0,76.0,3499.0,329.0,475.0,0.6926315789473684,success,success,Rotten Tomatoes Trailers,4222736,19993.0,3499.0,4612623,14,0.778424255092644,0.1092715231788079,0,0.0,0.8149336350852393,0.1803788846214515,16,0.4280593858001993,0.5536546824812272,0.0,0.3643146621352213,36.985693657391806,44.75224988203894,-7.7665562246471325,Underperformer,0,,0,0,0,Action,0,52.92815455826122,169000,12.037659911047468,1.1501127351309888,1.7919526419469731,12.037659911047468,-0.0167450770698417,0.333240075111037,-0.3287850435895258,0.0042704622543304,17.530002762187795,-0.0024371434886133,52.210746901015554,17.72753358339242,2.131557061105049,0.0444615536426101,0.3146721639595396,-0.2133007570810078,0.1982361620142692,57.306590257879655,69.05444126074498,40.97421203438395,50.71633237822349,1.5329650644066881,1.8916943521594685,0.44839004654366915
240,Edge of Tomorrow,2014,370541256,,178000000,Action,,,RatPac Entertainment,0,0,3726108,100705.62162162164,190398,True,48,0,0,0,0.0,0,137113.0,11.3489,7.64,15138,114.0,4.9753086419753085,100,False,,0,0,0,0,11,38,7.9,802767.0,71.0,tt1631867,9,9,21,True,0,0,,,success,tt1631867,True,8226.0,1346.0,6.1114413075780085,16.0,0.0,-0.0036509336379321,0.1254425640302627,1.0,0.1537890044576523,0.1656760772659732,6.58030022619782,0.266296524778943,4.700571428571428,0.8225375282747275,0.8225375282747275,17.47892247583796,573.0,0.425705794947994,267.0,1.2,success,vw61gCe2oqI,Warner Bros.,10.0,166.0,9856.0,,,,too_many_comments_to_reach_window,success,Warner Bros.,19324769,75233.0,9856.0,19579083,12,0.8122004682602615,0.1589403973509933,0,0.0,0.9095571972189912,0.0867335036652582,49,0.5910526182057242,0.5536546824812272,0.0,0.3924339335442717,41.7000209927316,63.94127304943567,-22.241252056704063,Strong Underperformer,0,,0,0,0,Action,0,32.458059810357405,112000,11.6262630788088,0.1934829546820145,0.4282877036588217,11.6262630788088,-0.1008760615791972,0.0954159917894611,0.4460064882937578,0.0042704622543304,19.73047535142669,0.1238491532002595,55.38912602280563,18.997294113874336,3.0895766652436976,-0.0302926137864307,0.1029706373892933,0.4194763504951228,-0.0359633480333967,50.1432664756447,61.03151862464183,63.03724928366762,36.38968481375358,-0.2511167545773025,0.6137326614037216,0.35866205728151956
241,Blade Runner 2049,2017,259239658,,150000000,Science Fiction,,,Alcon Entertainment,1,0,6852385,185199.5945945946,402537,True,54,0,0,0,0.0,0,335984.0,31.1278,7.6,15227,164.0,5.277777777777778,100,False,,0,0,2,0,100,164,8.0,751317.0,81.0,tt1856101,17,17,38,True,0,0,,,success,tt1856101,True,5309.0,1110.0,4.782882882882883,14.0,1.0,0.0034974259974259,0.1445248336162793,1.0,0.009009009009009,0.1747747747747747,2.993016295310942,0.3731293648154307,4.757168458781362,0.3325573661456601,7.981376787495843,6.651147322913203,508.0,0.4576576576576576,209.0,2.0,success,gCcx85zbxz4,Warner Bros.,10.0,148.0,19436.0,,,,too_many_comments_to_reach_window,success,Warner Bros.,39845935,282267.0,19436.0,55768188,9,0.8449030599734122,0.1788079470198675,0,0.0,0.910111117546472,0.0925065285707962,264,0.8430200737453973,0.6949875002403854,0.0,0.4409239287069743,49.82959541735372,60.81942195748161,-10.989826540127886,Underperformer,1,Blade Runner Collection,1,2,0,Science Fiction,1,39.36711245055566,220000,12.301387370778713,1.5363291434545197,2.588189881777861,12.301387370778713,0.0750535460611073,0.4856980826654656,1.2527751345966327,0.5514973255445218,19.373263516139495,0.6456756518423044,68.52247850812577,18.8261458587272,17.30910321704664,0.1930828039565061,0.4858136027353297,1.2489976659209592,0.5982617863612776,71.63323782234957,75.93123209169055,94.26934097421204,71.06017191977078,-0.43946366736958686,0.5230410259236804,0.45036777901329406
242,The Nice Guys,2016,71261763,,50000000,Comedy,,,Silver Pictures,0,0,2452384,66280.64864864865,159637,True,39,0,0,0,0.0,0,290250.0,8.5424,7.132,8705,116.0,4.630434782608695,100,False,,0,0,0,0,9,34,7.4,410135.0,70.0,tt3799694,20,20,30,True,0,0,,,success,tt3799694,True,11012.0,1867.0,5.898232458489556,16.0,0.0,-0.0066419356992468,0.1093798910581836,1.0,0.044991965720407,0.2346009641135511,21.96958058073437,0.2421262866799815,4.746551724137931,1.0754340144415424,2.9190351820556155,10.754340144415425,658.0,0.3524370648098553,285.0,1.3333333333333333,success,TGic0zh8LA4,Rotten Tomatoes Trailers,10.0,159.0,258.0,88.0,105.0,0.8380952380952381,success,success,Warner Bros.,11831118,41439.0,1421.0,15217973,10,0.7897466246503321,0.1291390728476821,0,0.0,0.8572744265262471,0.0801511283293075,43,0.5717387622237569,0.7320529037964602,0.0,0.3949849543024118,42.12771155121629,49.626831786103736,-7.4991202348874495,Underperformer,0,,0,0,0,Comedy,0,25.880857246640023,76500,11.245059091624617,-0.256979045829891,-0.4196773191537903,11.245059091624617,-0.2286591626474841,-0.1249539325905411,0.256325714769349,0.6950109471234811,18.08187047225601,0.1430203534009217,55.87162764059842,17.72753358339242,5.999242076601647,-0.1135739004117923,-0.1403361279556808,0.3358766246354321,0.8817798508068967,40.11461318051576,47.56446991404012,59.31232091690545,86.53295128939828,-0.3112666586390968,0.5546218487394958,0.6860036550488751
243,Annihilation,2018,43070915,,40000000,Science Fiction,,,Paramount Pictures,0,0,352131,9517.054054054051,13224,True,0,0,0,0,0.0,0,300668.0,8.1579,6.442,9402,115.0,6.201754385964913,100,False,,0,0,0,0,17,63,6.8,391083.0,79.0,tt2798920,1,1,46,True,0,0,,,success,tt2798920,True,5032.0,914.0,5.5054704595186,15.0,1.0,-0.0167888123303878,0.168672418962645,1.0,0.0590809628008752,0.2013129102844639,10.938602681721948,0.3807339449541284,4.629254829806808,0.3528581510232886,4.940014114326042,6.704304869442485,390.0,0.4266958424507658,169.0,1.3333333333333333,success,89OP78l9oF0,Paramount Pictures,10.0,70.0,12701.0,,,,too_many_comments_to_reach_window,success,Paramount Pictures,24559031,110118.0,12701.0,32302471,8,0.6855671281076868,0.0,0,0.0,0.864552406331233,0.1101418484755763,80,0.6639405429970914,0.1666666666666666,0.0,0.317643572068594,29.161067177191068,45.22286361679767,-16.0617964396066,Strong Underperformer,0,,0,0,0,Science Fiction,0,33.58505564387917,329000,12.703816069256568,0.3963769551770407,0.7447110948130921,12.703816069256568,-0.6599896965495737,0.7183377843301274,0.4521161670633562,-1.4941093293802583,17.578358524507877,-0.2928321624226936,44.90207217183383,17.50439003707821,-3.9257785885241887,-0.5108522370912565,0.6946138217562207,0.5639402125413205,-1.2175444608791568,8.882521489971348,82.8080229226361,69.91404011461319,14.899713467048713,0.5458250807701504,1.0779342723004695,0.45494927294849397
244,Sorry to Bother You,2018,18200000,,3200000,Fantasy,,,Cinereach,0,0,1214780,32831.89189189189,58394,True,0,0,0,0,0.0,0,424781.0,4.448,6.778,1768,112.0,4.368421052631579,100,False,,0,0,0,0,20,56,6.9,93665.0,78.0,tt5688932,0,0,0,False,0,0,,,success,tt5688932,True,11102.0,1827.0,6.076628352490421,15.0,1.0,0.0077494056147586,0.1265459563056772,1.0,0.1182266009852216,0.137383689107827,47.93588386511416,0.2721911386662634,5.241737488196412,0.9073037955542114,6.804778466656586,2.2682594888855285,693.0,0.3793103448275862,330.0,1.0,success,8UAYfgd3F0Q,Universal Pictures Ireland,10.0,-145.0,56.0,0.0,3.0,0.0,success,success,Rotten Tomatoes Trailers,5298199,47533.0,2635.0,6174588,8,0.7520377309373122,0.0,0,0.0,0.7066807520215155,0.0751502485379272,76,0.6562889747837393,0.0,0.0,0.2942195437217806,25.2339192958411,38.10627843285525,-12.872359137014149,Underperformer,0,,0,0,0,Fantasy,0,29.724373986669068,57500,10.959557617938565,-0.3594864991902841,-0.5429191636891089,10.959557617938565,-0.427101747089085,-0.2899992633891827,0.4682839603905774,-2.1394263807281715,16.716932206992077,-0.6186378169754705,36.70218099327706,14.978661680269909,-11.08555069324887,-0.2701032878511691,-0.3247027546062889,0.6356319516885722,-1.759644121377626,24.068767908309454,38.39541547277937,72.20630372492836,8.595988538681947,,,
245,Swiss Army Man,2016,5800000,,3000000,Comedy,,,BlackBird,0,0,0,0.0,0,False,0,0,0,0,0.0,0,347031.0,2.746,6.919,3829,97.0,5.673913043478261,100,False,,0,0,0,0,8,31,6.9,139037.0,64.0,tt4034354,0,0,0,False,0,0,,,success,tt4034354,True,6348.0,1081.0,5.872340425531915,17.0,1.0,-0.009304391774327,0.1422722277408666,1.0,0.0721554116558741,0.1887141535615171,9.782001117942986,0.2649524874231414,5.254966887417218,2.515371716042482,6.987143655673561,4.192286193404136,349.0,0.3228492136910268,121.0,1.0,success,yrK1f4TsQfM,A24,10.0,80.0,10189.0,,,,too_many_comments_to_reach_window,success,A24,20414069,94401.0,10189.0,25926794,10,0.0,0.0,0,0.0,0.7796766645812421,0.100067295882752,39,0.5573387110898962,0.0,0.0,0.143708267155389,0.0,28.017896641296403,-28.017896641296403,Strong Underperformer,0,,0,0,0,Comedy,0,19.06112161310649,44400,10.70101727068921,-1.0509486849996954,-1.7041565243001102,10.70101727068921,-4.052019487623352,-0.4394586570155982,0.0108812122670622,-2.1394263807281715,15.573368647930426,-2.076922791939462,0.0,14.914123179965662,-46.84352454457966,-3.914042734975557,-0.4868136016126486,0.2521196821150199,-1.6520850334321215,0.8595988538681949,32.09169054441261,56.73352435530086,10.028653295128938,,,
246,The Lighthouse,2019,18262464,,11000000,Drama,,,RT Features,0,0,3549574,95934.43243243244,302514,True,0,0,0,0,0.0,0,503919.0,6.3514,7.471,5574,109.0,14.303921568627452,100,False,,0,0,0,1,33,139,7.4,301036.0,83.0,tt7984734,6,6,14,True,0,0,,,success,tt7984734,True,4455.0,738.0,6.036585365853658,17.0,1.0,-0.0192708883257663,0.1467363155156235,1.0,0.1382113821138211,0.1476964769647696,11.900468806346916,0.417598269022719,5.367469879518072,1.0818608005769923,2.163721601153985,4.688063469166967,277.0,0.3753387533875338,181.0,1.0833333333333333,success,Hyag7lR8CPA,A24,10.0,79.0,10634.0,,,,too_many_comments_to_reach_window,success,A24,14637637,179732.0,10634.0,18132355,7,0.8095951009092648,0.0,0,0.0,0.8151542491884557,0.2647824626666725,172,0.7785911496632707,0.4678924870096007,0.0,0.394561055034653,42.056642856855206,37.895877067583854,4.160765789271352,As Expected,0,,0,0,0,Drama,0,40.62850729517396,142000,11.863589378812122,0.1594740937062694,0.1958515074488831,11.863589378812122,0.3615172132622133,0.2326117729024455,0.912518218267508,-0.3277923803389092,16.720358418543704,0.370050584817222,61.58553458433032,16.213405921671733,14.01195357162682,0.5332130901057655,0.1969898876522002,1.0795547985371383,0.0663115499759243,88.53868194842407,64.46991404011462,89.39828080229226,41.54727793696275,0.2552876506584807,0.8547230589592959,0.4915605604045319
247,Mandy,2018,1653784,,6000000,Fantasy,,,SpectreVision,0,0,1062764,28723.35135135135,55569,True,0,0,0,0,0.0,0,460885.0,3.2388,6.208,2164,122.0,13.078947368421051,100,False,,0,0,0,0,13,43,6.5,97411.0,83.0,tt6998518,8,8,29,True,0,0,,,success,tt6998518,True,2426.0,511.0,4.747553816046967,20.0,0.0,-0.0071319852141769,0.163097009088075,1.0,0.0391389432485322,0.1154598825831702,9.796533534287867,0.5162019593067069,4.263620386643233,0.0,11.303692539562924,3.7678975131876418,289.0,0.5655577299412916,102.0,1.4,success,rI054ow6KJk,RLJE Films,10.0,77.0,3027.0,675.0,760.0,0.8881578947368421,success,success,RLJE Films,5733042,32032.0,3027.0,5869899,8,0.7448614819353804,0.0,0,0.0,0.7257701441944687,0.2414022042225468,56,0.6108491780538625,0.5283208335737188,0.0,0.3596065323915358,36.19635369099995,16.79937085182206,19.396982839177888,Strong Overperformer,0,,0,0,0,Fantasy,0,42.04451772464963,226000,12.328294703023396,1.453526314831624,2.701660776367612,12.328294703023396,-0.0186290471555489,0.5012529219939521,0.3238752076809247,-0.0938197258033904,14.318577158208512,0.1961243058265004,57.20815027289811,15.607270193858982,12.316284177355271,0.1602557511998633,0.4359805853408016,0.6458111574358686,0.5733370256336356,67.621776504298,73.63896848137536,72.49283667621776,69.34097421203438,-0.1336027232761464,0.654115255858441,0.31696241911182854
248,Hackers,1995,7563728,,20000000,Action,,,Suftley,0,0,1120460,30282.702702702703,47840,True,0,0,0,0,0.0,0,10428.0,5.578,6.4,1486,105.0,22.814814814814813,100,True,30.03344481605351,2990,144374,0,0,0,1,6.2,81209.0,46.0,tt0113243,12,12,35,True,0,0,,,success,tt0113243,True,6292.0,1024.0,6.14453125,17.0,0.0,0.0050076225857475,0.1301983848826183,1.0,0.138671875,0.212890625,7.524454477050414,0.3982944569852019,4.814078041315991,0.0,3.0097817908201656,3.511412089290193,371.0,0.3623046875,390.0,1.0,skipped_pre_youtube_era,,,,,,,,,,success,Screen Junkies,1058883,33744.0,2714.0,1958659,31,0.7476992528141988,0.0,0,0.0,0.6902706187891059,0.4272241562571964,1,0.1047249607948136,0.6167399530235154,0.0,0.3334358194493029,31.80871129393593,29.99331299035225,1.815398303583681,As Expected,0,,0,0,0,Action,0,61.98347107438017,211000,12.259618151783464,0.869353875413975,1.1439502239937829,12.259618151783464,0.4912269331506576,0.4615517464757881,-1.3140264269009048,0.2485304668733391,15.838874880514219,-0.0023961325697236,52.211779065642936,16.811242881518265,0.4636322779788457,0.3174784340684796,0.4377842166205417,-1.0879993745808774,0.3946821599556889,80.22922636103151,73.92550143266476,12.607449856733524,60.17191977077364,,,
249,Empire Records,1995,303841,,10000000,Comedy,,,Regency Enterprises,0,0,989372,26739.783783783783,53432,True,18,0,0,0,0.0,0,13531.0,2.912,6.6,824,90.0,13.655555555555557,100,False,,0,0,0,0,1,1,6.7,68519.0,47.0,tt0112950,14,14,25,True,0,0,,,success,tt0112950,True,6862.0,1112.0,6.170863309352518,21.0,2.0,0.0106620379985666,0.1342137396094541,1.0,0.0800359712230215,0.256294964028777,9.70873786407767,0.2963719979560552,4.755370755370755,2.2994379151762905,8.686765457332651,3.832396525293817,409.0,0.3678057553956834,194.0,1.1,skipped_pre_youtube_era,,,,,,,,,,success,Rotten Tomatoes Classic Trailers,1119521,9898.0,476.0,1564100,31,0.7410203731378393,0.0596026490066225,0,0.0,0.6345980869187781,0.2524075367707196,2,0.1659851357492728,0.6511484326014197,0.0,0.3245782587322492,30.32369982242965,1.7341308945514695,28.58956892787818,Strong Overperformer,0,,0,0,0,Comedy,0,28.27164092101428,36000,10.491301994830229,-0.3566945448795884,-0.5566265299203902,10.491301994830229,-0.0081120051105088,-0.5606928020825168,-1.0542618414058813,0.3817567383688079,12.624263108436244,-0.3304991584882315,43.954067542557205,16.118095750958314,-3.9126340754889375,-0.1525253632549514,-0.6254329854434986,-0.6210343283662222,0.9130880259922892,34.38395415472779,26.93409742120344,23.49570200573066,88.82521489971347,0.708055542416554,1.0537524408800358,0.34886742417294464
250,Dazed and Confused,1993,8259076,,6900000,Comedy,,,Gramercy Pictures,0,0,2809243,75925.48648648648,139046,True,5,0,0,0,0.0,0,9571.0,3.9152,7.313,2280,102.0,27.677777777777777,100,False,,0,0,0,0,1,4,7.6,214746.0,82.0,tt0106677,13,13,36,True,0,0,,,success,tt0106677,True,11122.0,1462.0,7.607387140902873,23.0,1.0,0.002339748309104,0.1021193899014837,1.0,0.1696306429548563,0.2831737346101231,21.917007597895967,0.2264757451782583,4.349628470864294,0.5844535359438924,3.652834599649328,2.6300409117475163,438.0,0.2995896032831737,324.0,1.1666666666666667,skipped_pre_youtube_era,,,,,,,,,,success,Rotten Tomatoes Classic Trailers,3334341,21272.0,801.0,3402163,33,0.7970390645516193,0.0165562913907284,0,0.0,0.7307023938196282,0.5200402587180716,5,0.2707100965440864,0.6345591536762674,0.0,0.3766646323252021,39.0562239072801,30.977577686568367,8.078646220711732,Overperformer,0,,0,0,0,Comedy,0,29.131451177845708,87300,11.377117196515812,-0.5589705742442169,-1.0494974333336502,11.377117196515812,0.9811241266693084,-0.0486125627019352,-0.1567130099880991,0.3175246710090036,15.926823395912004,0.3844189556538888,61.94715837945916,15.747032114495012,9.656243966132983,0.777115680477708,-0.0693349949715518,0.0638263914834416,0.423673831802336,91.69054441260744,51.57593123209169,49.8567335243553,61.03151862464183,,,
251,This Is Spinal Tap,1984,6051884,,2500000,Comedy,,,Spinal Tap Prod.,0,0,2696421,72876.24324324324,473297,True,24,0,0,0,0.0,0,11031.0,2.7779,7.41,1640,82.0,18.2,100,False,,0,0,0,0,3,2,7.9,153607.0,92.0,tt0088258,16,16,42,True,0,0,,,success,tt0088258,True,12020.0,1721.0,6.984311446833236,16.0,0.0,0.0021310054139804,0.0980411560572036,1.0,0.0499709471237652,0.1876815804764671,7.315288953913679,0.2687637161667885,6.253902185223725,1.6093635698610094,5.70592538405267,1.1704462326261889,483.0,0.2806507844276583,343.0,1.0909090909090908,skipped_pre_youtube_era,,,,,,,,,,success,Bleecker Street,1043164,535.0,47.0,1695367,42,0.7948388049799133,0.0794701986754966,0,0.0,0.6995830521469019,0.3391442905555587,5,0.2707100965440864,0.6812438068750566,0.0,0.3659829054756927,37.26538245400306,28.428933851964786,8.836448602038274,Overperformer,1,This Is Spinal Tap Collection,0,2,0,Comedy,1,28.53577371048253,46900,10.75579427616868,-0.7568809509310226,-1.4053964314017966,10.75579427616868,0.4875440028394645,-0.4077926593841474,0.0915671443322472,0.4982830874816588,15.615880351727029,0.2328219080985063,58.13175715614102,14.731801689838347,4.251698749875878,0.1538149334379165,-0.4238197222896035,0.3329637824712151,0.5091000664350648,67.0487106017192,34.67048710601719,58.73925501432665,66.189111747851,0.9694645149399858,2.228393512261054,1.0231866992282623
252,Brazil,1985,9953708,,15000000,Comedy,,,Embassy International Pictures,0,0,1879896,50808.0,74507,True,302,0,0,0,0.0,0,68.0,4.1791,7.66,3722,143.0,14.188888888888888,100,True,18.889465490399584,5781,283631,0,2,9,6,7.8,222497.0,84.0,tt0088846,21,21,62,True,0,0,,,success,tt0088846,True,7582.0,1281.0,5.918813427010148,18.0,2.0,0.0106818099499598,0.162234905185324,1.0,0.1131928181108509,0.2115534738485558,5.985369097761028,0.3234316116160496,4.4943687018375815,0.6650410108623366,3.990246065174019,5.985369097761028,488.0,0.3809523809523809,231.0,2.0,skipped_pre_youtube_era,,,,,,,,,,success,Rotten Tomatoes Classic Trailers,1701357,12404.0,816.0,1807155,41,0.7754765545886746,1.0,0,0.0,0.7769990301072593,0.2625869112980357,15,0.4188998431792545,0.7432386031062163,0.0,0.4752677496868115,55.58749759376474,32.4747259233402,23.112771670424536,Strong Overperformer,0,,0,0,0,Comedy,0,30.46689527829069,775000,13.560619598657231,0.823274614532428,1.3313417696506282,13.560619598657231,0.1881849752000731,1.2136466880413468,0.2657657778310767,0.7383208820984987,16.1134558034947,0.6398766073921387,68.37652789994421,16.52356082573315,14.113965480249137,-0.1353560664176278,1.2029995361657009,0.475000206930437,0.7042498303525335,36.96275071633238,90.83094555873924,67.0487106017192,77.36389684813754,0.5477546031016389,1.10216620217887,0.23053398923565183
253,Repo Man,1984,2300000,,1500000,Comedy,,,Edge City Productions,0,0,9066,245.02702702702703,1162,True,0,0,0,0,0.0,0,13820.0,2.5953,6.652,674,92.0,6.977777777777778,100,True,29.77420589360888,2613,147041,0,0,2,3,6.8,42647.0,82.0,tt0087995,9,9,16,True,0,0,,,success,tt0087995,True,7374.0,1144.0,6.445804195804196,18.0,0.0,-0.0072297409272933,0.0941076309720019,1.0,0.125,0.2482517482517482,31.09836788707543,0.3056903396559329,4.975708502024292,2.205558006175562,4.190560211733568,6.616674018526688,399.0,0.3487762237762238,257.0,1.0,skipped_pre_youtube_era,,,,,,,,,,success,Spamanator 666,888411,3888.0,388.0,1228577,42,0.4891384568487828,0.0,0,0.0,0.6156348748257678,0.1249532848766162,5,0.2707100965440864,0.5536546824812272,0.0,0.2543229852425263,18.545074713467063,19.983037804812028,-1.4379630913449652,As Expected,1,The Repo Collection,0,2,0,Comedy,1,34.85218334689449,46900,10.75579427616868,-0.2920370702895436,-0.5453867805712416,10.75579427616868,-1.5846410711522585,-0.4077926593841474,-0.3235251020648265,0.0042704622543304,14.648420115681892,-0.7457301303260923,33.50351600835943,14.220976332738882,-19.20839391645862,-1.9095415216137053,-0.4361507332615539,-0.0197700141815845,0.131009974899464,1.7191977077363898,34.38395415472779,46.99140401146132,44.69914040114613,,,
254,Withnail and I,1987,1544889,,0,Comedy,,,Handmade Films,0,0,903149,24409.43243243244,40181,True,0,0,0,0,0.0,0,13446.0,1.9288,7.241,629,108.0,26.46296296296296,100,True,11.81190104747047,4487,188587,0,0,1,1,7.5,50595.0,84.0,tt0094336,12,12,63,True,0,0,,,success,tt0094336,True,10190.0,1306.0,7.802450229709035,19.0,0.0,-0.0109641945749053,0.0862726842299624,1.0,0.1018376722817764,0.2090352220520673,8.317449315543234,0.3391093398024605,5.408704883227176,2.5992029111072603,3.119043493328713,6.58464737480506,344.0,0.2633996937212863,300.0,1.0,skipped_pre_youtube_era,,,,,,,,,,success,Arrow Video,434433,2334.0,226.0,566311,39,0.7361258328564978,0.0,0,0.0,0.6091151064465347,0.4968539056280737,2,0.1659851357492728,0.6167399530235154,0.0,0.3360945766560392,32.25446437179534,19.239750644740184,13.01471372705516,Overperformer,0,,0,0,0,Comedy,0,29.44062806673209,15300,9.635673464721814,-0.9035924643575548,-1.6862392593123292,9.635673464721814,0.62024793935748,-1.0553224513423547,-0.3190140898509401,0.2485304668733391,14.250463268368323,-0.0584824595013018,50.80019589936796,0.0,-0.7763428734935687,0.3431651201562574,-1.0916389766833754,0.0101199206074598,0.4671503789559043,81.9484240687679,11.461318051575931,48.13753581661891,63.89684813753582,,,
255,A Clockwork Orange,1971,27033812,,2200000,Science Fiction,,,Polaris Productions Limited,0,0,4269364,115388.2162162162,159797,True,0,0,0,0,0.0,0,185.0,11.6556,8.176,13876,137.0,42.18888888888889,100,False,,0,0,0,4,12,26,8.2,930482.0,77.0,tt0066921,2,2,45,True,0,0,,,no_subtitle,tt0066921,False,,,,,,,,,,,,,,,,,,,,,skipped_pre_youtube_era,,,,,,,,,,success,Warner Bros. Entertainment,2865032,20660.0,1218.0,5785158,55,0.8195061232904229,0.0,0,0.0,0.901331857850105,0.7970040739821299,38,0.5535135401551698,0.2641604167868594,0.0,0.415502213535511,45.56752599881684,41.67418764680613,3.893338352010709,As Expected,0,,0,0,0,Science Fiction,0,,94900,11.4605895219503,,,11.4605895219503,1.8305733659045929,-0.0003581092800365,0.554437653138262,-1.116623053265781,17.11259897378663,0.5391108886449792,65.84045181682664,14.603968372873895,7.315459152230886,1.2917130087567017,0.0151984643261108,0.7005394869637109,-1.4766638019679563,96.56160458452722,55.30085959885387,76.21776504297995,11.74785100286533,,,
256,Eraserhead,1977,7000000,,100000,Horror,,,AFI,0,0,2481223,67060.08108108108,431668,True,0,0,0,0,0.0,0,985.0,3.843,7.342,2749,89.0,24.1925925925926,100,False,,0,0,0,0,3,2,7.2,142551.0,87.0,tt0074486,12,12,20,True,0,0,,,success,tt0074486,True,712.0,112.0,6.357142857142857,22.0,0.0,0.0070073527662813,0.198433586371106,1.0,0.1339285714285714,0.2053571428571428,17.3697270471464,0.5483870967741935,5.235294117647059,0.0,17.3697270471464,0.0,43.0,0.3839285714285714,39.0,1.0,skipped_pre_youtube_era,,,,,,,,,,success,WesleySe7en,1783634,12003.0,977.0,2397107,49,0.7903741764815861,0.0,0,0.0,0.7483725052017668,0.4535208737860963,5,0.2707100965440864,0.6167399530235154,0.0,0.3670091781518637,37.43744186693751,30.3418667781896,7.095575088747907,Overperformer,0,,0,0,0,Horror,0,54.7752808988764,113000,11.635151947212842,0.6766749719354541,0.940332210378674,11.635151947212842,0.7708804440757094,0.1005545509962835,-0.1538941142935287,0.2485304668733391,15.76142084987672,0.3302222807298879,60.58313405880565,11.51293546492023,4.99933120149506,0.3327224497532574,0.0931169573963014,0.0787555927559039,0.1387831321480979,81.08882521489971,60.45845272206304,50.429799426934096,45.845272206303726,0.38361614069413946,0.8939620220139756,0.9455189149591253
257,Harold and Maude,1971,0,,1200000,Comedy,,,Paramount Pictures,0,0,966441,26120.027027027027,98180,True,0,0,0,0,0.0,0,343.0,2.6263,7.59,1214,92.0,19.4925925925926,100,False,,0,0,0,0,3,3,7.8,85774.0,62.0,tt0067185,7,7,15,True,0,0,,,success,tt0067185,True,6007.0,1005.0,5.9771144278606965,16.0,0.0,0.0049264969414223,0.1434516523548173,1.0,0.0736318407960199,0.1771144278606965,3.054367745876604,0.4196701282834453,4.935907970419064,1.5271838729383018,6.719609040928527,8.246792913866829,415.0,0.4129353233830846,230.0,1.3333333333333333,skipped_pre_youtube_era,,,,,,,,,,success,W. David Lindholm,1371921,6548.0,642.0,1586720,55,0.7397616091539286,0.0,0,0.0,0.671180220728475,0.3638151357641234,6,0.2940001341496096,0.5,0.0,0.3308518708950065,31.37550023645773,,,,0,,0,0,0,Comedy,0,38.28866322623606,23300,10.056251557087757,0.5237145712864576,0.8809810259001067,10.056251557087757,0.2830368867497641,-0.812190780304014,-0.3168171435203265,-0.2034752266844336,0.0,-0.2304220427814454,46.4728128337828,13.997832948091215,8.610226498731826,-0.0996613773368946,-1.014747197643062,0.9322914117627704,1.4869412498127257,40.40114613180516,14.326647564469914,83.3810888252149,98.8538681948424,0.5772752137710517,1.1993822256359876,0.5354997909148859
258,John Carter,2012,284100000,,263700000,Action,,,Walt Disney Pictures,0,0,2350078,63515.62162162162,157054,True,14,0,0,0,0.0,0,49529.0,8.0609,6.372,6139,132.0,2.876344086021505,100,False,,0,0,0,0,2,8,6.6,294974.0,51.0,tt0401729,0,0,0,False,0,0,,,success,tt0401729,True,6561.0,1279.0,5.129788897576232,15.0,3.0,-0.0227519960709952,0.1805750981036639,1.0,0.1641907740422205,0.1164972634870993,2.737476047084588,0.3807829181494662,5.117784711388455,0.2737476047084587,9.3074185600876,13.139885026006022,553.0,0.4323690383111806,262.0,2.0,success,d7kiDhU6FLU,OffficialTrailers,10.0,-119.0,0.0,0.0,0.0,0.0,success,success,Disney UK,9799343,11129.0,2696.0,13505007,14,0.7874592785621704,0.0463576158940397,0,0.0,0.8242764822148732,0.0466719792878542,10,0.3622888406341296,0.0,0.0,0.2854513475155237,23.76389020243168,61.51831432454131,-37.754424122109626,Strong Underperformer,0,,0,0,0,Action,0,39.93293705227861,32500,10.389026137075234,1.4430522800152843,2.374790242932164,10.389026137075234,-0.3292367769479905,-0.6198173752693087,-0.6759419811018647,-2.1394263807281715,19.464836850344305,-0.9848139600989426,27.48624356604708,19.390322655115703,-24.929138933492958,-0.2856865958137457,-0.6137243655053459,-0.685169026133992,-2.1772953976994347,22.349570200573066,27.50716332378224,21.48997134670487,2.865329512893983,,,
259,The Lone Ranger,2013,260502115,,215000000,Action,,,Walt Disney Pictures,0,0,1102925,29808.783783783783,50955,True,0,0,0,0,0.0,0,57201.0,5.1766,6.126,6176,149.0,3.971264367816092,100,False,,0,0,0,2,6,23,6.4,252056.0,37.0,tt1210819,4,4,24,True,0,0,,,no_subtitle,tt1210819,False,,,,,,,,,,,,,,,,,,,,,success,1DU-qZP014I,Rotten Tomatoes Trailers,10.0,272.0,0.0,,,,comments_disabled,success,Rotten Tomatoes Trailers,1998252,4113.0,0.0,2734972,13,0.746852554104502,0.0,0,0.0,0.8248442307616551,0.0675699860864946,29,0.5138739252495418,0.3869880158145604,0.0,0.3286981266121256,31.014414936685363,60.79216399019643,-29.777749053511062,Strong Underperformer,0,,0,0,0,Action,0,,15400,9.642187721358466,,,9.642187721358466,-0.4727838708069793,-1.0515566296545626,-0.6014673759744414,-0.6410465890935825,19.378121541965395,-0.7486385153187552,33.43031764574071,19.186148590743095,-18.66207386210228,-0.4137136799847597,-1.047530935636362,-0.6051956858076947,-0.6537930432480024,12.893982808022924,12.320916905444127,24.355300859598856,20.34383954154728,0.18277220646851877,0.8381048835917871,0.2597306974204347
260,Cutthroat Island,1995,16000000,,102000000,Action,,,Carolco Pictures,0,0,666111,18003.0,25320,True,29,0,0,0,0.0,0,1408.0,3.2473,5.806,624,124.0,20.61851851851852,100,False,,0,0,0,0,0,1,5.7,32861.0,37.0,tt0112760,0,0,0,False,0,0,,,success,tt0112760,True,6099.0,1011.0,6.032640949554896,16.0,0.0,-0.0005813781778173,0.107527066807729,1.0,0.2166172106824926,0.1543026706231454,1.854304635761589,0.3411920529801324,4.365783822476736,0.0,4.768211920529802,8.47682119205298,436.0,0.4312561819980217,266.0,1.1666666666666667,skipped_pre_youtube_era,,,,,,,,,,success,Film Trailer Channel,221658,1191.0,273.0,369486,31,0.7197844871183787,0.0960264900662251,0,0.0,0.6083621211105221,0.3853049264329017,1,0.1047249607948136,0.0,0.0,0.263398747264122,20.06666865397281,36.29356746462503,-16.226898810652216,Strong Underperformer,0,,0,0,0,Action,0,43.61370716510904,12800,9.45727857185611,0.6327884013745964,1.0622569328505256,9.45727857185611,0.2423306575912364,-1.1584506199142102,-1.56825718847077,-2.1394263807281715,16.588099342704055,-1.1640022013989726,22.976425953599207,18.440483381052463,-29.67636309755244,0.0617450637832681,-1.1726687184651965,-1.3905220185785243,-2.083047884233113,59.31232091690545,8.595988538681947,7.4498567335243555,4.297994269340974,,,
261,Heaven's Gate,1980,3484331,,44000000,Drama,,,United Artists,0,0,35363,955.7567567567568,1363,True,13,0,0,0,0.0,0,10935.0,2.8898,6.739,415,217.0,21.785185185185185,100,False,,0,0,0,1,2,9,6.7,18740.0,57.0,tt0080855,0,0,0,False,0,0,,,no_subtitle,tt0080855,False,,,,,,,,,,,,,,,,,,,,,skipped_pre_youtube_era,,,,,,,,,,success,Amazon MGM Studios,189782,799.0,106.0,302560,46,0.5621975364170136,0.043046357615894,0,0.0,0.5698946893722946,0.4075723082114057,11,0.3754350573389001,0.0,0.0,0.2520343485372521,18.161374068333583,22.993374352684185,-4.832000284350599,As Expected,0,,0,0,0,Drama,0,,37600,10.534785924769006,,,10.534785924769006,-0.4717654468366604,-0.535555209941531,-0.5448846251059156,-2.1394263807281715,15.063786905181399,-0.9781125004316744,27.654906200477143,17.599700214609808,-26.431683918847494,-0.8593710877890941,-0.5547708658151411,-0.2675400602931442,-2.1213855576156093,4.011461318051576,28.939828080229223,38.10888252148997,4.011461318051576,0.4998246115785916,1.0099721929235785,0.2504854196427734
262,Waterworld,1995,264218220,,175000000,Adventure,,,Gordon Company,0,0,2250192,60816.0,88359,True,44,0,0,0,0.0,0,9804.0,5.919,6.236,4101,135.0,33.8962962962963,100,False,,0,0,0,1,6,9,6.3,222867.0,56.0,tt0114898,16,16,48,True,0,0,,,success,tt0114898,True,6314.0,1014.0,6.226824457593688,19.0,0.0,-0.0161334263318252,0.1460810965211118,1.0,0.2386587771203155,0.2100591715976331,5.766062602965404,0.3061504667764964,4.145764937623112,0.8237232289950577,1.6474464579901154,7.962657880285557,393.0,0.3875739644970414,199.0,1.3333333333333333,skipped_pre_youtube_era,,,,,,,,,,success,Rotten Tomatoes Classic Trailers,3181377,9073.0,933.0,3367024,31,0.7851278690684731,0.1456953642384106,0,0.0,0.7861602383620611,0.6387289381025417,15,0.4188998431792545,0.6812438068750566,0.0,0.4240983928894271,47.00871566259337,60.95739894627201,-13.94868328367864,Underperformer,0,,0,0,0,Adventure,0,31.517263224580297,60600,11.01206667357142,0.1328348756380414,0.2455929084163442,11.01206667357142,1.2394169378990971,-0.2596443431677244,-0.5092567538383597,0.4982830874816588,19.392285914366305,0.3708452147165368,61.6055338649154,18.980296537602072,5.566862724415792,1.0332415640094608,-0.2381209671916377,-0.5122677488917605,0.2186597513223342,93.98280802292264,41.26074498567336,28.36676217765043,51.862464183381086,,,
263,Ishtar,1987,14375181,,51000000,Comedy,,,Columbia Pictures,0,0,771951,20863.54054054054,38533,True,21,0,0,0,0.0,0,12704.0,1.4368,4.584,166,107.0,12.955555555555556,100,False,,0,0,0,0,1,3,4.7,12345.0,51.0,tt0093278,2,2,77,True,0,0,,,no_subtitle,tt0093278,False,,,,,,,,,,,,,,,,,,,,,skipped_pre_youtube_era,,,,,,,,,,success,Sony Pictures Entertainment,128901,1529.0,286.0,139000,39,0.7277001412859394,0.0695364238410596,0,0.0,0.4836461145064323,0.2390471077036173,4,0.2431638287054553,0.2641604167868594,0.0,0.2754954174115303,22.09473196731176,35.48279533843041,-13.388063371118648,Underperformer,0,,0,0,0,Comedy,0,,31800,10.367253014814716,,,10.367253014814716,-0.1091517415781215,-0.6324041830346445,-1.3637139893561625,-1.116623053265781,16.481013805437104,-0.8452540694871808,30.99869308899529,17.747336210296442,-23.27109769112116,-0.4065895893218285,-0.6402906581045327,-1.1783519587534572,-1.1652710454864097,13.46704871060172,25.787965616045845,10.31518624641834,16.332378223495702,,,
264,Battlefield Earth,2000,29725663,,44000000,Science Fiction,,,Franchise Pictures,0,0,994028,26865.62162162162,39247,True,32,0,0,0,0.0,0,5491.0,2.6422,3.346,940,119.0,17.022222222222222,100,False,,0,0,0,0,19,3,2.5,85609.0,9.0,tt0185183,8,8,47,True,0,0,,,success,tt0185183,True,6435.0,958.0,6.717118997912317,17.0,0.0,-0.0042566370071589,0.1390777919673679,1.0,0.0981210855949895,0.1367432150313152,3.661971830985915,0.3577464788732394,5.615183246073299,0.5633802816901409,1.6901408450704227,13.80281690140845,348.0,0.3632567849686847,167.0,1.2,skipped_pre_youtube_era,,,,,,,,,,success,Rotten Tomatoes Classic Trailers,1118698,1901.0,852.0,1166205,26,0.7412723915134025,0.1059602649006622,0,0.0,0.6470303730483072,0.3166648384744024,22,0.4737298485009811,0.5283208335737188,0.0,0.3554250941524877,35.495316018130694,41.92872585921072,-6.433409841080021,Underperformer,0,,0,0,0,Science Fiction,0,25.95182595182596,33800,10.428245666832275,-0.3570714242481452,-0.5524878888073058,10.428245666832275,0.164616658322618,-0.5971449870012329,-2.11256991223761,-0.0938197258033904,17.207521338390873,-0.6915865811140866,34.86620325873482,17.599700214609808,-17.443061531352356,0.0520219088896703,-0.6082784030895179,-1.975212958073372,-0.0380002762497513,58.73925501432665,27.793696275071632,0.5730659025787965,35.816618911174785,0.5831168140195988,1.1987394957983193,0.4236515223383141
265,The Adventures of Pluto Nash,2002,7103973,,100000000,Action,,,Village Roadshow Pictures,0,0,409611,11070.567567567568,18612,True,0,0,0,0,0.0,0,11692.0,1.4404,4.406,537,95.0,1.548148148148148,100,False,,0,0,0,0,1,12,3.9,27418.0,12.0,tt0180052,8,8,18,True,0,0,,,no_subtitle,tt0180052,False,,,,,,,,,,,,,,,,,,,,,skipped_pre_youtube_era,,,,,,,,,,success,Rotten Tomatoes Classic Trailers,301394,2022.0,378.0,314526,24,0.6936835241555118,0.0,0,0.0,0.5941973501043034,0.0213215969804678,13,0.3987250949444232,0.5283208335737188,0.0,0.2929931923913937,25.02831576097452,29.12570678920838,-4.0973910282338615,As Expected,0,,0,0,0,Action,0,,2420,7.791935956938058,,,8.194104962229963,-0.8571958167555658,-1.888677695680953,-1.9136171539197813,-0.0938197258033904,15.776164903737536,-1.3236964337490678,18.95723442387755,18.420680753952364,-31.187180651409196,-0.9272712660242256,-1.9199789573241932,-1.684182080278175,0.1629714038961808,3.7249283667621778,0.2865329512893982,4.584527220630372,47.27793696275072,0.29080803373140446,0.9365157480314961,0.24920556292682333
266,Mars Needs Moms,2011,39000000,,150000000,Adventure,,,Walt Disney Pictures,0,1,595413,16092.243243243243,34025,True,0,0,0,0,0.0,0,50321.0,3.5195,6.0,787,88.0,3.383838383838384,100,False,,0,0,0,0,0,2,5.4,24948.0,49.0,tt1305591,6,6,20,True,0,0,,,success,tt1305591,True,6069.0,935.0,6.490909090909091,17.0,0.0,-0.0157579437793341,0.1584484741873968,1.0,0.2983957219251337,0.2374331550802139,0.0,0.2854705715098095,4.188405797101449,0.5686664771111742,6.539664486778505,4.833665055444982,305.0,0.3262032085561497,170.0,1.25,success,JWYVQzG0rYk,Disney UK,10.0,105.0,88.0,33.0,50.0,0.66,success,success,Disney UK,400358,1668.0,88.0,471286,15,0.7137617294993788,0.0,0,0.0,0.6302619649601816,0.0563581815277704,2,0.1659851357492728,0.4678924870096007,0.0,0.2748021228245583,21.97849788801221,44.08825541323222,-22.109757525220008,Strong Underperformer,0,,0,0,1,Adventure,0,28.01120448179272,11000,9.305741456739437,-0.3866401595132245,-0.7037427220835584,9.305741456739437,-0.6651343018172441,-1.2460525960784576,-1.3941365884737753,-0.3277923803389092,17.479072229734946,-1.0083315271269864,26.89435239497737,18.8261458587272,-23.34162958529296,-0.6181915850566146,-1.26430759162417,-1.2752789606402388,-0.1424563127027932,6.59025787965616,5.444126074498568,8.595988538681947,28.939828080229223,-0.015013392556585688,0.7736465809195225,0.2918779615150949
267,Gigli,2003,7266209,,75600000,Comedy,,,Casey Silver Productions,0,0,674793,18237.64864864865,31385,True,0,0,0,0,0.0,0,8046.0,1.8744,4.025,496,122.0,10.648148148148149,100,False,,0,0,0,0,12,13,2.7,51524.0,18.0,tt0299930,2,2,2,True,0,0,,,success,tt0299930,True,11721.0,2040.0,5.745588235294117,17.0,0.0,0.0028416130438189,0.1554389129386209,1.0,0.0431372549019607,0.2098039215686274,17.572118904671257,0.2461560989896031,5.495077355836849,0.8786059452335627,4.978767022990189,2.050080538878313,679.0,0.3328431372549019,214.0,1.125,skipped_pre_youtube_era,,,,,,,,,,success,sonysloba,944244,1198.0,,1903634,23,0.7204796021846425,0.0,0,0.0,0.5867065402463036,0.1950071748527984,25,0.4922533652007107,0.2641604167868594,0.0,0.2979086701455957,25.852418590873267,29.37967675957665,-3.527258168703387,As Expected,0,,0,0,0,Comedy,0,18.2578278303899,17700,9.781376414141157,-0.8944305360440223,-1.4261480905769852,9.781376414141157,-0.2621290993692693,-0.9710931436096149,-1.780199980805898,-1.116623053265781,15.798745393079741,-1.1004990574603974,24.574675899590225,18.140966854377275,-25.378716109274,-0.317681924593191,-1.0030686635574182,-1.5523109230110146,-0.8478053468391752,18.624641833810887,15.18624641833811,6.017191977077363,18.624641833810887,,,
268,Catwoman,2004,82102379,,100000000,Action,,,Village Roadshow Pictures,0,0,1114545,30122.83783783784,44434,True,53,0,0,0,0.0,0,314.0,4.9579,4.617,3600,104.0,5.574074074074074,100,False,,0,0,0,0,13,8,3.4,131602.0,27.0,tt0327554,0,0,26,True,0,0,,,success,tt0327554,True,5282.0,796.0,6.635678391959799,17.0,0.0,-0.0019902068897043,0.1338189624303356,1.0,0.0653266331658291,0.2248743718592964,1.6761649346295675,0.3556821991283942,4.771454381210479,0.3352329869259135,8.045591686221924,9.051290646999664,268.0,0.3366834170854271,179.0,1.0,skipped_pre_youtube_era,,,,,,,,,,success,DC,289469,1509.0,137.0,386251,22,0.7474151300307971,0.1754966887417218,0,0.0,0.7738504872391584,0.0981617366415274,21,0.4670138014289433,0.0,0.0,0.3009352974112945,26.35984680425065,50.742528692325465,-24.382681888074814,Strong Underperformer,0,,0,0,0,Action,0,33.88867853085952,220000,12.301387370778713,-0.3866400923116628,-0.7182896942267842,12.301387370778713,-0.3883783490517862,0.4856980826654656,-1.5439530785885465,-2.1394263807281715,18.22347756304024,-0.9712636710614492,27.82727784213401,18.420680753952364,-24.83554088973854,-0.4513295357499162,0.4836655407876715,-1.472442710142608,-2.146411507770696,11.74785100286533,75.64469914040114,7.163323782234957,3.43839541547278,-0.18126038821497883,0.6886821648136943,0.2986475069428276
269,The 13th Warrior,1999,61698899,,120000000,Adventure,,,Touchstone Pictures,0,0,1154868,31212.64864864865,49125,True,42,0,0,0,0.0,0,1911.0,5.5005,6.688,2059,103.0,9.644444444444444,100,False,,0,0,0,0,2,2,6.6,137391.0,42.0,tt0120657,20,20,9,True,0,0,,,success,tt0120657,True,3744.0,707.0,5.295615275813296,16.0,0.0,-0.0119905868137834,0.110346371578088,1.0,0.1499292786421499,0.1216407355021216,1.4720314033366044,0.4224730127576055,4.610837438423645,0.4906771344455348,3.434739941118744,14.229636898920509,337.0,0.4766619519094767,190.0,1.0,skipped_pre_youtube_era,,,,,,,,,,success,Film Trailer Channel,487144,2272.0,215.0,1041080,27,0.7493228464120499,0.1390728476821192,0,0.0,0.7210721771878902,0.1758501575131966,4,0.2431638287054553,0.7320529037964602,0.0,0.3509857607709221,34.751041018719974,48.18343017502929,-13.432389156309313,Underperformer,0,,0,0,0,Adventure,0,50.74786324786325,14600,9.588845298501564,0.9396139306394424,1.6107599495256812,9.588845298501564,-0.1716772716049899,-1.0823933105037111,-1.0066046355164704,0.6950109471234811,17.93777666051572,-0.4277069751155578,41.50753689795153,18.603002309079653,-11.901753703248955,-0.3056646954023396,-1.0832570076106969,-0.916226320438064,0.6485979060865033,19.77077363896848,12.034383954154729,16.9054441260745,74.21203438395415,0.2865976672016354,0.9099976702568606,0.22282818182379224
270,Sahara,2005,119269486,,130000000,Action,,,Baldwin Entertainment Group,0,0,777294,21007.945945945947,34938,True,206,0,0,0,0.0,0,7364.0,5.0072,5.915,1657,124.0,3.911111111111111,100,False,,0,0,0,0,2,5,6.1,108721.0,41.0,tt0318649,18,18,28,True,0,0,,,success,tt0318649,True,7762.0,1204.0,6.446843853820598,17.0,1.0,-0.0023430949058758,0.1269859688765427,1.0,0.0813953488372093,0.2250830564784053,4.468085106382979,0.3131914893617021,4.727161997563947,0.2127659574468085,1.9148936170212765,11.48936170212766,416.0,0.3455149501661129,267.0,1.0,success,VvA4Tbjk8tk,Paramount Movies,9.0,-2593.0,,,,,comment_count_unknown,success,Paramount Movies,2021979,,,2115457,21,0.7280703915846044,0.6821192052980133,0,0.0,0.7005569836015161,0.0664218813445488,7,0.3141748823844408,0.7079879189072642,0.0,0.3927401654704992,41.75136220708126,53.98975258031919,-12.238390373237934,Underperformer,0,,0,0,0,Action,0,34.39835094047926,67600,11.121378054821047,-0.3254097152087136,-0.6031546421487263,11.121378054821047,-0.5680412030431001,-0.1964526095298095,-1.0184668464288833,0.6018336765869136,18.596896087380177,-0.3742609450385342,42.85266895576999,18.683045016112164,-10.042741968010262,-0.6196713601448084,-0.1946877141346618,-0.971116049569405,0.5648371877421686,6.303724928366762,43.83954154727794,14.899713467048713,68.48137535816619,0.4102716964182998,0.9769812511059308,0.2403622306718392
271,Final Fantasy: The Spirits Within,2001,85131830,,137000000,Action,,,Chris Lee Productions,0,1,753174,20356.054054054053,31711,True,31,0,0,0,0.0,0,2114.0,3.2747,6.201,1611,106.0,7.307407407407408,100,False,,0,0,0,0,3,11,6.4,86028.0,49.0,tt0173840,15,15,36,True,0,0,,,success,tt0173840,True,6416.0,932.0,6.884120171673819,21.0,0.0,0.0080711278854108,0.1190501333115873,1.0,0.0761802575107296,0.177038626609442,4.122011541632316,0.3462489694971146,5.785392245266006,0.5496015388843088,2.1984061555372354,7.144820005496015,303.0,0.3251072961373391,195.0,1.2857142857142856,skipped_pre_youtube_era,,,,,,,,,,success,TrailersPlaygroundHD,691885,2209.0,436.0,1026492,25,0.7263783243050966,0.1026490066225165,0,0.0,0.6978981162517763,0.1312447038553046,14,0.4091489644547281,0.6666666666666667,0.0,0.3460364106461186,33.92125932750522,51.00121939861549,-17.07996007111027,Strong Underperformer,0,,0,0,1,Action,0,30.3927680798005,12000,9.39274525863144,-0.2542889350365265,-0.5128113241305534,9.39274525863144,-0.4033459098351367,-1.1957566341045611,-0.6514903867341701,0.441841824663479,18.259711565910393,-0.5031180848494868,39.609586740145865,18.73549149109167,-13.751845150229537,-0.5108138033352675,-1.1944411552087617,-0.5820437957275144,0.3863184708742287,9.169054441260744,8.022922636103152,25.787965616045845,59.02578796561605,0.3050527677421556,0.8980172423525162,0.2384300616940938
272,Speed Racer,2008,93900000,,120000000,Family,,,Warner Bros. Pictures,0,0,1225944,33133.62162162162,89414,True,0,0,0,0,0.0,0,7459.0,6.4582,6.367,1788,135.0,3.482905982905983,100,True,26.55915747901925,6077,242788,0,0,1,12,6.1,82621.0,37.0,tt0811080,8,8,58,True,0,0,,,success,tt0811080,True,10429.0,1450.0,7.192413793103448,20.0,0.0,0.0011332230987403,0.1314641675350286,1.0,0.113103448275862,0.1620689655172413,1.2616306576249805,0.3125689954265889,5.483175604626709,0.9462229932187352,4.100299637281186,4.100299637281186,464.0,0.32,291.0,1.0769230769230769,success,YMcGjlj6MB8,BASS movies,10.0,-1941.0,2.0,0.0,0.0,0.0,success,success,Rotten Tomatoes Classic Trailers,1524652,10118.0,0.0,1795546,18,0.752528789190285,0.0,0,0.0,0.7077431483677534,0.0582490181423286,13,0.3987250949444232,0.5283208335737188,0.0,0.3198095673408794,29.52420641262179,51.892924881932,-22.368718469310213,Strong Underperformer,0,,0,0,0,Family,0,27.90296289193595,106000,11.571203807011967,-0.6177253804028022,-1.0845221125130742,11.571203807011967,-0.4697978206516394,0.0635868190362824,-1.0072047491376004,-0.0938197258033904,18.357740954828117,-0.4449702707485723,41.07305350702241,18.603002309079653,-10.878729527251224,-0.4750595014810275,0.0594173106900184,-0.944710725579976,-0.0579636743865989,10.028653295128938,58.45272206303726,15.472779369627506,34.38395415472779,,,
273,Jupiter Ascending,2015,184000000,,176000000,Science Fiction,,,Warner Bros. Pictures,0,0,2737,76.02777777777777,228,True,0,0,0,0,0.0,0,76757.0,6.4847,5.468,7138,127.0,3.353333333333333,100,False,,0,0,0,0,4,16,5.3,200972.0,40.0,tt1617661,0,0,11,True,0,0,,,success,tt1617661,True,8459.0,1175.0,7.199148936170213,18.0,0.0,0.004118275688989,0.138995305462491,1.0,0.0663829787234042,0.1863829787234042,4.591167468299082,0.3541757761259291,5.825757575757576,1.0931351114997814,6.340183646698732,8.089199825098381,360.0,0.3063829787234042,246.0,1.0588235294117647,success,t4ZzMkDLjWI,Rotten Tomatoes Trailers,10.0,131.0,2175.0,191.0,227.0,0.8414096916299559,success,success,Rotten Tomatoes Trailers,7373424,20855.0,2175.0,13808507,11,0.4248632592695652,0.0,0,0.0,0.8385220385480566,0.0557759521513974,20,0.4599852698988825,0.0,0.0,0.2204009779137467,12.857891568024982,57.76020221143466,-44.90231064340968,Strong Underperformer,0,,0,0,0,Science Fiction,0,29.081451708239747,24300,10.098272780745283,-0.6532754111836571,-1.1821212141080215,10.098272780745283,-2.084761611500999,-0.787898762929888,-0.9512503910591544,-2.1394263807281715,19.030446321008043,-1.7299567532704745,8.732456665449766,18.985994558684244,-42.50356326135729,-1.9930613212607449,-0.7902285794079871,-0.93275015040541,-2.081049459943804,1.146131805157593,20.916905444126076,15.759312320916903,4.584527220630372,-0.05284630407337038,0.7559760956175299,0.45338935690750254
274,Tomorrowland,2015,209200000,,190000000,Adventure,,,Walt Disney Pictures,0,0,2054309,55521.86486486487,130331,True,0,0,0,0,0.0,0,158852.0,9.3301,6.293,7382,130.0,6.333333333333333,100,False,,0,0,0,0,2,19,6.4,198340.0,60.0,tt1964418,18,18,29,True,0,0,,,success,tt1964418,True,7789.0,1293.0,6.023975251353441,16.0,0.0,-0.00500753865023,0.1148412224759543,1.0,0.0788863109048723,0.2482598607888631,2.506265664160401,0.3226247436773752,4.976996805111821,2.050580997949419,2.27842333105491,4.329004329004329,480.0,0.37122969837587,246.0,1.2,success,lWZ7O-RrATY,Rotten Tomatoes Trailers,10.0,70.0,0.0,,,,comments_disabled,success,Rotten Tomatoes Trailers,11333042,51055.0,0.0,12290315,11,0.7802390611738996,0.0,0,0.0,0.8416979048401428,0.1126532073227759,21,0.4670138014289433,0.7079879189072642,0.0,0.3689830954846925,37.768378337676246,58.87902797479617,-21.110649637119927,Strong Underperformer,0,,0,0,0,Adventure,0,31.58300166902041,55200,10.918736348043124,-0.0922880465364545,-0.1516402026428047,10.918736348043124,-0.1885851174310363,-0.313597600401349,-0.4492407520444859,0.6018336765869136,19.158801294935156,-0.1096209801286765,49.51313934182462,19.06253463538792,-1.877861288367285,-0.0980561385394542,-0.314291435851153,-0.4390137374033999,0.6448309122584429,40.68767908309456,39.25501432664756,32.09169054441261,73.92550143266476,,,
275,The Golden Compass,2007,372234864,,180000000,Adventure,,,Depth of Field,0,0,1342031,36271.10810810811,58860,True,0,0,0,0,0.0,0,2268.0,5.776,6.086,4850,113.0,2.792682926829268,100,False,,0,0,1,0,7,32,6.1,199671.0,51.0,tt0385752,4,4,166,True,0,0,,,success,tt0385752,True,7686.0,1339.0,5.740104555638537,17.0,2.0,-0.0124250158604154,0.1375519452760808,1.0,0.0918595967139656,0.1553398058252427,0.2334812047630166,0.3009572729395283,5.18273769386379,0.7004436142890498,3.969180480971282,7.004436142890498,608.0,0.4540702016430172,184.0,1.2,success,LHYoOGfBObU,Rotten Tomatoes Classic Trailers,10.0,-3222.0,363.0,2.0,2.0,1.0,success,success,phil1197,1998226,15323.0,206.0,3055242,19,0.757385225973999,0.0,0,0.0,0.8020087122397642,0.0450751950263407,39,0.5573387110898962,0.3869880158145604,0.0,0.330618108611856,31.33630889663257,63.97937512878278,-32.643066232150204,Strong Underperformer,0,,0,0,0,Adventure,0,23.939630497007546,10300,9.239996256883693,-0.0213077227142406,0.2149795166705491,9.239996256883693,-0.4811183975550376,-1.2840591888939688,-0.39064045676477,-0.6410465890935825,19.73503557054199,-0.751027148790852,33.37020041246697,19.00846741441004,-20.46286841661955,-0.5136773503224927,-1.2697119740604506,-0.4168305251566327,-0.7849522449901155,8.595988538681947,5.157593123209169,33.2378223495702,19.197707736389685,,,
276,Pan,2015,128388320,,150000000,Fantasy,,,Moving Picture Company,0,0,760193,20545.75675675676,32179,True,0,0,0,0,0.0,0,266647.0,3.9942,5.959,2858,111.0,11.486666666666666,100,False,,0,0,0,0,0,8,5.7,69251.0,36.0,tt3332064,0,0,33,True,0,0,,,success,tt3332064,True,6104.0,1224.0,4.9869281045751634,14.0,2.0,-0.0112546948331262,0.1645802044879451,1.0,0.2026143790849673,0.1552287581699346,0.5662514156285391,0.3275764439411098,4.673813169984686,0.0,5.096262740656852,10.475651189127973,535.0,0.4370915032679738,239.0,1.3333333333333333,success,UHl8F60t-ss,Rotten Tomatoes Trailers,10.0,302.0,0.0,,,,comments_disabled,success,Rotten Tomatoes Trailers,8993051,34622.0,0.0,17316690,11,0.7268762479019755,0.0,0,0.0,0.7520457821946076,0.2110114136929676,8,0.3319702714985457,0.0,0.0,0.2748779963190071,21.991218434135344,54.61261351756679,-32.62139508343144,Strong Underperformer,0,,0,0,0,Fantasy,0,39.15465268676277,2240000,14.621986870259695,0.6697980002598095,1.165580099303452,14.621986870259695,-0.1880182813465035,1.8272116906273148,-1.3091793623111667,-2.1394263807281715,18.670569987139285,-0.4990074282024292,39.71304392913956,18.8261458587272,-11.088447551686052,-0.0930339170958526,1.8202949786302625,-1.2674829948879685,-2.0379285389142283,40.97421203438395,93.98280802292264,8.882521489971348,5.157593123209169,0.22743768684248797,0.9004690333118547,0.2455085091649465
277,King Arthur: Legend of the Sword,2017,149175066,,175000000,Action,,,Village Roadshow Pictures,0,0,1724584,46610.37837837838,71557,True,0,0,0,0,0.0,0,274857.0,10.6689,6.6,6077,126.0,10.317460317460318,100,False,,0,0,0,0,0,13,6.7,247723.0,41.0,tt1972591,8,8,37,True,0,0,,,success,tt1972591,True,7237.0,1222.0,5.922258592471358,21.0,0.0,-0.0116549177478704,0.1169585185778292,1.0,0.1121112929623567,0.1783960720130933,1.991040318566451,0.3098556495769039,5.5541059094397545,1.4932802389248383,2.73768043802887,6.968641114982578,520.0,0.425531914893617,203.0,1.0,success,jIM4-HLtUM0,Warner Bros.,10.0,78.0,3700.0,1296.0,1410.0,0.9191489361702128,success,success,Warner Bros.,14701478,70485.0,6467.0,31670066,9,0.770847840804568,0.0,0,0.0,0.8233174057390589,0.1886955587024288,13,0.3987250949444232,0.5283208335737188,0.0,0.3480754574568766,34.26311505975935,55.90804008241835,-21.644925022659,Strong Underperformer,0,,0,0,0,Action,0,28.05029708442725,5110,8.53915035876828,-0.214923616860817,-0.1896156975202204,8.53915035876828,-0.0317385439848403,-1.6892106635953767,-0.909290240046446,-0.0938197258033904,18.820631120509237,-0.6995820620940767,34.66497263845559,18.980296537602072,-15.881133167323648,0.0913337954277062,-1.6961388605487868,-0.8774473305545982,0.0191619759032534,62.75071633237822,3.151862464183381,17.765042979942695,39.82808022922636,0.03878727794196748,0.7477897916164148,0.2822715384957673
278,Valerian and the City of a Thousand Planets,2017,225973340,,177200000,Adventure,,,Belga Films,0,0,1811019,48946.45945945946,138203,True,37,0,0,0,0.0,0,339964.0,7.5349,6.64,8036,137.0,3.976190476190476,100,False,,0,0,0,0,0,11,6.4,208185.0,51.0,tt2239822,1,1,18,True,0,0,,,success,tt2239822,True,9946.0,1605.0,6.1968847352024925,20.0,0.0,0.010704287923914,0.1394637397344625,1.0,0.0641744548286604,0.1750778816199377,1.038421599169263,0.3094496365524403,5.382034632034632,1.3845621322256838,7.615091727241261,6.5766701280719975,602.0,0.3750778816199377,317.0,1.1111111111111112,success,NNrK7xVG3PM,Rotten Tomatoes Trailers,10.0,250.0,6220.0,,,,too_many_comments_to_reach_window,success,Rotten Tomatoes Trailers,11250177,66882.0,6220.0,15171211,9,0.7734729152507347,0.1225165562913907,0,0.0,0.8497185984270665,0.0676640074029415,11,0.3754350573389001,0.1666666666666666,0.0,0.3128946716628434,28.36489181866344,59.57386941818598,-31.208977599522537,Strong Underperformer,0,,0,0,0,Adventure,0,31.872109390709834,11700,9.367429587218956,-0.1646819557979625,-0.2590158137925711,9.367429587218956,-0.3418654917713726,-1.2103913514274485,-0.8660403116908675,-1.4941093293802583,19.23592759010172,-1.0285733704616409,26.38490478325499,18.9927896017786,-24.662645859459296,-0.2225829662866722,-1.2120262813995806,-0.8609656796570393,-1.4308890723250145,29.22636103151863,7.4498567335243555,18.624641833810887,12.607449856733524,-0.16808642440001642,0.6424624718272925,0.42219544409488247
279,Ben-Hur,2016,94061311,,100000000,Action,,,Metro-Goldwyn-Mayer,0,0,821811,22211.108108108107,44302,True,29,0,0,0,0.0,0,271969.0,4.3409,5.774,1790,125.0,2.891304347826087,100,False,,0,0,0,0,2,3,5.7,49275.0,38.0,tt2638144,2,2,19,True,0,0,,,success,tt2638144,True,7501.0,1475.0,5.085423728813559,18.0,0.0,-0.0062424731577273,0.1578529743080759,1.0,0.2366101694915254,0.127457627118644,0.2373042240151874,0.3023255813953488,4.41235294117647,0.0,5.695301376364499,18.27242524916944,706.0,0.4786440677966102,233.0,1.0,success,df2VrzS1HCs,Rotten Tomatoes Trailers,10.0,63.0,1879.0,558.0,724.0,0.7707182320441989,success,success,Rotten Tomatoes Trailers,9300817,23397.0,4053.0,13569352,10,0.7310598311604752,0.0960264900662251,0,0.0,0.7078487340320084,0.0469575157402333,5,0.2707100965440864,0.2641604167868594,0.0,0.2847822915490363,23.651719841194343,51.94362228277652,-28.29190244158217,Strong Underperformer,0,,0,0,0,Action,0,31.06252499666711,69300,11.146214615088311,0.1511677638127696,0.4997600584255235,11.146214615088311,-0.6053144038724955,-0.1820948612061753,-1.234566427945273,-1.116623053265781,18.359457382927378,-0.8737660283211776,30.281102843217678,18.420680753952364,-19.92645177071948,-0.4927622783650847,-0.1939390018651588,-1.1729076120111632,-0.963115028743897,9.742120343839542,44.12607449856733,10.601719197707736,17.478510028653297,0.2838794776730874,0.793357027375487,0.3592652970625752
280,Monster Trucks,2016,64493915,,125000000,Action,,,Nickelodeon Movies,0,0,3964,107.13513513513512,254,True,0,0,0,0,0.0,0,262841.0,3.3186,6.09,929,104.0,3.4565217391304346,100,False,,0,0,0,0,0,2,5.7,19739.0,41.0,tt3095734,2,2,15,True,0,0,,,success,tt3095734,True,5534.0,982.0,5.635437881873727,15.0,0.0,-0.0120228945076195,0.160250650825988,1.0,0.1619144602851323,0.1914460285132382,0.3133813851457223,0.3209025383892196,4.791341991341992,0.6267627702914447,2.5070510811657787,2.193669696020057,369.0,0.3757637474541752,142.0,1.1666666666666667,success,wQGawWqJdfs,Rotten Tomatoes Trailers,10.0,202.0,2569.0,811.0,1034.0,0.7843326885880078,success,success,Paramount Movies,129541701,216917.0,1381.0,135207825,10,0.4447391796948872,0.0,0,0.0,0.6459191996293896,0.0577454398316824,2,0.1659851357492728,0.2641604167868594,0.0,0.2023288551386979,9.828015680891994,48.56681249357126,-38.73879681267927,Strong Underperformer,0,,0,0,0,Action,0,25.659559089266352,18100,9.803722464346553,-0.3496141915779889,-0.5081826971112634,9.803722464346553,-1.98194338175022,-0.9581751323623308,-1.436359739619392,-1.116623053265781,17.982081451735667,-1.6152280322582988,11.619954209487778,18.643824303266577,-38.13194227553407,-1.865947488561693,-0.9748292141172892,-1.3503768458956715,-0.9178972797676204,2.292263610315186,16.6189111747851,8.022922636103152,17.765042979942695,,,
281,A Wrinkle in Time,2018,132675864,,103000000,Adventure,,,Whitaker Entertainment,0,0,815335,22036.08108108108,46092,True,17,0,0,0,0.0,0,407451.0,1.9219,5.057,1865,109.0,2.833333333333333,100,False,,0,0,0,0,5,17,4.3,48970.0,53.0,tt1620680,5,5,26,True,0,0,,,success,tt1620680,True,6755.0,1433.0,4.713886950453594,13.0,0.0,0.0014942063441714,0.1914685860688402,1.0,0.1193300767620376,0.1535240753663642,0.0,0.2861594391067255,4.2087227414330215,1.5580368735393406,12.983640612827836,2.077382498052454,727.0,0.5073272854152129,172.0,1.6666666666666663,success,mTY6syC5ZBg,Rotten Tomatoes Trailers,10.0,44.0,0.0,,,,comments_disabled,success,KinoCheck.com,3663302,21441.0,2684.0,4724179,8,0.7306351623665985,0.0562913907284768,0,0.0,0.7117253711077147,0.0458510619872642,22,0.4737298485009811,0.430827083453526,0.0,0.317969508051116,29.21571186871318,54.97603840641179,-25.76032653769861,Strong Underperformer,0,,0,0,0,Adventure,0,25.46262028127313,14000,9.546884034617923,0.8195081583939509,1.6675657137296622,9.546884034617923,-0.610351846720303,-1.1066506657775412,-0.9667060507108538,-0.4713060019178684,18.703419606347953,-0.8707794554725952,30.35626904126548,18.450239555902648,-19.830023487882084,-0.4714812025850707,-1.1160348756387204,-0.9273987478516422,-0.3295476363672128,10.888252148997136,10.601719197707736,16.332378223495702,24.355300859598856,0.1599174781968419,0.8710847975553858,0.34968686910560143
282,Cats,2019,77276321,,95000000,Fantasy,,,Universal Pictures,0,0,1617165,43707.16216216216,102811,True,0,0,0,0,0.0,0,536869.0,4.5939,4.095,1045,110.0,6.8431372549019605,100,False,,0,0,0,0,11,8,2.8,58683.0,32.0,tt5697572,2,2,165,True,0,0,,,success,tt5697572,True,4984.0,830.0,6.004819277108433,13.0,0.0,-0.0007171108677132,0.1292534360587109,1.0,0.0373493975903614,0.1060240963855421,0.3620564808110065,0.3960897900072411,12.681933842239186,0.3620564808110065,4.706734250543085,0.724112961622013,127.0,0.1530120481927711,148.0,1.0,success,FtSd844cI7U,Universal Pictures,10.0,153.0,96236.0,,,,too_many_comments_to_reach_window,success,Universal Pictures,18429109,140552.0,96236.0,28852691,7,0.7673957210586454,0.0,0,0.0,0.657027014380566,0.1223834917974163,19,0.4526137502950825,0.2641604167868594,0.0,0.3030976115377216,26.722368878365486,50.21743557151751,-23.495066693152022,Strong Underperformer,0,,0,0,0,Fantasy,0,29.69502407704655,8090000,15.90613941264406,-1.4005173048998243,-2.7449593099935683,15.90613941264406,-0.2256588871863225,2.5695664617512106,-1.6464751981284305,-1.116623053265781,18.162898153568243,-0.1650801278594391,48.11734104952061,18.36938746009113,-1.1980175971500486,-0.0671269969873765,2.552330834289479,-1.5724187096694668,-0.895366393365518,44.985673352435526,96.56160458452722,5.730659025787966,18.33810888252149,-0.27858670788047846,0.6116053297566518,0.40705951389400746
283,The Happening,2008,163403799,,60000000,Thriller,,,20th Century Fox,0,0,2120857,57320.45945945946,161950,True,0,0,0,0,0.0,0,8645.0,5.3539,5.401,3973,90.0,2.7777777777777777,100,False,,0,0,0,0,3,10,5.0,225925.0,34.0,tt0949731,12,12,22,True,0,0,,,success,tt0949731,True,6549.0,917.0,7.141766630316249,18.0,0.0,-0.0082180148701413,0.1052597769356186,1.0,0.0828789531079607,0.2519083969465648,1.0629816635663034,0.3234121711400478,5.578364565587735,1.860217911241031,7.972362476747276,3.986181238373638,241.0,0.2628135223555071,196.0,1.25,success,1I9ZQVK8gV8,20th Century Studios,10.0,68.0,717.0,2.0,2.0,1.0,success,success,20th Century Studios,2575142,8459.0,717.0,3103794,18,0.7819503645999153,0.0,0,0.0,0.7831644717848745,0.0447907104740021,13,0.3987250949444232,0.6167399530235154,0.0,0.3407320959426646,33.03196616489185,56.92139011507024,-23.88942395017839,Strong Underperformer,0,,0,0,0,Thriller,0,29.92823331806383,44000,10.691967639914864,-0.6002473839648291,-1.2100265130954182,10.691967639914864,-0.3612983537578839,-0.444690151219372,-1.2309137067722196,0.2485304668733391,18.911734995933717,-0.5100327689405995,39.435557663949965,17.909855136853043,-13.185138958435267,-0.3716155418854341,-0.441798587342974,-1.204127827367508,0.2180061230011152,14.613180515759314,33.5243553008596,10.028653295128938,51.57593123209169,0.5739412574146724,1.4247550421155661,0.42631626831468256
284,Green Lantern,2011,219851172,,200000000,Adventure,,,De Line Pictures,0,0,1216431,32876.51351351351,102175,True,0,0,0,0,0.0,0,44912.0,5.8122,5.187,7679,114.0,5.126262626262626,100,False,,0,0,0,0,3,6,5.5,307536.0,39.0,tt1133985,2,2,19,True,0,0,,,success,tt1133985,True,6381.0,1007.0,6.336643495531281,17.0,0.0,-0.0183511764277287,0.1644978189220176,1.0,0.0566037735849056,0.153922542204568,3.844041735310269,0.3561230093355299,5.200488997555012,0.8237232289950577,1.6474464579901154,8.511806699615597,377.0,0.3743793445878848,187.0,1.5,success,NPgEZxjtt-I,Movieclips,10.0,-14.0,10.0,0.0,0.0,0.0,success,success,moviemaniacsDE,3638330,7319.0,2251.0,6340256,15,0.7521106352661299,0.0,0,0.0,0.8454249032275433,0.0896146608073542,9,0.3478887895002689,0.2641604167868594,0.0,0.3051310040854286,27.063276646980217,59.30767208040433,-32.24439543342412,Strong Underperformer,0,,0,0,0,Adventure,0,29.305751449616047,188000,12.144202560946876,0.1734612894852039,0.2929302897594837,12.144202560946876,-0.3881408791916696,0.3948312349386325,-1.11704302191853,-1.116623053265781,19.208461389032852,-0.619308736060749,36.68529527195202,19.11382792951231,-15.638817305316472,-0.3569798114515692,0.3986186096150278,-1.1096546028032932,-1.1385049834507837,16.045845272206304,72.20630372492836,12.320916905444127,16.6189111747851,0.37703575500066955,1.19778852137284,0.4615161776701689
285,R.I.P.D.,2013,61600000,,130000000,Fantasy,,,Universal Pictures,0,0,772061,20866.51351351352,59519,True,0,0,0,0,0.0,0,49524.0,3.795,5.859,4306,96.0,6.82183908045977,100,False,,0,0,0,0,0,0,5.6,150302.0,25.0,tt0790736,0,0,0,False,0,0,,,success,tt0790736,True,6699.0,1011.0,6.626112759643917,18.0,0.0,-0.0054419615992316,0.109295113861771,1.0,0.0979228486646884,0.1810089020771513,14.8870636550308,0.3408624229979466,4.861393323657475,1.7967145790554415,4.876796714579056,7.4435318275154,396.0,0.3916913946587537,313.0,1.3333333333333333,success,nt59JjtWFSU,Universal Pictures,10.0,89.0,804.0,83.0,124.0,0.6693548387096774,success,success,Universal Pictures,2070090,10467.0,804.0,3310970,13,0.7277077896867234,0.0,0,0.0,0.7907686738189421,0.1219769878704254,0,0.0,0.0,0.0,0.2368161241062814,15.609967583200762,48.15365915927888,-32.54369157607811,Strong Underperformer,1,R.I.P.D. Collection,0,2,0,Fantasy,1,46.72339155097776,13800,9.53249633228804,0.7678327207042202,1.1587175446560298,9.53249633228804,-0.4215540886997556,-1.1149680417259369,-1.8934476778446263,-2.1394263807281715,17.936172444737515,-1.4805962668854562,15.008372457629225,18.683045016112164,-35.342954574906315,-0.3493253011351129,-1.1293210773717028,-1.80423396591494,-1.979396335572953,17.478510028653297,9.455587392550145,3.43839541547278,5.730659025787966,-0.4336553481166792,0.55858580864325,0.46841289779987005
286,47 Ronin,2013,151783839,,175000000,Drama,,,Mid Atlantic Films,0,0,1435451,38795.97297297297,94156,True,0,0,0,0,0.0,0,64686.0,5.8621,6.209,4162,119.0,4.752873563218391,100,False,,0,0,0,0,0,5,6.2,178763.0,28.0,tt1335975,11,11,24,True,0,0,,,success,tt1335975,True,3669.0,680.0,5.395588235294118,15.0,0.0,-0.0175060846016728,0.1768339797037523,1.0,0.1,0.0867647058823529,0.5274261603375527,0.4113924050632911,6.282534246575342,0.0,10.021097046413503,10.021097046413503,282.0,0.4147058823529412,117.0,1.2,success,j8cKdDkkIYY,Rotten Tomatoes Trailers,10.0,134.0,8949.0,,,,too_many_comments_to_reach_window,success,Rotten Tomatoes Trailers,19851819,61003.0,8949.0,20728597,13,0.7609975053770692,0.0,0,0.0,0.787555169616967,0.0824880349627337,5,0.2707100965440864,0.5974937501201928,0.0,0.3260242061998119,30.56611967650888,56.06117433781776,-25.495054661308888,Strong Underperformer,1,47 Ronin Collection,0,2,0,Drama,1,31.88879803761243,16500,9.711176264112805,0.1198745932903133,0.2886475142348883,9.711176264112805,-0.3635389376793895,-1.011675095198013,-1.3757938783343189,0.1740110494300442,18.837967961396,-0.7115546909707031,34.36364498334063,18.980296537602072,-17.076544437655137,-0.2995395415479444,-1.014534066285809,-1.3447061423465894,0.2259866058651548,20.63037249283668,14.613180515759314,8.30945558739255,52.14899713467048,-0.34602544065680946,0.6150971351488815,0.456081296607549
288,Terminator: Dark Fate,2019,261119292,,185000000,Science Fiction,,,20th Century Fox,1,0,3766259,101790.7837837838,164090,True,45,0,0,0,0.0,0,290859.0,9.4029,6.4,5704,128.0,5.294117647058823,100,False,,0,0,0,0,1,12,6.2,210760.0,54.0,tt6450804,7,7,22,True,0,0,,,success,tt6450804,True,5226.0,1123.0,4.653606411398041,16.0,1.0,-0.0022933606415351,0.2292767599197325,1.0,0.1246660730186999,0.1469278717720391,14.285714285714285,0.3574750830564784,4.402695871946083,0.6644518272425249,1.6611295681063123,22.591362126245848,552.0,0.4915405164737311,213.0,2.0,success,oxy8udgWRmo,Paramount Pictures,7.0,53.0,24207.0,,,,too_many_comments_to_reach_window,success,Paramount Pictures,23857934,245998.0,50364.0,46278839,7,0.8127757896895897,0.1490066225165563,0,0.0,0.8173325177524177,0.0928183966629321,13,0.3987250949444232,0.5,0.0,0.3583434211255508,35.98458718104365,60.84235753271716,-24.85777035167351,Strong Underperformer,1,The Terminator Collection,5,6,0,Science Fiction,1,40.75774971297359,28700,10.264687244346277,1.74836287867218,2.9974875760174844,10.264687244346277,-0.0818125395158461,-0.6916963516424878,-0.735434981679557,-0.2034752266844336,19.38048792216895,-0.4470708556353182,41.02018589333325,19.035866388448003,-9.765337196509492,0.0656081590373486,-0.6934128784357252,-0.7398592488791516,-0.128111995490147,60.17191977077364,24.355300859598856,20.63037249283668,30.945558739255013,,,
289,Solo: A Star Wars Story,2018,392952373,,250000000,Science Fiction,,,Lucasfilm Ltd.,0,0,2214625,59854.72972972973,122638,True,46,0,0,0,0.0,0,348350.0,7.316,6.6,9301,135.0,6.649122807017544,100,False,,0,0,0,1,6,26,6.9,406107.0,62.0,tt3778644,8,8,25,True,0,0,,,success,tt3778644,True,10028.0,1925.0,5.209350649350649,18.0,3.0,-0.0017054554392216,0.1390508862779058,1.0,0.1355844155844155,0.1464935064935064,2.9219663114472327,0.2834307322103815,5.08777270421106,1.0312822275696114,3.093846682708835,6.359573736679271,882.0,0.4581818181818182,306.0,2.0,success,MYV3CzllHRs,Rotten Tomatoes Trailers,10.0,35.0,1270.0,972.0,981.0,0.9908256880733946,success,success,Star Wars,20925628,229961.0,29160.0,35493499,8,0.7842726413870829,0.152317880794702,0,0.0,0.8635318762175869,0.1186804685560552,32,0.5282739763834025,0.5283208335737188,0.0,0.3759670318299631,38.939267922325485,64.39376514988601,-25.454497227560523,Strong Underperformer,0,,0,0,0,Science Fiction,0,30.5145592341444,28100,10.24356044187724,1.180075337058797,2.0849996324532385,10.24356044187724,-0.1527003581945151,-0.7039095288888307,-0.0932590935234095,-0.0938197258033904,19.789198976739314,-0.2691730228260164,45.497526447596286,19.33697147982652,-5.999777609936281,-0.0237380616657892,-0.6994546611005296,-0.1239365980798489,-0.0821610697358882,51.00286532951289,24.068767908309454,44.12607449856733,32.95128939828081,0.3142352701088224,0.9241810867598155,0.34249740746174556
290,Babylon,2022,65267446,,78000000,Drama,,,Paramount Pictures,0,0,4828138,130490.2162162162,516774,True,115,0,0,0,0.0,0,615777.0,10.7869,7.347,3797,189.0,10.984848484848484,100,False,,0,0,0,3,45,158,7.1,204188.0,61.0,tt10640346,0,0,8,True,0,0,,,success,tt10640346,True,14273.0,2217.0,6.437979251240415,20.0,1.0,0.0047361194305856,0.1442380074844602,1.0,0.1763644564727108,0.2286874154262516,27.18537614248887,0.2458401687368174,4.63258682246024,1.0546051089758612,8.788375908132176,5.507382235762831,738.0,0.3328822733423545,439.0,1.3333333333333333,success,5muQK7CuFtY,Paramount Pictures,10.0,23.0,3852.0,1077.0,1665.0,0.6468468468468469,success,success,Paramount Pictures,9290524,60951.0,3852.0,9566229,4,0.826108345520491,0.3807947019867549,0,0.0,0.7788837986008783,0.2014335476604474,203,0.8034944431390993,0.0,0.0,0.3816823182428162,39.89746241369262,48.76404332536114,-8.866580911668521,Underperformer,0,,0,0,0,Drama,0,30.757374062916,306000,12.631343648903034,-0.1492606977077271,-0.3298186239670152,12.631343648903034,0.2735060579233805,0.6764422577095527,0.5949795550822814,-2.1394263807281715,17.994003955398732,-0.0917351325866274,49.96329114683972,18.17221939747438,1.50672465095888,0.4777652538401081,0.6541677551498525,0.6796505435977771,-1.853735950898958,86.53295128939828,81.08882521489971,74.49856733524355,7.736389684813753,-0.7378337764033489,0.4430143650174489,0.681701002434957
291,Amsterdam,2022,31245810,,80000000,Mystery,,,DreamCrew,0,0,2595389,70145.64864864865,183058,True,239,0,0,0,0.0,0,664469.0,3.4591,6.068,1837,134.0,11.363636363636363,100,False,,0,0,0,0,2,12,6.2,107510.0,49.0,tt10304142,0,0,6,True,0,0,,,success,tt10304142,True,17375.0,2976.0,5.838373655913978,15.0,0.0,0.0111483871564516,0.1286563341933119,1.0,0.0362903225806451,0.1401209677419354,2.51994960100798,0.2304703905921881,5.592211136144191,0.4199916001679966,7.664846703065939,7.664846703065939,1114.0,0.3743279569892473,353.0,1.125,success,GLs2xxM0e78,20th Century Studios,9.0,82.0,6344.0,,,,too_many_comments_to_reach_window,success,20th Century Studios,9846378,111135.0,6344.0,9855809,4,0.7927888869026116,0.7913907284768212,0,0.0,0.7102966308951597,0.2086632170690526,14,0.4091489644547281,0.0,0.0,0.3705077314700985,38.02399068971353,42.25273699420293,-4.228746304489405,As Expected,0,,0,0,0,Mystery,0,20.31654676258993,219000,12.296831574998258,-0.6203983418912965,-0.9045754021307378,12.296831574998258,0.1292504672945884,0.4830644261314786,-0.7368532859251197,-2.1394263807281715,17.25739587716145,-0.5624461364413913,38.11641570369716,18.197537205138158,-9.450742033088808,0.3402316263356522,0.4514012976041604,-0.6047036144450842,-1.7654744683225556,81.37535816618912,74.49856733524355,24.64183381088825,8.30945558739255,-0.8107117374189422,0.4608846294039927,0.5509885507595444
292,Strange World,2022,73621640,,180000000,Animation,,,Walt Disney Animation Studios,0,1,1799614,48638.21621621621,175507,True,0,0,0,0,0.0,0,877269.0,3.7341,6.2,1427,102.0,8.0,100,False,,0,0,0,0,0,9,5.7,49541.0,65.0,tt10298840,12,12,33,True,0,0,,,success,tt10298840,True,7501.0,1384.0,5.419797687861272,16.0,1.0,-0.0041910772673055,0.1246022413861939,1.0,0.0505780346820809,0.1921965317919075,0.0,0.2797605341929541,5.183828610919143,0.9210223347916188,7.82868984572876,8.058945429426664,541.0,0.3908959537572254,169.0,1.0,success,bKh2G73gCCs,Walt Disney Animation Studios,10.0,62.0,11624.0,,,,too_many_comments_to_reach_window,success,Walt Disney Animation Studios,18335908,60470.0,11622.0,22766966,4,0.7731338038961603,0.0,0,0.0,0.6864447443737711,0.1444637527206387,9,0.3478887895002689,0.6167399530235154,0.0,0.3341804847410515,31.933557912096862,49.66493161305695,-17.731373700960084,Strong Underperformer,0,,0,0,1,Animation,0,22.53032928942808,60500,11.010415172807951,-0.5977182155542523,-0.8433296464153119,11.010415172807951,-0.138564808510042,-0.2605990579938925,-0.8685138391836026,0.2485304668733391,18.114449575805278,-0.2836068586497849,45.134255026765615,19.00846741441004,-3.4677421166320883,0.0645952533586338,-0.2813383902060982,-0.7916062727574145,0.5197889221682035,59.885386819484246,40.11461318051576,19.484240687679083,66.4756446991404,,,
293,The Marvels,2023,206136825,,274800000,Science Fiction,,,Marvel Studios,1,0,12088246,326709.35135135136,4164812,True,0,0,0,0,0.0,0,609681.0,8.114,5.938,3425,105.0,4.012711864406779,100,False,,0,0,0,0,5,13,5.5,161921.0,50.0,tt10676048,1,1,39,True,0,0,,,success,tt10676048,True,7147.0,1374.0,5.201601164483261,14.0,0.0,-0.006306838075397,0.1418214519348636,1.0,0.0836972343522561,0.1717612809315866,3.927344133529701,0.3136966126656848,4.720607661822985,0.0,3.681885125184094,4.66372115856652,557.0,0.4053857350800582,217.0,1.0,success,wS_qbDztgVY,Marvel Entertainment,10.0,109.0,33443.0,,,,too_many_comments_to_reach_window,success,Marvel Entertainment,26396995,293118.0,33442.0,49160159,3,0.8753728661091796,0.0,0,0.0,0.769142710642241,0.0683610665696501,18,0.4448640423045896,0.1666666666666666,0.0,0.3199780218401507,29.552448597105275,58.67681201947863,-29.12436342237336,Strong Underperformer,1,Captain Marvel Collection,1,2,0,Science Fiction,1,30.36238981390793,168000,12.031725210748633,-0.2138206708748476,-0.2527486831913632,12.031725210748633,0.1601761435875877,0.3298092887078493,-0.7598171885887086,-1.4941093293802583,19.14405071015158,-0.4347899074095025,41.329273343517045,19.43155412195148,-8.2976159653401,0.3686691995727478,0.3212309364364143,-0.7493639866351651,-1.331487018470244,83.3810888252149,69.62750716332378,20.05730659025788,13.18051575931232,-1.7823982955470634,0.11483156543109391,2.081036514045349
294,Mortal Engines,2018,83869818,,100000000,Adventure,,,Scholastic Productions,0,0,479032,12946.81081081081,39392,True,0,0,0,0,0.0,0,428078.0,5.1753,6.229,5182,128.0,3.763157894736842,100,False,,0,0,0,0,3,2,6.1,151648.0,44.0,tt1571234,0,0,0,False,0,0,,,success,tt1571234,True,6458.0,1323.0,4.881330309901738,14.0,0.0,-0.0276592455163883,0.1581682177197175,1.0,0.1443688586545729,0.1360544217687075,1.585204755614267,0.3540290620871862,4.354686446392448,0.5284015852047556,2.113606340819022,11.624834874504623,667.0,0.5041572184429327,265.0,1.3333333333333333,success,IRsFc2gguEg,Universal Pictures,10.0,174.0,12045.0,,,,too_many_comments_to_reach_window,success,Universal Pictures,29645265,149062.0,12045.0,42636667,8,0.7020873599262868,0.0,0,0.0,0.808264478170846,0.0635979978408087,5,0.2707100965440864,0.0,0.0,0.2546747292408315,18.60404623951159,50.93065861913706,-32.32661237962547,Strong Underperformer,0,,0,0,0,Adventure,0,41.03437596779189,22100,10.003378135350925,1.0541224922496022,1.9256048469143745,10.003378135350925,-0.7031167462848452,-0.8427563366506952,-1.050400991809234,-2.1394263807281715,18.24477638085644,-1.2782462791670766,20.101125932244667,18.420680753952364,-29.53138322946028,-0.5600607246876143,-0.8579863006163176,-0.9815314604864748,-1.942712697347748,7.4498567335243555,19.197707736389685,14.613180515759314,6.59025787965616,-0.26375879867869517,0.5174477209830837,0.5562104475247125
295,Robin Hood,2018,86493046,,100000000,Adventure,,,Appian Way,0,0,1249754,33777.13513513513,60490,True,0,0,0,0,0.0,0,375588.0,6.9776,5.909,3159,116.0,13.692982456140353,100,False,,0,0,0,0,0,4,5.4,85987.0,32.0,tt4532826,0,0,94,True,0,0,,,success,tt4532826,True,7369.0,1370.0,5.378832116788321,14.0,0.0,-0.0113259105047426,0.1447960007019445,1.0,0.1408759124087591,0.1160583941605839,4.592700024172105,0.318346627991298,5.586808188021228,0.7251631617113851,3.142373700749335,16.43703166545806,583.0,0.4255474452554744,244.0,1.25,success,zwPn9ZnbCo0,Lionsgate Movies,10.0,108.0,5151.0,,,,too_many_comments_to_reach_window,success,Lionsgate Movies,17550698,70210.0,5151.0,21810794,8,0.7535613222237307,0.0,0,0.0,0.7615051588756402,0.253121878842812,4,0.2431638287054553,0.0,0.0,0.2764913510871369,22.26170490493868,51.20269551571079,-28.940990610772108,Strong Underperformer,0,,0,0,0,Adventure,0,33.11168408196499,300000,12.611541086966117,0.2764936383969271,0.5550602400472927,12.611541086966117,0.0553523629716411,0.6649946096699737,-1.5482960347319066,-2.1394263807281715,18.27557458716845,-0.7693048208105119,32.91018715160355,18.420680753952364,-16.759508942022997,0.1981273336094249,0.650157192091066,-1.481411627271573,-1.946402984530448,71.91977077363897,80.80229226361033,6.876790830945559,6.017191977077363,0.040468111263743514,0.7414891164751211,0.3236591220012904
296,The Nutcracker and the Four Realms,2018,173961069,,120000000,Family,,,Walt Disney Pictures,0,0,3894,105.24324324324324,276,True,0,0,0,0,0.0,0,426543.0,4.2902,6.083,2250,99.0,2.745614035087719,100,False,,0,0,0,0,1,8,5.6,40379.0,39.0,tt5523010,4,4,2,True,0,0,,,success,tt5523010,True,5291.0,1131.0,4.67816091954023,13.0,1.0,0.0034106378933965,0.1644070848653108,1.0,0.1273209549071618,0.125552608311229,0.3334444814938312,0.3061020340113371,4.514505119453925,1.6672224074691564,5.001667222407469,3.667889296432144,576.0,0.5092838196286472,177.0,1.25,success,7dsFI3Tfgdk,Rotten Tomatoes Trailers,10.0,78.0,0.0,,,,comments_disabled,success,Disney UK,399484,2274.0,107.0,956718,8,0.4437830514196622,0.0,0,0.0,0.7294512834047939,0.0441768227557977,9,0.3478887895002689,0.3869880158145604,0.0,0.2396071014314745,16.077887982170864,57.33928949514063,-41.26140151296977,Strong Underperformer,0,,0,0,0,Family,0,33.45303345303345,2640,7.878912912297132,0.6750924685290677,1.3888492079220385,8.194104962229963,-2.022848878815803,-1.888677695680953,-1.1684507516312903,-0.6410465890935825,18.974342096514068,-1.6689491802915124,10.26789797073354,18.603002309079653,-40.2455167322112,-1.8864505548223864,-1.8946087939057887,-1.1466059819679433,-0.5317505618634271,2.005730659025788,0.5730659025787965,11.174785100286533,20.916905444126076,,,
297,Cleopatra,1963,57779280,,44000000,Drama,,,MCL Films S.A.,0,0,123220171,3330274.891891892,6311844,True,0,0,0,0,0.0,0,8095.0,5.1511,7.1,852,251.0,44.58518518518518,100,False,,0,0,4,0,7,13,7.0,40521.0,60.0,tt0056937,14,14,30,True,0,0,,,success,tt0056937,True,8585.0,1285.0,6.680933852140078,17.0,0.0,-0.0132816127820705,0.1381434982312651,1.0,0.0575875486381322,0.1603112840466926,0.4478280340349306,0.3260188087774294,5.800675675675675,0.0,10.52395879982087,13.210927004030452,481.0,0.3743190661478599,208.0,1.25,skipped_pre_youtube_era,,,,,,,,,,success,Astrotema,7991139,59452.0,4871.0,8976397,63,1.0,0.0,0,0.0,0.6377521061013648,0.842740569254168,20,0.4599852698988825,0.6511484326014197,0.0,0.4591626377855835,52.88740027722372,47.79923066725999,5.088169609963728,Overperformer,0,,0,0,0,Drama,0,24.22830518345953,140000,11.849404844423074,-0.3188122267159651,-0.4531028191331977,11.849404844423074,2.83859990882924,0.2244118461551685,-0.1936550528147728,0.3817567383688079,17.872140809172777,1.121280825984363,80.49253064634514,17.599700214609808,19.304137226108743,2.174978835411807,0.2573458632592266,-0.0957855424097966,-0.1871510881106031,99.7134670487106,66.7621776504298,45.55873925501432,27.793696275071632,,,
298,The Blair Witch Project,1999,248639099,,60000,Horror,,,Haxan Films,0,0,4161263,112466.56756756756,243326,True,43,0,0,0,0.0,0,2667.0,7.6986,6.366,5478,81.0,18.366666666666667,100,False,,0,0,0,0,23,27,6.5,309752.0,80.0,tt0185937,16,16,16,True,0,0,,,success,tt0185937,True,9771.0,1325.0,7.374339622641509,18.0,0.0,-0.0035265465204421,0.1054108925732594,1.0,0.0739622641509434,0.2015094339622641,40.45945482599006,0.2031544659694839,5.492411467116358,3.428767358134751,3.085890622321276,3.428767358134751,357.0,0.2694339622641509,134.0,1.0,skipped_pre_youtube_era,,,,,,,,,,success,The Trailer Guy,4326648,13865.0,1157.0,6600648,27,0.8181294758810777,0.1423841059602649,0,0.0,0.8135128257369773,0.342325345095345,50,0.5940445215494722,0.6812438068750566,0.0,0.4209769556979271,46.48539212183126,61.97563055706573,-15.490238435234469,Strong Underperformer,1,Blair Witch Collection,0,3,0,Horror,1,13.71405178589704,88100,11.386239162597647,-1.5130292237110676,-2.530538934073248,11.386239162597647,0.6103571784093806,-0.0433392522350125,0.2927695003536198,0.4982830874816588,19.331513005445885,0.4237917295288844,62.93809410037554,11.002116507732016,7.845952944486378,0.4636511263584731,-0.0264387275982756,0.2933133864973769,0.2848704712858994,85.95988538681948,54.15472779369628,58.45272206303726,54.15472779369628,0.24613955836195187,0.8753222924884545,0.3573307007689906
299,Paranormal Activity,2007,193355800,,15000,Horror,,,Blumhouse Productions,0,0,2039656,55125.83783783784,99809,True,41,0,0,0,0.0,0,23827.0,4.7214,6.049,5462,86.0,2.3252032520325203,100,False,,0,0,0,0,3,12,6.3,268129.0,68.0,tt1179904,3,3,13,True,0,0,,,success,tt1179904,True,8141.0,1113.0,7.314465408805032,17.0,3.0,0.0003556217168077,0.1076614754965483,1.0,0.105121293800539,0.2722371967654987,14.2200831327937,0.2205206738131699,4.942926533090468,1.0938525486764386,4.594180704441042,0.6563115292058631,274.0,0.2461814914645103,127.0,1.0,success,d2Rb662pPEE,nickbtube,10.0,-2502.0,33.0,0.0,0.0,0.0,success,success,Shades,459624,1505.0,162.0,1049611,19,0.7798548117263158,0.1357615894039735,0,0.0,0.8132364617025274,0.0361527249757207,15,0.4188998431792545,0.3333333333333333,0.0,0.3297093576047441,31.18395254103844,60.02461581277859,-28.84066327174015,Strong Underperformer,1,Paranormal Activity Collection,0,7,0,Horror,1,15.60004913401302,121000,11.703554089007538,-1.5434630076708966,-2.6483402705190264,11.703554089007538,-0.3946377744183268,0.1400970933659788,-0.3854591484726481,-0.8487922780323461,19.080042578153495,-0.4146212230849024,41.83687968602635,9.61587214452889,-11.205325559307248,-0.4212195476358779,0.1460959281061612,-0.3694311017658724,-0.914215693109983,12.607449856733524,62.75071633237822,34.95702005730659,18.05157593123209,-0.05626080051936043,0.7420718655786673,0.34750548846877766
300,Once,2007,20710513,,160000,Drama,,,Samson Films,0,0,737075,19920.945945945947,29179,True,19,0,0,0,0.0,0,5723.0,2.5241,7.425,1467,85.0,20.516260162601625,100,False,,0,0,0,0,0,0,,,,tt9805526,0,0,0,False,0,0,,,success,tt0907657,True,5466.0,1105.0,4.946606334841629,14.0,1.0,0.0211896801037072,0.1969913200768398,1.0,0.0054298642533936,0.2280542986425339,10.904425914047469,0.2623476587556125,5.358823529411764,0.0,9.942270686337396,2.2450288646568315,379.0,0.3429864253393665,128.0,2.0,success,tlLEyNJPde4,MalvernTheatres,10.0,-4624.0,0.0,0.0,0.0,0.0,success,success,Hilkester,2722910,5431.0,638.0,3490731,19,0.7252185177499643,0.0629139072847682,0,0.0,0.6890553844219384,0.3833531899889787,0,0.0,0.0,0.0,0.2585759517195614,19.25810442989553,39.83156064973801,-20.57345621984248,Strong Underperformer,0,,0,0,0,Drama,0,23.41748993779729,61300000,17.931290417219653,0.3632133183820081,0.5574337796817807,16.776047581987566,0.2637950379131282,3.0724510168467787,-1.9212370331494864,-2.1394263807281715,16.846152051991837,-0.1969152451865502,47.31611340325024,11.982935344196433,-3.028807004287671,0.257598772517588,3.0499772306337314,-1.761221724827379,-1.9371816890098157,76.79083094555874,97.9942693409742,4.297994269340974,6.876790830945559,,,
301,Little Miss Sunshine,2006,100523351,,8000000,Comedy,,,Big Beach,0,0,0,0.0,0,False,0,0,0,0,0.0,0,773.0,3.7981,7.7,7890,102.0,4.562015503875969,100,False,,0,0,2,0,73,112,7.8,546052.0,80.0,tt0449059,32,32,13,True,0,0,,,success,tt0449059,True,8265.0,1187.0,6.962931760741365,18.0,0.0,0.0159458953477487,0.1460003034992374,1.0,0.1566975568660488,0.2468407750631845,8.090614886731391,0.2530339805825243,4.393939393939394,1.4158576051779936,10.11326860841424,2.4271844660194173,338.0,0.2847514743049705,214.0,1.0,success,wvwVkllXT80,BigBeachFilms,10.0,-1563.0,540.0,0.0,0.0,0.0,success,success,BigBeachFilms,2745011,17889.0,540.0,3595089,20,0.0,0.0,0,0.0,0.8479861444168488,0.0788452555859776,185,0.7895381109191624,0.8407323532264089,0.0,0.2557101864148398,18.77764547645447,53.02279861919613,-34.24515314274166,Strong Underperformer,0,,0,0,0,Comedy,0,25.89231699939504,64100,11.068215243411098,-0.9492412135332362,-1.6823638284107998,11.068215243411098,-4.108657440493149,-0.2271854589335551,1.0653446126095631,1.1158071582129765,18.42590061668137,-0.9366098455264308,28.699446861723,15.894952224644102,-23.77120997978344,-4.143998484010298,-0.2285620935697435,1.1236264922421668,1.1140318073947506,0.5730659025787965,42.12034383954155,90.83094555873924,95.70200573065902,,,
302,Juno,2007,232372681,,7500000,Comedy,,,Mandate Pictures,0,0,3027571,81826.24324324324,233852,True,0,0,0,0,0.0,0,7326.0,4.2411,7.061,7662,96.0,3.3008130081300813,100,True,26.693766937669377,3690,202996,1,0,90,101,7.4,566848.0,81.0,tt0467406,19,19,15,True,0,0,,,success,tt0467406,True,11603.0,1904.0,6.094012605042017,16.0,0.0,0.0018895641006985,0.1154998390545855,1.0,0.0336134453781512,0.1727941176470588,2.611768320786603,0.3031187586418805,6.825294117647059,0.9218005838070364,15.516976494085114,0.9218005838070364,550.0,0.2888655462184873,323.0,1.1111111111111112,success,5UsLypixn9o,MethMonkeys,10.0,-2235.0,0.0,0.0,0.0,0.0,success,success,SearchlightPictures,12479872,34728.0,4693.0,12532390,19,0.8010566515579226,0.0,0,0.0,0.8452154935460054,0.0547735320378842,191,0.7943349005181546,0.7203213491478937,0.0,0.4016758578365783,43.24947281488439,60.43691193719346,-17.187439122309065,Strong Underperformer,0,,0,0,0,Comedy,0,27.83762819960356,159000,11.976665770490769,-0.7242855462581815,-1.328927613715725,11.976665770490769,-0.2408717092894145,0.2979800185691603,0.9988525629250792,0.6495875136022428,19.263853028700616,0.4398191258292431,63.34147232203024,15.830413711839864,10.077327310408704,-0.2691308562786489,0.3063216562463617,1.0030329550039283,0.562139655190848,24.355300859598856,68.48137535816619,85.95988538681948,67.90830945558739,,,
303,Get Out,2017,255407969,,4500000,Mystery,,,Monkeypaw Productions,0,0,6341292,171386.27027027027,447972,True,51,0,0,0,0.0,0,419430.0,15.4472,7.624,18969,104.0,6.119047619047619,100,True,28.37379274340904,3831,237622,1,0,154,214,7.8,814293.0,85.0,tt5052448,14,14,41,True,0,0,,,success,tt5052448,True,6980.0,1232.0,5.665584415584416,17.0,0.0,0.0018186861256475,0.1680157660613152,1.0,0.0405844155844155,0.2280844155844155,24.330900243309003,0.3087591240875912,4.553163731245923,0.97323600973236,5.839416058394161,1.45985401459854,470.0,0.3814935064935065,241.0,1.25,success,DzfpyUB60YY,Rotten Tomatoes Trailers,8.0,142.0,12804.0,,,,too_many_comments_to_reach_window,success,Rotten Tomatoes Trailers,25542047,142967.0,12804.0,26228933,9,0.8407422241333418,0.1688741721854304,0,0.0,0.9308747512510892,0.1085632800573365,368,0.8930396951383496,0.6511484326014197,0.0,0.4433984779500309,50.24446516875957,61.37135831224862,-11.126893143489047,Underperformer,0,,0,0,0,Mystery,0,34.5272206303725,19200000,16.770420889081343,0.1314162361351081,0.2079885913850842,16.770420889081343,0.0974825539350891,3.069198286204025,1.3849634467610863,0.3817567383688079,19.358372707027264,1.293931140188209,84.83780141937233,15.319588176962746,33.642405860590074,0.2156476988410994,3.069124011671793,1.3821457775036012,0.4303054382237138,74.21203438395415,99.1404011461318,95.41547277936962,61.60458452722063,0.40928083656951747,1.375486381322957,1.2265220005958153
304,Hereditary,2018,87796204,,10000000,Horror,,,PalmStar Media,0,0,7630340,206225.4054054054,365698,True,35,0,0,0,0.0,0,493922.0,14.1247,7.295,8652,128.0,6.359649122807017,100,False,,0,0,0,0,52,112,7.3,453527.0,87.0,tt7784604,7,7,16,True,0,0,,,success,tt7784604,True,5729.0,1020.0,5.616666666666666,13.0,0.0,-0.001460293519117,0.1283052006511779,1.0,0.0950980392156862,0.2284313725490196,9.35483870967742,0.3,4.642625607779578,0.6451612903225806,10.0,4.193548387096774,364.0,0.3568627450980392,123.0,1.0,success,V6wWKNij_1M,A24,10.0,127.0,13091.0,,,,too_many_comments_to_reach_window,success,A24,35593461,192905.0,13090.0,44802584,8,0.8506753952340903,0.1158940397350993,0,0.0,0.8566973804952919,0.1131554790922159,164,0.7714378050888577,0.5,0.0,0.4058535494879645,43.949882354813376,51.78358272453744,-7.833700369724063,Underperformer,0,,0,0,0,Horror,0,21.46971548263222,354000,12.777055016970678,-0.7970718664416543,-1.2351402825469366,12.777055016970678,0.1584958348102778,0.7606764321723161,0.9850097846770842,-0.2034752266844336,18.29052883443657,0.4808858678955675,64.37504190959298,16.118095750958314,14.687289486014455,0.3011343395285878,0.7460296177626863,1.050930303760419,-0.0122436707796604,79.94269340974212,83.3810888252149,87.67908309455588,37.53581661891118,,,
305,The Witch,2015,40423945,,4000000,Horror,,,Very Special Projects,0,0,4469115,120786.8918918919,303274,True,0,0,0,0,0.0,0,310131.0,8.807,7.0,7684,92.0,19.8,100,False,,0,0,0,0,0,0,,,,tt4030996,11,11,23,True,0,0,,,success,tt4263482,True,4902.0,810.0,6.051851851851852,15.0,1.0,-0.0222862322862322,0.1394257010425701,1.0,0.2308641975308642,0.1802469135802469,1.7895490336435218,0.3299928418038654,5.181818181818182,0.0,8.2319255547602,6.800286327845383,292.0,0.3604938271604938,107.0,1.2,success,iQXmlf3Sefg,A24,10.0,183.0,8200.0,,,,too_many_comments_to_reach_window,success,A24,27964095,115919.0,8200.0,30976845,11,0.8219605940429231,0.0,0,0.0,0.8454864060996636,0.3696824141375069,0,0.0,0.5974937501201928,0.0,0.3456583758443209,33.85788002532134,45.111430618537526,-11.253550593216184,Underperformer,0,,0,0,0,Horror,0,21.82782537739698,428000,12.966880811009805,-0.5368516387894656,-0.8161404412310969,12.966880811009805,0.7021737076545729,0.8704126817503268,-1.9212370331494864,0.1740110494300442,17.514932890112895,-0.0126311871676337,51.954182757117685,15.201805169084134,2.5480516949422096,0.8077039105687306,0.8487665026474446,-1.8050531207579008,0.4139790581038496,92.26361031518626,86.53295128939828,3.151862464183381,60.45845272206304,0.08078778402391232,0.7777657598003491,0.42399917269007814
306,It Follows,2014,23374076,,2300000,Horror,,,Two Flints,0,0,2842615,76827.43243243243,172663,True,0,0,0,0,0.0,0,270303.0,9.7696,6.585,6956,101.0,7.08641975308642,100,False,,0,0,0,0,25,44,6.8,296741.0,83.0,tt3235888,3,3,18,True,0,0,,,success,tt3235888,True,12397.0,2.0,6198.5,9228.0,0.0,0.0,0.0,0.0,1.0,1.0,0.0,0.0023480792711561,16.44164456233422,0.0,0.0,0.0,0.0,,0.0,,success,lzEdB5iJGfQ,EclipsePicturesIE,10.0,13.0,0.0,0.0,0.0,0.0,success,success,Rotten Tomatoes Indie,12485442,52593.0,4095.0,12711933,12,0.7976729708573238,0.0,0,0.0,0.8360816578906601,0.1270268611692177,69,0.6418889236498786,0.3333333333333333,0.0,0.3533676717757737,35.15037953632126,40.3806853239775,-5.230305787656242,Underperformer,1,It Follows Collection,0,1,0,Horror,1,,310000,12.644330802262578,,,12.644330802262578,-0.0646490538929303,0.6839499913639007,0.5108018965081373,-0.8487922780323461,16.96713814572839,0.0886887310381676,54.50420695681512,14.648420115681892,5.541216602193046,0.0311514005355229,0.6562838184400095,0.66238494398359,-0.5579188878436493,56.16045845272206,81.9484240687679,73.35243553008596,20.63037249283668,0.24536017141449995,0.8838746962795409,0.37489516986054683
307,Whiplash,2014,50307484,,3300000,Drama,,,Bold Films,0,0,4777368,129118.05405405404,247213,True,21,0,0,0,0.0,0,244786.0,27.9952,8.375,16712,107.0,5.462962962962963,100,True,22.795425667090218,3935,195019,3,0,100,144,8.5,1134459.0,89.0,tt2582802,11,11,25,True,0,0,,,success,tt2582802,True,6005.0,911.0,6.59165751920966,19.0,1.0,0.0054897526068593,0.1392181543574353,1.0,0.0362239297475301,0.2272228320526893,31.54399557277255,0.2935805201992252,4.827170418006431,1.383508577753182,3.320420586607637,0.8301051466519093,302.0,0.3315038419319429,241.0,1.1428571428571428,success,Q7kZy3T6vRM,Sony Pictures Classics,10.0,-3610.0,119.0,15.0,24.0,0.625,success,success,Rotten Tomatoes Coming Soon,16753527,72785.0,3712.0,17933239,12,0.8255409053791938,0.0695364238410596,0,0.0,0.918904360855704,0.0960410336150032,244,0.8311640970046746,0.5974937501201928,0.0,0.4164221476195022,45.72175724954101,47.080955630427525,-1.359198380886511,As Expected,0,,0,0,0,Drama,0,40.13322231473772,304000,12.624786269856632,0.0061485992182355,-0.1507289685429056,12.624786269856632,-0.0105536328386207,0.672651507420552,1.468966064487541,0.1740110494300442,17.73366443115634,0.6276986728093676,68.07003310170207,15.009433329466964,18.18150960065085,0.0782518379931128,0.6547552905979465,1.5711420262072815,0.3730381126716453,61.891117478510026,81.37535816618912,99.1404011461318,57.59312320916905,0.22218684524518273,0.7999378366593353,0.3291637937673576
308,Ex Machina,2014,36869414,,15000000,Drama,,,DNA Films,0,0,3260917,88132.8918918919,184794,True,10,0,0,0,0.0,0,264660.0,9.494,7.572,14315,108.0,5.617283950617284,100,True,22.73838630806846,4499,180828,1,0,74,162,7.7,633967.0,78.0,tt0470752,15,15,22,True,0,0,,,success,tt0470752,True,6270.0,1165.0,5.381974248927039,16.0,0.0,0.0015170499505263,0.1890701293727406,1.0,0.0180257510729613,0.2197424892703862,7.698887938408896,0.3353293413173652,5.345268542199489,1.4257199885942402,2.281151981750784,1.710863986313088,386.0,0.3313304721030043,145.0,2.0,success,zYjDApK6_oE,Rotten Tomatoes Trailers,10.0,-57.0,128.0,48.0,57.0,0.8421052631578947,success,success,Rotten Tomatoes Trailers,9782219,31344.0,2914.0,12530813,12,0.8050421497790263,0.0331125827814569,0,0.0,0.90427503413241,0.0989864544851757,236,0.8261483274612209,0.6666666666666667,0.0,0.4139273365084983,45.303490501230826,44.04082822625631,1.2626622749745169,As Expected,0,,0,0,0,Drama,0,23.125996810207337,144000,11.87757552297847,0.2978442794967622,0.4273633772503903,11.87757552297847,-0.1033120416804137,0.2406970123960624,1.0805967835136616,0.441841824663479,17.422892903526275,0.4454139220122,63.48228240075471,16.52356082573315,13.968996325028655,-0.0116706058212236,0.2188397778755704,1.2028037810999412,0.6781059975452586,51.28939828080229,65.32951289398281,91.97707736389684,76.21776504297995,,,
309,Lady Bird,2017,79000000,,10000000,Drama,,,IAC Films,0,0,3466790,93697.02702702704,339392,True,2,0,0,0,0.0,0,391713.0,10.0165,7.25,9045,94.0,6.198412698412699,100,False,,0,0,0,5,124,228,7.4,363036.0,93.0,tt4925292,9,9,37,True,0,0,,,success,tt4925292,True,9389.0,1460.0,6.43082191780822,18.0,1.0,0.0149520811134429,0.1587759581024329,1.0,0.0452054794520547,0.1760273972602739,4.658095770449041,0.2867523756288429,5.075135135135136,2.0495621389975778,10.993106018259734,2.794857462269424,474.0,0.3246575342465753,277.0,1.3333333333333333,success,cNi_HC839Wo,A24,10.0,-5.0,4111.0,520.0,558.0,0.931899641577061,success,success,A24,22191053,168483.0,4111.0,24235078,9,0.8083283724996423,0.0066225165562913,0,0.0,0.8608947108722527,0.1100780679334252,352,0.8863422581767739,0.5536546824812272,0.0,0.4034248981019255,43.54270759375147,50.8510918261419,-7.308384232390424,Underperformer,0,,0,0,0,Drama,0,29.50260943657472,85800,11.359785940419789,-0.2378903602267539,-0.4818346046600015,11.359785940419789,-0.0575798466478453,-0.0586315754187296,1.3761759443656492,0.0042704622543304,18.184958423089522,0.3598213457732984,61.32808464192598,16.118095750958314,11.549514357010857,0.0712933637535558,-0.0736619007226489,1.4489916633632356,0.1934194181158109,61.03151862464183,51.00286532951289,97.134670487106,50.429799426934096,,,
310,Moonlight,2016,65046687,,4000000,Drama,,,A24,0,0,2974533,80392.78378378379,136966,True,43,0,0,0,0.0,0,376867.0,7.1574,7.358,7555,111.0,5.63768115942029,100,False,,0,0,3,0,235,310,7.4,349429.0,99.0,tt4975722,10,10,20,True,0,0,,,success,tt4975722,True,5521.0,928.0,5.949353448275862,18.0,0.0,0.0009516525141525,0.1279680866916314,1.0,0.0581896551724137,0.3017241379310345,36.01190476190476,0.2273809523809523,4.589359933499584,1.190476190476191,8.630952380952381,2.380952380952382,332.0,0.3577586206896552,147.0,1.0,success,9NJj12tJzqc,A24,10.0,70.0,6818.0,,,,too_many_comments_to_reach_window,success,A24,20455788,88806.0,6819.0,21909312,10,0.8001079623336896,0.1423841059602649,0,0.0,0.8438866839403099,0.0993757622871463,545,0.9522386350995932,0.5765719364395496,0.0,0.4214673048394243,46.56760144823924,49.31308165037996,-2.745480202140719,As Expected,0,,0,0,0,Drama,0,26.625611302300307,304000,12.624786269856632,-0.5840635351739087,-0.9303935381043046,12.624786269856632,-0.1264927669043123,0.672651507420552,1.630743149962638,0.093003830750586,17.990615846945577,0.6111260348636803,67.65293221411068,15.201805169084134,17.890730973985626,-0.0105747548734652,0.6561062029745223,1.7161759521839204,0.2907070002394039,51.57593123209169,81.66189111747852,99.7134670487106,54.44126074498568,0.5165673795420372,0.9552609063396843,0.2975950916430259
311,The Florida Project,2017,11303040,,2000000,Drama,,,Cre Film,0,0,2468370,66712.7027027027,292631,True,35,0,0,0,0.0,0,394117.0,3.9058,7.426,3115,112.0,13.746031746031743,100,False,,0,0,0,1,68,134,7.6,141797.0,92.0,tt5649144,0,0,0,False,0,0,,,success,tt5649144,True,10382.0,2044.0,5.079256360078278,16.0,0.0,0.0091993106914829,0.1432213012889445,1.0,0.1981409001956947,0.2260273972602739,20.982355746304247,0.2354156731839135,4.338487254492269,1.2716579240184391,5.404546177078365,0.9537434430138292,859.0,0.4202544031311154,274.0,1.0,success,WwQ-NH1rRT4,A24,9.0,52.0,2540.0,231.0,266.0,0.868421052631579,success,success,A24,7865352,65473.0,2540.0,8476310,9,0.7900953943048346,0.1158940397350993,0,0.0,0.760180101147277,0.2541343949494608,202,0.8027520034062943,0.0,0.0,0.3513151327847801,34.80626177696219,33.99034549320862,0.8159162837535661,As Expected,0,,0,0,0,Drama,0,26.39183201695242,41200,10.626217806887722,-0.3063667315652884,-0.3361543059959205,10.626217806887722,0.2373840207691996,-0.4826994224214294,1.210455685412779,-2.1394263807281715,16.24058236252186,-0.2230125810007076,46.6592944968378,14.508658238524095,-0.7715617861054369,0.3840007566153048,-0.5225122882817121,1.4085977716753673,-1.7172993747176328,84.81375358166189,30.37249283667622,96.56160458452722,9.455587392550145,,,
312,Tangerine,2015,925000,,100000,Comedy,,,Through Films,0,0,1233805,33346.08108108108,99585,True,0,0,0,0,0.0,0,308084.0,1.9363,6.864,805,87.0,15.286666666666669,100,False,,0,0,0,0,24,42,7.1,41468.0,86.0,tt3824458,0,0,0,False,0,0,,,success,tt3824458,True,9374.0,1348.0,6.954005934718101,18.0,1.0,-0.0009486721652893,0.1157681283617923,1.0,0.14540059347181,0.2826409495548961,71.21551081282625,0.2181208053691275,4.954545454545454,0.7457121551081282,6.33855331841909,1.1185682326621924,391.0,0.2900593471810089,197.0,1.125,success,RL-HRBKBmgw,Rotten Tomatoes Indie,10.0,69.0,11.0,1.0,1.0,1.0,success,success,Magnolia Pictures & Magnet Releasing,3226714,12348.0,862.0,3872601,11,0.7528718865013223,0.0,0,0.0,0.6323962901562493,0.2835394572000946,66,0.6352709526485328,0.0,0.0,0.3056950473007521,27.15784112945316,12.46525692160597,14.692584207847185,Overperformer,0,,0,0,0,Comedy,0,21.0155749946661,108000,11.58989576532275,-0.9792917645191772,-1.6838040974199149,11.58989576532275,0.1331474837931539,0.0743924390663558,0.6132950427383651,-2.1394263807281715,13.73755009757506,-0.2872336741777629,45.042975172537965,11.51293546492023,0.1978005285667237,0.2731484298176823,0.0046006650081193,0.9729532874666096,-1.4468467114195718,78.51002865329512,55.01432664756448,84.5272206303725,12.034383954154729,,,
313,Eighth Grade,2018,13539709,,2000000,Comedy,,,A24,0,0,824947,22295.864864864863,44038,True,0,0,0,0,0.0,0,489925.0,2.8701,7.151,1674,94.0,4.4298245614035086,100,False,,0,0,0,0,60,91,7.3,86006.0,85.0,tt7014006,0,0,0,False,0,0,,,success,tt7014006,True,8233.0,1452.0,5.670110192837465,13.0,1.0,0.0131455990443593,0.1724144226956372,1.0,0.0426997245179063,0.1377410468319559,4.322455154527772,0.2066133563864275,4.894768133174792,3.0257186081694405,3.674086881348606,1.7289820618111087,495.0,0.3409090909090909,172.0,1.5,success,y8lFgF_IjPw,A24,10.0,-55.0,8465.0,,,,too_many_comments_to_reach_window,success,A24,8566624,88540.0,8465.0,8986036,8,0.7312642756714766,0.0,0,0.0,0.7015209797885829,0.0763222159999538,151,0.7590389246890306,0.0,0.0,0.299941067182052,26.193159457371884,35.58516674730748,-9.3920072899356,Underperformer,0,,0,0,0,Comedy,0,20.89153407020527,40800,10.616461869895817,-0.321237770468896,-0.5156282389320488,10.616461869895817,-0.5259415740198331,-0.4883392246518382,0.9432445755475788,-2.1394263807281715,16.421137407198355,-0.571226329260935,37.89543542100124,14.508658238524095,-9.535142314049146,-0.366243820821767,-0.5268128438657421,1.1296582653314944,-1.7242015456857338,15.18624641833811,30.08595988538682,91.40401146131804,9.169054441260744,,,
314,Saw,2004,104045735,,1200000,Horror,,,Twisted Pictures,0,0,2239198,60518.86486486487,609895,True,0,0,0,0,0.0,0,176.0,12.0197,7.423,10111,103.0,10.037037037037036,100,True,15.06659267480577,3604,232569,0,0,9,10,7.6,508842.0,46.0,tt0387564,12,12,48,True,0,0,,,success,tt0387564,True,6206.0,991.0,6.2623612512613525,19.0,2.0,-0.0190903165676122,0.135683297068332,1.0,0.1513622603430877,0.2219979818365287,15.612382234185734,0.2686406460296097,4.79969064191802,0.53835800807537,5.114401076716017,11.843876177658142,302.0,0.3047426841574167,136.0,1.0,skipped_pre_youtube_era,,,,,,,,,,success,Rotten Tomatoes Classic Trailers,4796971,23723.0,923.0,6369560,22,0.7848649644243745,0.0,0,0.0,0.8714219329801179,0.1833433082069154,19,0.4526137502950825,0.6167399530235154,0.0,0.369384887335438,37.8357406202024,53.69677614795299,-15.861035527750596,Strong Underperformer,1,Saw Collection,0,10,0,Horror,1,21.91427650660651,62000000,17.9426449591384,-1.0185523339969873,-1.716391329230141,16.776047581987566,0.0227810192908208,3.0724510168467787,-0.253689267286766,0.2485304668733391,18.46034112966627,0.7784480777134091,71.8641008171385,13.997832948091215,18.91528395805049,-0.0423316807105152,3.0734374799162687,-0.1974461359482446,0.2131639927123088,46.99140401146132,99.7134670487106,42.12034383954155,51.28939828080229,-2.683280570754102,0.06991622725070168,1.9418239543109022
315,Open Water,2003,54683487,,120000,Horror,,,Plunge Pictures LLC,0,0,1024005,27675.81081081081,57823,True,0,0,0,0,0.0,0,83.0,4.0485,5.548,1136,80.0,2.1222222222222222,100,False,,0,0,0,0,2,6,5.8,58602.0,63.0,tt0374102,6,6,13,True,0,0,,,success,tt0374102,True,16826.0,1.0,16826.0,16826.0,0.0,0.0,0.0,0.0,1.0,1.0,0.0,0.0016980235006452,16.626482213438734,0.0,0.0,0.0,0.0,,0.0,,skipped_pre_youtube_era,,,,,,,,,,success,Rotten Tomatoes Classic Trailers,3100171,7006.0,955.0,3327003,23,0.7428672443147716,0.0,0,0.0,0.6649101200233394,0.0322785626175094,8,0.3319702714985457,0.4678924870096007,0.0,0.2982785929778538,25.91443788343286,48.46365619561928,-22.54921831218642,Strong Underperformer,1,Open Water Collection,0,3,0,Horror,1,,46200,10.740756721857226,,,10.740756721857226,-0.5865326766704376,-0.4164857077726323,-0.7447192986573652,-0.3277923803389092,17.81707235710525,-0.5920410469637459,37.37156968174722,11.695255355062796,-15.0188274775593,-0.6605038709373641,-0.422736127079482,-0.6469231747779859,-0.3008136320121312,4.871060171919771,34.95702005730659,22.636103151862464,24.64183381088825,,,
316,Chronicle,2012,145000000,,15000000,Science Fiction,,,Dune Entertainment,0,0,1432068,38704.54054054054,107248,True,0,0,0,0,0.0,0,76726.0,8.4954,6.856,5756,84.0,4.059139784946237,100,True,26.26038781163435,3610,149663,0,0,2,7,7.0,276134.0,69.0,tt1706593,8,8,18,True,0,0,,,success,tt1706593,True,8956.0,1375.0,6.513454545454546,19.0,1.0,-0.0009491599309781,0.1378317815592782,1.0,0.2581818181818182,0.2807272727272727,18.628768964855,0.2133666218551949,3.819189765458422,1.7284424812752064,2.688688304205877,2.4966391396197425,482.0,0.3505454545454545,199.0,1.1428571428571428,success,WD2DVNZufa4,20th Century Studios UK,10.0,96.0,16.0,1.0,1.0,1.0,success,success,Rotten Tomatoes Coming Soon,2558257,29840.0,1209.0,3454059,14,0.7608708496659852,0.0,0,0.0,0.8181899579926052,0.0692472050540794,9,0.3478887895002689,0.5283208335737188,0.0,0.3285388485452643,30.98771122400372,56.13614645428851,-25.148435230284782,Strong Underperformer,0,,0,0,0,Science Fiction,0,22.21974095578383,161000,11.989165855127435,-0.6321220947384143,-0.9941204480917916,11.989165855127435,-0.399498117515187,0.3052061830342107,-0.3370116765520681,-0.0938197258033904,18.7922443072814,-0.1728435429973969,47.92195107265665,16.52356082573315,-3.681317472698176,-0.3498101510297532,0.3027264931469045,-0.3028862128894558,-0.0510976974488623,17.191977077363894,68.19484240687679,37.82234957020057,35.24355300859599,,,
317,District 9,2009,210888950,,30000000,Science Fiction,,,TriStar Pictures,0,0,2380288,64332.10810810811,99050,True,57,0,0,0,0.0,0,17654.0,11.1589,7.471,10392,112.0,2.058558558558558,100,False,,0,0,0,4,32,117,7.9,748028.0,81.0,tt1136608,8,8,27,True,0,0,,,success,tt1136608,True,10113.0,1426.0,7.091865357643759,17.0,1.0,0.002496724095602,0.1301252127410612,1.0,0.0708274894810659,0.1886395511921458,27.471595726640665,0.2552145158555197,4.747887323943662,0.0,5.25691029336951,11.531287095133118,488.0,0.3422159887798036,207.0,1.0833333333333333,success,DyLUwOcR5pk,Sony Pictures Entertainment,9.0,57.0,3767.0,65.0,129.0,0.5038759689922481,success,success,Sony Pictures Entertainment,8381029,39200.0,3767.0,10744367,17,0.7881449102592384,0.1887417218543046,0,0.0,0.8740121233087196,0.0310634570996091,149,0.7570377539549971,0.5283208335737188,0.0,0.3955465710309827,42.22186922183906,59.30982391181288,-17.087954689973827,Strong Underperformer,0,,0,0,0,Science Fiction,0,20.468703648768912,45900,10.734242182303689,-0.8095021830098142,-1.2837242867196532,10.734242182303689,-0.3675277619666437,-0.4202516930116321,0.970524307696626,-0.0938197258033904,19.166842254318432,0.0213236429562653,52.80875942916636,17.216707972959764,0.0983241612151744,-0.3654442636348612,-0.4150706582512398,0.9807764660226044,-0.1401791984887971,15.472779369627506,35.53008595988539,85.10028653295129,29.512893982808023,0.3091326170985717,0.9445571356559841,0.2509625487407036
318,Looper,2012,47042000,,30000000,Action,,,Endgame Entertainment,0,0,1768810,47805.67567567567,77594,True,5,0,0,0,0.0,0,59967.0,11.1653,6.911,10954,118.0,4.666666666666667,100,True,23.30593201510776,4501,216022,0,0,18,47,7.4,624435.0,84.0,tt1276104,5,5,28,True,0,0,,,success,tt1276104,True,6001.0,886.0,6.77313769751693,18.0,0.0,-0.0126856526969393,0.1533425410328942,1.0,0.1027088036117381,0.2020316027088036,21.14222954420648,0.2885777045579352,4.894779771615008,1.9220208676551345,5.766062602965404,12.630422844590884,279.0,0.3148984198645598,156.0,1.0,success,2iQuhsmtfHw,Sony Pictures Entertainment,10.0,89.0,5122.0,,,,too_many_comments_to_reach_window,success,Sony Pictures Entertainment,11044670,31211.0,5122.0,12963948,14,0.7722070372551749,0.0165562913907284,0,0.0,0.8789887770110922,0.0808426619249132,65,0.632998937178216,0.430827083453526,0.0,0.3584627825468826,36.004598681455,46.057933067033446,-10.053334385578443,Underperformer,0,,0,0,0,Action,0,25.99566738876854,113000,11.635151947212842,-0.8065286089102527,-1.3833034669208648,11.635151947212842,-0.3129075727256506,0.1005545509962835,0.6300614121157415,-0.4713060019178684,17.666551398915225,-0.0181675294285002,51.81484384929957,17.216707972959764,1.5707799642408418,-0.2529470251446201,0.0837270552902559,0.7367443432984585,-0.2937017642127446,25.787965616045845,59.885386819484246,78.51002865329512,24.92836676217765,,,
319,Brick,2005,3900000,,475000,Drama,,,Bergman Lustig Productions,0,0,2114,57.13513513513514,237,True,126,0,0,0,0.0,0,9270.0,2.1747,6.817,1382,110.0,7.2,100,True,23.644148430066604,4204,231950,0,0,11,23,7.1,113436.0,72.0,tt0393109,19,19,25,True,0,0,,,success,tt0393109,True,8701.0,1320.0,6.591666666666667,19.0,0.0,-0.0120519589837771,0.1460950294381572,1.0,0.0659090909090909,0.1992424242424242,3.717472118959108,0.2713754646840148,5.769893899204244,0.0,2.4783147459727384,5.5762081784386615,409.0,0.3098484848484849,215.0,1.5,success,fmi4Qc-cvis,Netflix,9.0,-7014.0,1700.0,769.0,1019.0,0.7546614327772326,success,success,Netflix,3218958,28730.0,1700.0,4321546,21,0.4110049621926834,0.4172185430463576,0,0.0,0.6834188991190631,0.1291946909296646,34,0.537163962855065,0.7203213491478937,0.0,0.3309327369483411,31.38905780842289,24.871521543901764,6.51753626452113,Overperformer,0,,0,0,0,Drama,0,24.709803470865417,1370000,14.130322027731047,-0.309263721586673,-0.5984048194691286,14.130322027731047,-1.9568438886267443,1.5429855340000642,0.1747472546177074,0.6495875136022428,15.176487367510099,-0.0907668482632991,49.98766096967811,13.07107218827772,1.222182319267496,-1.977260891862228,1.5011547384491035,0.4425633246906925,1.0224295176442684,1.4326647564469914,91.97707736389684,65.32951289398281,92.83667621776505,1.326400979667233,1.9680851063829787,0.9214523200890611
320,The Babadook,2014,10300000,,2000000,Drama,,,Screen Australia,0,0,1996838,53968.59459459459,136270,True,25,0,0,0,0.0,0,242224.0,6.1475,6.536,6444,94.0,14.882716049382717,100,False,,0,0,0,0,56,64,6.8,265823.0,86.0,tt2321549,0,0,0,False,0,0,,,success,tt2321549,True,4787.0,855.0,5.598830409356725,15.0,1.0,-0.0148735475051264,0.1668677620462431,1.0,0.1426900584795321,0.1578947368421052,2.59163272861903,0.3121066271751203,5.017819706498952,1.480932987782303,7.034431691965938,6.293965198074787,347.0,0.4058479532163743,118.0,1.1111111111111112,success,k5WQZzDRVtw,Rotten Tomatoes Trailers,10.0,119.0,6695.0,,,,too_many_comments_to_reach_window,success,Rotten Tomatoes Trailers,18759480,78657.0,6695.0,19644374,12,0.7787159596262783,0.0827814569536423,0,0.0,0.8288577914810454,0.2758295235303312,120,0.7245776812682593,0.0,0.0,0.3469478372485834,34.074064259171145,33.169525170441005,0.9045390887301394,As Expected,0,,0,0,0,Drama,0,24.65009400459578,56500,10.942013616092948,-0.3158942160027624,-0.3744969578394002,10.942013616092948,0.2394280066594392,-0.3001412621353108,0.7592425179060669,-2.1394263807281715,16.14765455028724,-0.3022976639927293,44.66384400807992,14.508658238524095,-3.309670519092513,0.3427067099318854,-0.3382523720501282,0.963646058357512,-1.7503612394338377,81.66189111747852,37.82234957020057,84.2406876790831,8.882521489971348,-0.28428342641432724,0.6199236174233512,0.44480273832209044
321,A Ghost Story,2017,1929659,,100000,Drama,,,Sailor Bear,0,0,767056,20731.243243243243,34915,True,0,0,0,0,0.0,0,428449.0,3.1645,7.064,2505,93.0,11.412698412698411,100,False,,0,0,0,0,11,21,6.8,84427.0,84.0,tt6265828,0,0,0,False,0,0,,,success,tt6265828,True,2056.0,1.0,2056.0,2056.0,0.0,0.0,0.0,0.0,1.0,1.0,0.0,0.0983201581027668,21.87234042553192,0.0,0.0,0.0,0.0,,6.0,,success,c_3NMtxeyfk,A24,8.0,26.0,2117.0,301.0,320.0,0.940625,success,success,A24,6317383,44223.0,2117.0,8231774,9,0.7273586794379385,0.0,0,0.0,0.7395922995618917,0.2095996313924529,32,0.5282739763834025,0.0,0.0,0.2932183266213624,25.06606056733962,18.9601122674586,6.105948299881021,Overperformer,0,,0,0,0,Drama,0,,30100,10.31231367277647,,,10.31231367277647,-0.1894180432415312,-0.6641640256844689,0.2592796382594998,-2.1394263807281715,14.472854379558942,-0.6855658010492648,35.01773451871045,11.51293546492023,-10.27869940559301,-0.0266697950398064,-0.7265079190135875,0.5713620938314856,-1.505487561654891,50.71633237822349,22.636103151862464,70.48710601719198,11.461318051575931,0.1944797933449202,0.8259284063645329,0.26444129497336677
322,Frances Ha,2012,8986144,,0,Comedy,,,Scott Rudin Productions,0,0,908997,24567.486486486487,130799,True,0,0,0,0,0.0,0,121986.0,2.9738,7.33,1830,86.0,11.03225806451613,100,False,,0,0,0,0,1,49,7.4,101840.0,82.0,tt2347569,8,8,30,True,0,0,,,no_subtitle,tt2347569,False,,,,,,,,,,,,,,,,,,,,,success,YdxCnCvCngk,Independent Film Company,10.0,71.0,118.0,1.0,1.0,1.0,success,success,Rotten Tomatoes Indie,1762593,8289.0,377.0,2421449,14,0.736472285909561,0.0,0,0.0,0.7099360449478423,0.2023384224122342,50,0.5940445215494722,0.5283208335737188,0.0,0.350758439430239,34.71292953301683,34.79208042582775,-0.0791508928109152,As Expected,0,,0,0,0,Comedy,0,,32800,10.39821428171237,,,10.39821428171237,-0.1640623333936036,-0.6145058076914494,0.2127904583109511,-0.0938197258033904,16.01119450469394,-0.1656477884035684,48.10305414374358,0.0,-0.1422685319169048,-0.0889957228608894,-0.6524320765197492,0.4261707873310295,0.2821318529011288,42.40687679083094,25.501432664756447,64.18338108882521,53.86819484240688,-0.3017882914227665,0.5041166764068892,0.8804204203721272
323,500 Days of Summer,2009,60781545,,7500000,Comedy,,,Fox Searchlight Pictures,0,0,3174268,85791.02702702703,133479,True,0,0,0,0,0.0,0,19913.0,8.8848,7.302,11081,95.0,8.752252252252251,100,True,31.461208948119943,4202,217877,0,0,17,58,7.6,613237.0,76.0,tt1022603,9,9,35,True,0,0,,,success,tt1022603,True,8270.0,1377.0,6.005809731299928,17.0,0.0,0.0031959970957792,0.1586036795348917,1.0,0.0421205519244734,0.1902687000726216,6.014102032351722,0.2797594359187059,5.338928340865074,1.8664454583160512,12.028204064703443,1.0369141435089175,389.0,0.2824981844589688,256.0,1.25,success,PsD0NpFSADM,SearchlightPictures,8.0,133.0,10490.0,,,,too_many_comments_to_reach_window,success,SearchlightPictures,26320681,131844.0,10490.0,27006011,17,0.8035965175659263,0.0,0,0.0,0.8800779929794509,0.1588214853731875,75,0.6543139638942169,0.5536546824812272,0.0,0.3854061159859935,40.52177451753637,48.59152146138194,-8.069746943845573,Underperformer,0,,0,0,0,Comedy,0,30.955259975816205,72100,11.185823192802378,-0.4681861566465617,-0.959658857842227,11.185823192802378,0.0492813384465791,-0.1591975684991319,0.591188098307241,0.0042704622543304,17.922796781128117,0.1542092693030002,56.15323077277551,15.830413711839864,4.944903577295634,0.0627174516122825,-0.1698728323316661,0.6816262366138067,0.1069743804008516,59.59885386819485,46.13180515759313,74.78510028653295,42.97994269340974,0.05460350282452103,0.7649232314838148,0.27598009740645574
324,Lost in Translation,2003,119723856,,4000000,Drama,,,American Zoetrope,0,0,3029877,81888.56756756757,191250,True,0,0,0,0,0.0,0,153.0,6.833,7.38,8129,102.0,3.774074074074074,100,True,29.0088638195004,2482,139994,1,0,98,133,7.7,525233.0,91.0,tt0335266,21,21,19,True,0,0,,,success,tt0335266,True,5331.0,971.0,5.490216271884655,18.0,0.0,0.0294971820718473,0.1693549288668102,1.0,0.0690010298661174,0.2399588053553038,1.2618296529968456,0.2921135646687697,3.902635431918009,1.892744479495268,7.886435331230284,1.5772870662460567,363.0,0.3738414006179196,197.0,2.0,skipped_pre_youtube_era,,,,,,,,,,success,Rotten Tomatoes Classic Trailers,2795902,17776.0,896.0,4699124,23,0.8010975209964423,0.0,0,0.0,0.850805815448219,0.0638063476118356,231,0.8229267516411255,0.7432386031062163,0.0,0.4082972559800281,44.35958117479682,54.70186885066772,-10.3422876758709,Underperformer,0,,0,0,0,Drama,0,36.95366722941287,68200,11.130214506480655,1.053412023593399,1.634650726956833,11.130214506480655,-0.2165640779366134,-0.1913443518790979,1.282695116867763,0.7383208820984987,18.60069845726911,0.427390072275818,63.02865735038576,15.201805169084134,9.692080074498186,-0.2976863012299579,-0.1876068650384784,1.3299819722885988,0.6714043780795005,21.20343839541547,44.69914040114613,94.84240687679085,75.64469914040114,,,
325,Garden State,2004,26781723,,2500000,Comedy,,,Camelot Pictures,0,0,880569,23799.162162162163,40255,True,0,0,0,0,0.0,0,401.0,3.1427,7.075,2064,102.0,3.337037037037037,100,True,27.769432970334208,5326,226925,0,0,13,39,7.4,227462.0,67.0,tt0333766,16,16,40,True,0,0,,,success,tt0333766,True,10684.0,1712.0,6.240654205607477,17.0,0.0,0.0124752770269709,0.1319129040280286,1.0,0.1267523364485981,0.157126168224299,2.0840012824623275,0.2728438602116063,5.0301318267419965,1.7633857005450466,7.694773966014749,2.4046168643796086,629.0,0.3674065420560747,278.0,1.0,skipped_pre_youtube_era,,,,,,,,,,success,stateofmind3471,2770530,8225.0,1082.0,3337893,22,0.734766738400112,0.0,0,0.0,0.7213012661720303,0.0554649157075071,52,0.5998562450399421,0.6812438068750566,0.0,0.352739971059476,35.0451425761523,41.56651895942946,-6.521376383277158,Underperformer,0,,0,0,0,Comedy,0,26.020217147135902,45200,10.718874489469398,-0.5642589147872196,-0.8713442833039544,10.718874489469398,-0.5644140751574673,-0.4291355909288685,0.29614311432775,0.4982830874816588,17.10323027255553,-0.0909319258611694,49.98350628936597,14.731801689838347,-1.3266830294627925,-0.6171423750868346,-0.4454465301149941,0.4398599484889272,0.6255276677035286,6.876790830945559,33.2378223495702,64.75644699140402,72.49283667621776,,,
326,Booksmart,2019,24849029,,6000000,Comedy,,,Annapurna Pictures,0,0,1677431,45335.97297297297,90697,True,26,0,0,0,0.0,0,505600.0,3.9515,7.008,2856,102.0,6.568627450980392,100,False,,0,0,0,0,29,60,7.1,138867.0,84.0,tt1489887,10,10,22,True,0,0,,,success,tt1489887,True,11688.0,1869.0,6.253611556982343,18.0,1.0,-0.0090900296806254,0.1560159926201856,1.0,0.1230604601391118,0.2027822364901016,19.33579335793358,0.2690774907749077,4.505782575173478,1.918819188191882,6.199261992619927,3.2472324723247232,679.0,0.3632958801498127,326.0,1.0909090909090908,success,6khuykfuW7A,KinoFilm Pictures,10.0,-138.0,0.0,0.0,0.0,0.0,success,success,ANNAPURNA,1511625,7982.0,303.0,3865074,7,0.7693597485794852,0.086092715231788,0,0.0,0.7519796526190067,0.117144107849533,89,0.6798590609988147,0.5765719364395496,0.0,0.3750366970297663,38.78329294289645,40.73428930177411,-1.95099635887766,As Expected,0,,0,0,0,Comedy,0,27.89185489390828,42600,10.659633006160352,-0.4032148178062211,-0.6387893540895182,10.659633006160352,-0.2300013631219252,-0.4633824551692103,0.6798766551132066,0.093003830750586,17.028329275539825,0.0253831095043635,52.91092826347677,15.607270193858982,4.965491462259813,-0.0611158936106577,-0.4950790193828161,0.8270627190585695,0.4502062319729747,45.55873925501432,31.51862464183381,81.08882521489971,62.75071633237822,0.22898834338872157,0.9690217853799677,0.3783955347703331
327,Uncut Gems,2019,50023780,,19000000,Drama,,,A24,0,0,3709133,100246.83783783784,263200,True,29,0,0,0,0.0,0,473033.0,6.9792,7.165,5410,136.0,5.5,100,False,,0,0,0,0,27,91,7.4,351556.0,93.0,tt5727208,6,6,40,True,0,0,,,success,tt5727208,True,17940.0,2339.0,7.6699444206926035,19.0,0.0,0.0083169449191253,0.1002359416653056,1.0,0.0923471569046601,0.2791791363830697,57.53398430021061,0.1708788052843193,4.373476352998537,1.7231476163124642,5.265173272065863,3.5420256557533984,638.0,0.2727661393758016,353.0,1.4,success,vTfJp2Ts9X8,A24,10.0,-26.0,11678.0,,,,too_many_comments_to_reach_window,success,A24,14883206,130216.0,11678.0,16375665,7,0.8119553675577341,0.0960264900662251,0,0.0,0.8123326556033614,0.0967479346238446,118,0.722059519949809,0.4678924870096007,0.0,0.381896982236831,39.933451836042,46.68980840523258,-6.7563565691905865,Underperformer,0,,0,0,0,Drama,0,19.67670011148272,122000,11.711784520403112,-0.7980873529138188,-1.4295174622801523,11.711784520403112,-0.0753523682243488,0.1448550172210124,0.9473657575387632,-0.3277923803389092,17.72800907032108,0.2019199818075578,57.354016103299614,16.759949589762293,8.563759164446736,0.0871481295247061,0.1220764001279713,1.049453381574793,-0.0544266594906033,62.46418338108882,61.891117478510026,87.39255014326648,34.67048710601719,0.5764680322388954,1.2103672266102103,0.4204424672000038
328,Good Time,2017,3283369,,2000000,Crime,,,Elara Pictures,0,0,1596769,43155.91891891892,210377,True,10,0,0,0,0.0,0,429200.0,6.8909,7.2,3136,102.0,29.03174603174603,100,False,,0,0,0,0,6,47,7.3,149259.0,80.0,tt4846232,0,0,0,False,0,0,,,no_subtitle,tt4846232,False,,,,,,,,,,,,,,,,,,,,,success,AVyGCxHZ_Ko,A24,10.0,86.0,1356.0,90.0,117.0,0.7692307692307693,success,success,A24,3859800,30640.0,1356.0,7594376,9,0.7667144141472555,0.0331125827814569,0,0.0,0.7608148332163995,0.5458825398841448,53,0.6026803680426321,0.0,0.0,0.3475919152219144,34.18204694306057,23.07112480247804,11.110922140582533,Overperformer,0,,0,0,0,Crime,0,,2190000,14.599412558413585,,,14.599412558413585,0.9012425504373798,1.814161723780944,0.3717641747659072,-2.1394263807281715,15.004380891930497,0.354539759264284,61.19515743818085,14.508658238524095,15.2569380790425,1.059140320180711,1.7585925370617106,0.6495866493334392,-1.5691758640189413,94.26934097421204,93.40974212034384,72.77936962750717,10.601719197707736,,,
329,The Lobster,2015,15700000,,4000000,Comedy,,,Scarlet Films,0,0,8833,238.7297297297297,479,True,1,0,0,0,0.0,0,254320.0,5.2656,7.025,6919,119.0,11.206666666666669,100,False,,0,0,0,1,33,84,7.1,330883.0,82.0,tt3464902,7,7,29,True,0,0,,,success,tt3464902,True,8361.0,1177.0,7.103653355989804,19.0,2.0,0.005557385905111,0.1767514985142668,1.0,0.0,0.1325403568394222,1.3163668275559457,0.3189995612110575,7.552845528455284,1.3163668275559457,12.066695919262834,9.214567792891618,346.0,0.2939677145284622,206.0,1.1666666666666667,success,LTNZmOJxuAc,A24,9.0,-154.0,481.0,4.0,44.0,0.0909090909090909,success,success,A24,9787763,15979.0,481.0,10771409,11,0.4877410195162905,0.0033112582781456,0,0.0,0.8355777338157695,0.2056672420661266,117,0.7207845235091154,0.5,0.0,0.3240822796701738,30.240546613511665,36.757631179255554,-6.51708456574389,Underperformer,0,,0,0,0,Comedy,0,24.6382011721086,59500,10.993748398115178,-0.7668477772968295,-1.3621492706936429,10.993748398115178,-1.3760888829059097,-0.2702339411592942,0.7331580080888529,-0.2034752266844336,16.5691713340128,-0.3945900554304944,42.341025002874936,15.201805169084134,-5.923157393704095,-1.261928073713671,-0.3039345651795125,0.9103017638608984,0.1498153473689364,2.5787965616045847,39.54154727793696,83.0945558739255,46.41833810888252,,,
330,Amelie,2001,173921954,,10000000,Comedy,,,Victoires Productions,0,0,21158,571.8378378378378,824,True,0,0,0,0,0.0,0,194.0,11.9752,7.919,12448,122.0,33.25925925925926,100,False,,0,0,0,0,0,0,,0.0,,,2,2,46,True,0,0,,,success,tt0211915,True,5712.0,1074.0,5.318435754189944,14.0,6.0,0.0003719692267178,0.1318625387070337,1.0,0.1126629422718808,0.1443202979515828,0.5648121999435188,0.4781135272521886,5.540252182347236,2.8240609997175943,12.143462298785654,3.953685399604632,421.0,0.3919925512104283,345.0,1.5,skipped_pre_youtube_era,,,,,,,,,,success,Rotten Tomatoes Classic Trailers,5153355,39200.0,2593.0,5562029,25,0.534626776800826,0.0,0,0.0,0.891069958326374,0.6265702407504696,0,0.0,0.2641604167868594,0.0,0.2851054169465355,23.70589332499531,57.82163772108024,-34.11574439608493,Strong Underperformer,0,,0,0,0,Comedy,0,60.39915966386555,79500,11.283524879179666,1.514147465696966,2.249477229591282,11.283524879179666,-0.0226303982639073,-0.1027172745814321,-1.9212370331494864,-1.116623053265781,18.974117222074366,-0.8372166555887827,31.200979078826723,16.118095750958314,-23.02305351728582,-0.1366176452960319,-0.0922961563462908,-1.8978380496280107,-1.257747562183401,36.67621776504298,49.8567335243553,2.005730659025788,14.040114613180515,0.8734521473296998,1.2113625421280694,0.2208938464830179
331,Oldboy,2003,17500000,,3000000,Thriller,,,Show East,0,0,4491403,121389.27027027028,221658,True,0,0,0,0,0.0,0,670.0,12.7542,8.235,9923,120.0,30.366666666666667,100,False,,0,0,0,0,46,28,8.3,710562.0,78.0,tt0364569,1,1,36,True,0,0,,,success,tt0364569,True,5985.0,921.0,6.498371335504886,16.0,0.0,-0.0027406737911623,0.1109125391904036,1.0,0.0608034744842562,0.2421281216069489,13.241220495106504,0.3517559009786989,5.990990990990991,1.4392630972941851,3.454231433506045,8.059873344847437,272.0,0.2953311617806732,224.0,1.0,skipped_pre_youtube_era,,,,,,,,,,success,Bill Gnk,5450372,29612.0,1664.0,7959480,23,0.8222276289069907,0.0,0,0.0,0.8696484888364316,0.5713612719599568,74,0.6523127931601834,0.1666666666666666,0.0,0.390444447843722,41.36647441234794,37.77242578850149,3.594048623846448,As Expected,0,,0,0,0,Thriller,0,37.42690058479532,89500,11.402005077384883,-0.4333023720608004,-0.9172140260271342,11.402005077384883,1.2417304314491373,-0.0342251464904518,0.8325084244018581,-1.4941093293802583,16.677711496036597,0.3035827497578992,59.91266916058912,14.914123179965662,8.897979870288502,1.1781565460357095,-0.0549975799901338,1.0037429949981602,-1.3306106571502672,95.41547277936962,52.14899713467048,86.24641833810888,13.46704871060172,0.2320423371164351,0.8585117916700138,0.27815790758636916
332,Pan's Labyrinth,2006,83258226,,19000000,Fantasy,,,Estudios Picasso,0,0,2587853,69941.97297297297,163230,True,53,0,0,0,0.0,0,1417.0,11.2487,7.765,11508,118.0,12.492248062015504,100,False,,0,0,0,0,0,0,,0.0,,,9,9,30,True,0,0,,,success,tt0457430,True,5752.0,968.0,5.9421487603305785,17.0,0.0,-0.0030235766502173,0.1545717992877546,1.0,0.1146694214876033,0.140495867768595,7.675087943716021,0.3597697473616885,5.552123552123552,0.3197953309881676,3.517748640869843,7.675087943716021,360.0,0.371900826446281,180.0,1.2,success,jVZRnnVSQ8k,StudiocanalUK,8.0,-4917.0,401.0,4.0,4.0,1.0,success,success,StudiocanalUK,1677110,12348.0,401.0,2864913,20,0.7926327991859706,0.1754966887417218,0,0.0,0.8836507385418686,0.2302042692697618,0,0.0,0.5536546824812272,0.0,0.3428271977406521,33.38321977786395,51.18970588843106,-17.806486110567114,Strong Underperformer,0,,0,0,0,Fantasy,0,31.29346314325452,46600,10.74937727911096,-0.1009349004574192,-0.1617390816832686,10.74937727911096,0.1859736429048215,-0.4115022563555808,-1.9212370331494864,0.0042704622543304,18.237457504764997,-0.5597497144585017,38.18427937187539,16.759949589762293,-14.05884405086838,0.1523522488006518,-0.4152807406947899,-1.850808896868518,0.0250746471898413,66.7621776504298,35.24355300859599,2.5787965616045847,40.40114613180516,2.2685438696497506,3.901960784313726,0.9575476524602715
333,City of God,2002,30641770,,3300000,Drama,,,O2 Filmes,0,0,1675308,45278.59459459459,60750,True,0,0,0,0,0.0,0,598.0,14.2444,8.428,8232,129.0,11.188888888888888,100,False,,0,0,0,0,0,0,,0.0,,,6,6,15,True,0,0,,,success,tt0317248,True,9483.0,1387.0,6.837058399423215,16.0,0.0,-0.007126113092227,0.0999819621805631,1.0,0.1571737563085796,0.2422494592645998,21.57497303128371,0.2626752966558792,4.729675810473816,1.2585400934915498,5.753326141675656,17.080186983099605,453.0,0.3266041816870944,254.0,1.0,skipped_pre_youtube_era,,,,,,,,,,success,Rotten Tomatoes Classic Trailers,2682059,9456.0,354.0,2812584,24,0.7692917688812861,0.0,0,0.0,0.8519955168484331,0.2053279295818827,0,0.0,0.4678924870096007,0.0,0.3063799471202489,27.27266778673217,42.70170386289945,-15.429036076167275,Strong Underperformer,0,,0,0,0,Drama,0,26.78477275123906,86000,11.362114203075018,-0.7207698759755762,-1.2241773757735088,11.362114203075018,0.0050123140575567,-0.0572856318228621,-1.9212370331494864,-0.3277923803389092,17.23787470142739,-0.618786846915132,36.6984302011392,15.009433329466964,-15.210909174775937,-0.0784020594624698,-0.0699562987588695,-1.786017673564063,-0.2461455066584815,44.412607449856736,51.28939828080229,4.011461318051576,27.22063037249284,0.38074823093983917,0.9615072231487297,0.21079281624264323
334,Akira,1988,49000000,,5700000,Animation,,,MBS,0,1,2585041,69865.97297297297,108276,True,0,0,0,0,0.0,0,149.0,7.466,7.938,4813,124.0,2.1,100,False,,0,0,0,0,1,0,8.0,223673.0,68.0,tt0094625,9,9,34,True,0,0,,,success,tt0094625,True,8335.0,1303.0,6.396776669224866,19.0,0.0,-0.0174672275943098,0.1120010401585063,1.0,0.316193399846508,0.2709132770529547,12.482095355023532,0.3190096173521587,4.572133845309929,0.8184980560671169,3.887865766318805,9.617352158788622,432.0,0.3315425940138142,211.0,1.3333333333333333,skipped_pre_youtube_era,,,,,,,,,,success,RetroBiografen,1537032,14111.0,493.0,3325990,38,0.7925744397887718,0.0,0,0.0,0.8012851765979632,0.0318544220122046,1,0.1047249607948136,0.5536546824812272,0.0,0.3076668121463752,27.48841672564698,46.741827359238016,-19.253410633591034,Strong Underperformer,0,,0,0,1,Animation,0,25.314937012597483,390000,12.873904582205109,-0.3759175637681959,-0.6553329127878629,12.873904582205109,-0.3436742332300908,0.8166641240235968,-0.5542375011391323,0.0042704622543304,17.707330876483063,-0.0610290333674896,50.73610361524367,15.55597690824336,-4.796101674063401,-0.6375742304506729,0.8234459219939012,-0.4480093234216695,-0.17658447235416,5.444126074498568,85.10028653295129,31.23209169054441,28.36676217765043,0.2080911678460682,0.8719873576301177,0.2507963879292092
335,Princess Mononoke,1997,176506186,,23500000,Adventure,,,Studio Ghibli,0,1,3186411,86119.21621621621,155964,True,64,0,0,0,0.0,0,128.0,18.3428,8.32,9056,134.0,43.03703703703704,100,False,,0,0,0,0,14,6,8.3,477867.0,78.0,tt0119698,22,22,57,True,0,0,,,success,tt0119698,True,6044.0,1080.0,5.5962962962962965,16.0,1.0,-0.0221447444016888,0.1344541478829198,1.0,0.3074074074074074,0.1342592592592592,0.2773155851358846,0.310038824181919,4.483679525222552,0.0,3.327787021630616,18.85745978924016,517.0,0.4787037037037037,215.0,1.0,skipped_pre_youtube_era,,,,,,,,,,success,Crunchyroll Store Australia,7997280,56797.0,2458.0,8796954,29,0.8038014695337538,0.2119205298013245,0,0.0,0.8610095527088966,0.8131921070845978,20,0.4599852698988825,0.7539269926761688,0.0,0.4707637391237378,54.8323791624485,57.78538167614232,-2.953002513693825,As Expected,0,,0,0,1,Adventure,0,35.572468563864994,64200,11.06977406588073,0.3341627318040975,0.7592872132783383,11.06977406588073,1.7966893001255442,-0.2262843204321131,0.3732337515079647,0.779705282344136,18.988866487547618,0.8941582480324906,74.77629952090606,16.97251102166758,19.661307647071496,1.623652722893718,-0.2118269569331709,0.3960443458389002,0.5778846753144186,98.56733524355302,43.26647564469914,62.17765042979943,69.62750716332378,,,
336,Drive,2011,79713640,,15000000,Drama,,,FilmDistrict,0,0,3086706,83424.48648648648,180265,True,20,0,0,0,0.0,0,64690.0,9.2299,7.584,13693,100.0,30.893939393939394,100,True,26.961602671118527,3594,223672,0,1,79,180,7.8,761197.0,79.0,tt0780504,10,10,25,True,0,0,,,success,tt0780504,True,4682.0,827.0,5.66142684401451,16.0,0.0,0.005256167317836,0.1433515053449492,1.0,0.0290205562273276,0.2031438935912938,16.184971098265894,0.3391136801541425,5.431554524361949,0.0,3.468208092485549,4.238921001926782,297.0,0.3591293833131802,176.0,1.0,success,KBiOF3y1W0Y,Rotten Tomatoes Trailers,10.0,35.0,2809.0,10.0,22.0,0.4545454545454545,success,success,Rotten Tomatoes Trailers,10169808,49917.0,2809.0,10541701,15,0.8020949975150552,0.0662251655629139,0,0.0,0.9000773803061958,0.5814249717767351,259,0.8401421547009796,0.5765719364395496,0.0,0.4568631603816485,52.50188213826944,50.851495270464426,1.650386867805011,As Expected,0,,0,0,0,Drama,0,37.59077317385732,26500000,17.0926553286923,-0.1335099383973056,-0.2874788865063691,16.776047581987566,1.1697666172926655,3.0724510168467787,1.1502118616376409,0.093003830750586,18.193951283443944,1.5398241550981615,91.0264477355222,16.52356082573315,39.92729345121773,1.2101856605023729,3.063307694449452,1.2229913687556642,0.1926820200558499,96.2750716332378,98.56733524355302,93.69627507163324,49.8567335243553,-0.2795880091678943,0.5871322506064066,0.42542641147457877
337,Burning,2018,6591038,,7280000,Mystery,,,Pinehouse Film,0,0,1089953,29458.18918918919,57917,True,0,0,0,0,0.0,0,491584.0,5.5371,7.371,1826,148.0,52.82456140350877,100,False,,0,0,0,0,54,144,7.4,85033.0,91.0,tt7282468,4,4,130,True,0,0,,,success,tt7282468,True,5668.0,1006.0,5.634194831013916,18.0,2.0,0.0175203699352921,0.1566897285711491,1.0,0.0397614314115308,0.2365805168986083,0.930232558139535,0.351937984496124,5.398095238095238,0.3100775193798449,2.48062015503876,1.2403100775193798,363.0,0.3608349900596421,218.0,1.1666666666666667,success,oihHs2Errwk,Well Go USA Entertainment,10.0,-133.0,1114.0,9.0,78.0,0.1153846153846153,success,success,Well Go USA Entertainment,2734228,21372.0,1114.0,3586641,8,0.7462174771922412,0.0,0,0.0,0.7097293763915989,1.0,198,0.7997452139911421,0.3869880158145604,0.0,0.4388897560581784,49.48855686114374,28.974414407235457,20.514142453908285,Strong Overperformer,0,,0,0,0,Mystery,0,38.46153846153847,5580000,15.534699513568947,0.100461933526647,0.0817121404007603,15.534699513568947,2.012593161510285,2.354841051674768,1.1197005659789236,-0.6410465890935825,15.701221557177114,1.4691727144182352,89.2482891397824,15.800641557535496,42.686965329223824,2.178860551859288,2.307191561541577,1.3525170273508196,-0.139560359246488,100.0,95.70200573065902,95.12893982808023,29.799426934097426,-0.16155302320072104,0.6260743209291094,0.3588463070972453
338,A Separation,2011,24426169,,5000000,Drama,,,Asghar Farhadi Productions,0,0,627670,16964.054054054053,27982,True,42,0,0,0,0.0,0,60243.0,3.0116,7.899,1964,123.0,10.146464646464649,100,False,,0,0,1,0,89,52,8.3,276307.0,95.0,tt1832382,0,0,0,False,0,0,,,success,tt1832382,True,37145.0,1.0,37145.0,37145.0,0.0,0.0,0.0,0.0,1.0,1.0,0.0,0.0007836744929626,18.11951219512196,0.0,0.0,0.0,0.0,,0.0,,success,LlMaGZuSlDY,Rotten Tomatoes Trailers,10.0,-189.0,26.0,3.0,3.0,1.0,success,success,Sony Pictures Classics,1618545,9936.0,537.0,1790548,15,0.716593755541085,0.1390728476821192,0,0.0,0.7166105186707857,0.1854318793694014,141,0.7487569867829595,0.0,0.0,0.3223059743587436,29.94274072217945,40.61822148347636,-10.67548076129691,Underperformer,0,,0,0,0,Drama,0,,31000,10.34177474101152,,,10.34177474101152,-0.3067577899472231,-0.647132899050489,1.303454896762016,-2.1394263807281715,17.01116565648589,-0.4323980795927432,41.38947097219907,15.424948670398354,-8.281542720346728,-0.2555451624648143,-0.6713517170600245,1.4524718298009454,-1.8980250470675053,25.501432664756447,24.92836676217765,97.7077363896848,7.4498567335243555,0.9109670237942704,1.3806554702602438,0.29472771202210324
339,Enter the Void,2009,754249,,13000000,Fantasy,,,Fidélité Films,0,0,797977,21566.945945945947,31060,True,0,0,0,0,0.0,0,34647.0,3.3902,7.3,2003,161.0,30.98198198198198,100,False,,0,0,0,0,4,8,7.2,94013.0,69.0,tt1191111,0,0,0,False,0,0,,,success,tt1191111,True,5321.0,934.0,5.697002141327623,16.0,0.0,-0.0196074312910501,0.1665180280377406,1.0,0.2794432548179871,0.2944325481798715,40.97017371353655,0.2523762700753851,4.401157981803143,0.6555227794165848,8.5217961324156,10.81612586037365,326.0,0.3490364025695932,107.0,1.1,success,_tG_b5zaT9Y,Nello Guida,10.0,-98.0,769.0,3.0,4.0,0.75,success,success,crzymalu,1930291,12257.0,562.0,2379570,17,0.7294800433709929,0.0,0,0.0,0.7184677047876554,0.5831053814230596,12,0.387528404405897,0.0,0.0,0.3148061577358598,28.68536139677072,9.71399064891834,18.971370747852376,Strong Overperformer,0,,0,0,0,Fantasy,0,20.109002067280585,36500,10.505094936455558,-0.773650163166816,-1.2077996441379646,10.505094936455558,0.8178169919613336,-0.5527192508995828,-0.1764476941548744,-2.1394263807281715,13.533479157021308,-0.419616926499975,41.71114760068188,16.380459992348886,-4.197349662614492,0.8713080978456212,-0.6193396810197691,0.1969075422160202,-1.5107878544118971,93.12320916905443,27.22063037249284,54.72779369627507,11.174785100286533,0.3857702536520598,0.9451877395770124,0.21473351023907625
340,Spring Breakers,2012,32016127,,5000000,Drama,,,Iconoclast,0,0,1323308,35765.08108108108,63225,True,0,0,0,0,0.0,0,122081.0,2.7949,5.256,4045,94.0,5.091397849462366,100,False,,0,0,0,0,14,35,5.3,152753.0,63.0,tt2101441,0,0,0,False,0,0,,,success,tt2101441,True,6303.0,1021.0,6.173359451518119,20.0,0.0,-0.0015822730239104,0.1427107872279877,1.0,0.1096963761018609,0.178256611165524,36.66578739118966,0.2563967290952255,4.966903073286052,0.2637826431020839,14.24426272751253,6.594566077552098,376.0,0.3682664054848188,189.0,1.1111111111111112,success,imDML4om8z8,A24,10.0,46.0,1172.0,2.0,3.0,0.6666666666666666,success,success,A24,2752439,14890.0,1172.0,2922558,14,0.7566310738017886,0.0,0,0.0,0.784861260387584,0.0889492202682395,49,0.5910526182057242,0.0,0.0,0.2978125246465125,25.836299348382795,43.00826378434408,-17.171964435961286,Strong Underperformer,0,,0,0,0,Drama,0,29.985721085197525,21600,9.980494888896912,-0.2724079828453674,-0.4335562036965235,9.980494888896912,-0.3677280128896691,-0.855984895270685,-0.2874038683343765,-2.1394263807281715,17.28175033379866,-0.9493910961246425,28.377767779218853,15.424948670398354,-21.401672586311403,-0.304255939103131,-0.8777169710092393,-0.1559182662132593,-1.9157147033850768,20.34383954154728,18.05157593123209,43.553008595988544,7.163323782234957,0.26779093766738216,0.8452980711200135,0.2875598098708728
341,Nightcrawler,2014,47425835,,8500000,Crime,,,Sierra/Affinity,0,0,2208522,59689.78378378379,92182,True,0,0,0,0,0.0,0,242582.0,11.2917,7.708,11780,118.0,6.141975308641976,100,False,,0,0,0,1,46,126,7.8,662221.0,76.0,tt2872718,10,10,22,True,0,0,,,success,tt2872718,True,11799.0,1447.0,8.15411195577056,21.0,1.0,0.005673798703388,0.0883680624329015,1.0,0.0580511402902557,0.1644782308223911,12.835304297663686,0.2842515142774733,5.995426829268292,0.1442169022209402,2.163253533314104,7.499278915488896,334.0,0.2308223911541119,384.0,1.1,success,X8kYDQan8bw,Rotten Tomatoes Trailers,10.0,61.0,2476.0,168.0,259.0,0.6486486486486487,success,success,Rotten Tomatoes Coming Soon,6895704,47227.0,2310.0,9117435,12,0.7841245119878553,0.0,0,0.0,0.885858118546234,0.1090008854437621,172,0.7785911496632707,0.5765719364395496,0.0,0.3918271114068527,41.59828442393832,46.37551950039136,-4.777235076453039,As Expected,0,,0,0,0,Crime,0,32.54513094330028,182000,12.111767460549332,-0.8129927242802886,-1.6431792033095145,12.111767460549332,-0.1792605913749522,0.3760808523031773,0.9486855447153874,0.093003830750586,17.674677701463406,0.3282136499238384,60.53258074950194,15.955576839107596,10.715280081337385,-0.0899168334492596,0.3574328050859537,1.0546635448880697,0.2990987722423014,42.12034383954155,70.20057306590259,88.82521489971347,54.72779369627507,,,
342,Birdman,2014,103215094,,18000000,Drama,,,TSG Entertainment,0,0,2487498,67229.67567567568,151524,True,0,0,0,0,0.0,0,194662.0,8.0872,7.441,13618,120.0,3.092592592592593,100,True,27.98701298701299,4620,199219,0,0,0,0,5.1,174.0,,tt5130912,8,8,18,True,0,0,,,success,tt2562232,True,11041.0,1793.0,6.157836029001674,17.0,1.0,0.0024284193947262,0.1254344463804369,1.0,0.1260457334076966,0.218627997769102,25.20468775084284,0.2722748434740729,4.9756647138350605,3.692406485792262,10.595601220099534,6.421576497030021,651.0,0.3630786391522588,271.0,1.1666666666666667,success,8jAfBd3g6bA,Rotten Tomatoes Trailers,10.0,68.0,422.0,87.0,96.0,0.90625,success,success,SearchlightPictures,16468718,43928.0,5348.0,19413651,12,0.7905097573340861,0.0,0,0.0,0.8995583999825791,0.0507993690491539,0,0.0,0.5283208335737188,0.0,0.3059698117273625,27.203906670352307,53.098149127779095,-25.894242457426788,Strong Underperformer,0,,0,0,0,Drama,0,24.544878181324155,105000,11.561725152903833,-0.4530637608744478,-0.695524780857982,11.561725152903833,-0.3032480513650735,0.0581073110582492,-1.9121137686637792,-0.0938197258033904,18.45232566969526,-0.638906704334397,36.19205273635113,16.705882371415992,-14.564209823315991,-0.2210007686486652,0.0493709741845756,-1.8562597115111803,0.0190962720594162,29.512893982808023,57.59312320916905,2.292263610315186,39.54154727793696,,,
343,Her,2013,47351251,,23000000,Romance,,,Annapurna Pictures,0,0,1546562,41798.97297297297,123638,True,0,0,0,0,0.0,0,152601.0,9.0041,7.838,15357,126.0,33.3448275862069,100,True,28.103527256069626,4366,180452,0,0,1,3,6.8,9849.0,67.0,tt3720788,6,6,34,True,0,0,,,success,tt1798709,True,11634.0,1695.0,6.863716814159292,20.0,0.0,0.0177218623880176,0.1516148369264795,1.0,0.0182890855457227,0.2094395280235988,7.638252367858234,0.2140238313473877,5.245266005410279,2.9025358997861286,16.193095019859456,2.5970058050718,550.0,0.3244837758112094,193.0,1.2,success,dJTU48_yghs,Rotten Tomatoes Trailers,10.0,132.0,3087.0,323.0,399.0,0.8095238095238095,success,success,Warner Bros.,4464121,19009.0,1559.0,8673519,13,0.7649995094020816,0.0,0,0.0,0.9109144239438386,0.6282034258398619,4,0.2431638287054553,0.4678924870096007,0.0,0.378017318430292,39.283008057857614,46.16759816122814,-6.884590103370528,Underperformer,0,,0,0,0,Romance,0,16.589307203025616,73800000,18.11686930312084,-0.9145572207935688,-1.4670550283284194,16.776047581987566,1.1125250478587636,3.0724510168467787,-0.6127957651140932,-0.3277923803389092,17.67310381864067,0.9232355648093004,75.50811872048857,16.951004817371683,25.474430805967454,1.187154484637062,3.0547449729905285,-0.5066257472934118,-0.136241058612562,95.70200573065902,98.28080229226362,28.939828080229223,30.08595988538682,9.637686944082647,552.0422059651097,1.0380844158920202
344,The Grand Budapest Hotel,2014,174600318,,30000000,Comedy,,,Fox Searchlight Pictures,0,0,3845731,103938.67567567568,183603,True,0,0,0,0,0.0,0,120467.0,11.0858,8.028,16168,100.0,9.703703703703704,100,False,,0,0,4,0,137,227,8.1,968286.0,88.0,tt2278388,20,20,28,True,0,0,,,success,tt2278388,True,8811.0,1337.0,6.590127150336574,17.0,0.0,0.0075352678568834,0.1197690642395727,1.0,0.0388930441286462,0.1495886312640239,6.780317706315381,0.4312282061216583,6.97624703087886,0.7748934521503293,5.424254165052305,5.230530802014723,398.0,0.2976813762154076,317.0,1.0,success,mXRztrOK47I,Rotten Tomatoes Trailers,10.0,68.0,61.0,37.0,41.0,0.902439024390244,success,success,SearchlightPictures,15678215,77053.0,3286.0,18718559,12,0.8138966739869292,0.0,0,0.0,0.9157772862381612,0.1769811991273429,364,0.8913929629609396,0.7320529037964602,0.0,0.4343997700096762,48.735789705273,57.64189129940107,-8.906101594128067,Underperformer,0,,0,0,0,Comedy,0,35.97775507887867,59700,10.997104049659168,-0.4812154417767247,-0.9775678488069044,10.997104049659168,0.1483053349947826,-0.2682940750984565,1.4928836931456189,0.6950109471234811,18.978010028401325,0.5860612500014957,67.02210059589957,17.216707972959764,15.631106641117697,0.2257554521917486,-0.2703301680205174,1.5148543301405817,0.7449386582196623,75.07163323782235,40.40114613180516,98.28080229226362,79.94269340974212,,,
345,Eternal Sunshine of the Spotless Mind,2004,72258126,,20000000,Science Fiction,,,Focus Features,0,0,5032488,136013.1891891892,374513,True,53,0,0,0,0.0,0,38.0,17.8693,8.091,16409,108.0,9.84074074074074,100,True,27.71058315334773,9260,289118,1,0,73,111,8.3,1166070.0,89.0,tt0338013,9,9,34,True,0,0,,,success,tt0338013,True,8703.0,1434.0,6.069037656903766,16.0,0.0,0.0064513202588516,0.1418428227400638,1.0,0.0495118549511854,0.200836820083682,9.305088101366064,0.2520293011284894,5.004600345025877,0.593941793704217,10.690952286675904,1.3858641853098397,581.0,0.405160390516039,210.0,1.0,skipped_pre_youtube_era,,,,,,,,,,success,Kevin Grin,4469550,31068.0,1093.0,8629152,22,0.8283335065082541,0.1754966887417218,0,0.0,0.9171754085200594,0.179596732860056,184,0.788723628183357,0.5536546824812272,0.0,0.427131415380293,47.51721606537362,49.928070105412985,-2.4108540400393608,As Expected,0,,0,0,0,Science Fiction,0,24.12961047914512,138000,11.8350162104899,-0.4673779824715194,-0.6128070764643738,11.8350162104899,0.2261496988418543,0.2160939316569321,1.3179583529236252,0.0042704622543304,18.095755363059983,0.5135384134420381,65.19684262557949,16.811242881518265,12.688240561633188,0.1643640490741376,0.2124334739324295,1.3977011614140815,0.0125892004031212,68.48137535816619,64.75644699140402,95.70200573065902,38.96848137535817,0.18592565056748628,0.7244306971717916,0.4131743437387233
346,There Will Be Blood,2007,77208711,,25000000,Drama,,,Paramount Vantage,0,0,5657877,152915.5945945946,351542,True,53,0,0,0,0.0,0,7345.0,8.9049,8.074,7496,158.0,4.2926829268292686,100,False,,0,0,2,0,114,138,8.2,700517.0,93.0,tt0469494,6,6,23,True,0,0,,,success,tt0469494,True,9421.0,1308.0,7.2025993883792045,17.0,2.0,0.0224614036000976,0.1699249470613902,1.0,0.0749235474006116,0.2247706422018348,2.158555729984301,0.2521585557299843,5.506136762127411,0.5886970172684458,2.747252747252748,2.747252747252748,375.0,0.286697247706422,212.0,1.3333333333333333,success,FeSLPELpMeM,Rotten Tomatoes Classic Trailers,10.0,-2328.0,1573.0,0.0,0.0,0.0,success,success,Rotten Tomatoes Classic Trailers,4051359,25407.0,1571.0,5696470,19,0.8346210784955711,0.1754966887417218,0,0.0,0.843145904165925,0.0737046858844172,252,0.8360186891351107,0.4678924870096007,0.0,0.4065500611927917,44.06665579896435,50.46990998547429,-6.40325418650994,Underperformer,0,,0,0,0,Drama,0,22.50291901072073,165000,12.013706813470414,-0.695911400833615,-1.252832992991782,12.013706813470414,-0.0255949688094939,0.319393047065205,1.468176076235669,-0.3277923803389092,18.162022858368886,0.408345742562567,62.54934881465279,17.034386422832473,10.61559568099321,-0.0437992956127012,0.3136910275321347,1.5433758433166662,-0.2832172983915615,46.70487106017192,68.76790830945558,98.8538681948424,26.07449856733524,0.7743572766936979,1.569547440786864,0.4506066707911639
347,No Country for Old Men,2007,171627166,,25000000,Crime,,,Miramax,0,0,8156231,220438.67567567568,392057,True,69,0,0,0,0.0,0,6977.0,15.2928,7.95,13394,122.0,7.333333333333333,100,True,25.153229608675154,4242,195670,4,0,165,139,8.2,1177271.0,92.0,tt0477348,0,0,30,True,0,0,,,success,tt0477348,True,6736.0,920.0,7.321739130434783,17.0,1.0,-0.0043079595525247,0.0862550884629301,0.6666666666666666,0.0152173913043478,0.3,5.306447333510215,0.3289997346776333,5.59468438538206,0.2653223666755107,2.122578933404086,8.755638100291854,235.0,0.2554347826086957,218.0,0.6666666666666666,success,dedeDosu5fw,MovieStation,8.0,-2307.0,0.0,0.0,0.0,0.0,success,success,Rotten Tomatoes Classic Trailers,5904809,34892.0,1524.0,6790172,19,0.8542530447127396,0.2284768211920529,0,0.0,0.8979911906145281,0.1317395345614936,304,0.8642600638660659,0.0,0.0,0.383097369965962,40.13470245175416,57.525723135857874,-17.391020684103715,Strong Underperformer,0,,0,0,0,Crime,0,32.36342042755344,223000,12.314931534737134,-1.203484828619651,-2.20108675873391,12.314931534737134,0.2256545446311783,0.4935278181552616,1.519449772307798,-2.1394263807281715,18.96083504833832,0.1029073867565405,54.86206271519986,17.034386422832473,1.963793199462657,0.2001606071884918,0.4980072629470787,1.5431614389507338,-2.1905661711394377,72.20630372492836,76.50429799426934,98.56733524355302,2.292263610315186,0.22466356148313255,0.8522563403450771,0.28507658342513237
348,Donnie Brasco,1997,124909762,,35000000,Crime,,,Mark Johnson Productions,0,0,75979,2053.4864864864867,3695,True,0,0,0,0,0.0,0,9366.0,4.5812,7.54,4883,127.0,22.68148148148148,100,True,32.39512370025099,5578,249299,0,1,2,16,7.7,352285.0,77.0,tt0119008,6,6,25,True,0,0,,,success,tt0119008,True,13466.0,1733.0,7.770340450086555,19.0,0.0,0.0010304869681628,0.0850416744275065,1.0,0.0473167916907097,0.3219849971148297,29.38568714376187,0.2002533248891703,5.157410953657602,1.6466117796073465,3.799873337555415,4.053198226725776,445.0,0.2567801500288517,288.0,1.0,skipped_pre_youtube_era,,,,,,,,,,success,Rotten Tomatoes Classic Trailers,200580,1217.0,109.0,300896,29,0.6032494421887581,0.0,0,0.0,0.8026493869627569,0.4246793126253674,18,0.4448640423045896,0.4678924870096007,0.0,0.3346584113279831,32.01368453914495,54.65364411242805,-22.639959573283107,Strong Underperformer,0,,0,0,0,Crime,0,21.38719738600921,31300,10.351405324899678,-1.2602950719518058,-2.213006336625736,10.351405324899678,-0.2246043591358285,-0.6415655621009323,0.0891743397777872,-0.3277923803389092,18.64310213857419,-0.2869348181220985,45.05049679501522,17.370858648025116,-9.647005982995658,-0.3944856421587299,-0.6315152262213679,0.1342714612190888,-0.4881829854936963,13.753581661891118,26.36103151862464,53.00859598853869,21.48997134670487,,,
349,Gattaca,1997,12532777,,36000000,Science Fiction,,,Jersey Films,0,0,2380345,64333.64864864865,140849,True,0,0,0,0,0.0,0,782.0,6.7977,7.569,6956,107.0,33.544444444444444,100,True,19.934282584885,8217,427384,0,1,6,16,7.7,344754.0,64.0,tt0119177,8,8,23,True,0,0,,,success,tt0119177,True,6062.0,866.0,7.0,18.0,0.0,-0.0020049779576338,0.1037500690102133,1.0,0.0404157043879907,0.220554272517321,1.7626321974148065,0.3742655699177438,5.660130718954249,0.5875440658049353,5.581668625146886,3.81903642773208,299.0,0.3452655889145496,138.0,1.5,skipped_pre_youtube_era,,,,,,,,,,success,Sony Pictures Entertainment,975115,6050.0,335.0,1162872,29,0.7881461956617846,0.0,0,0.0,0.8360816578906601,0.6320133785185484,22,0.4737298485009811,0.5283208335737188,0.0,0.4046438109807478,43.74706403743159,34.339203146779084,9.407860890652508,Overperformer,0,,0,0,0,Science Fiction,0,22.76476410425602,74200,11.214532906153606,-0.2253254880157174,-0.3657137237704374,11.214532906153606,1.2363098874868432,-0.1426007920411648,0.0491254116981993,-0.0938197258033904,16.343858010199725,0.4064701336753211,62.50214340690729,17.399029524198163,10.580835904907175,1.0874105006736123,-0.161856058105591,0.2424222152423703,0.0212885422839477,95.12893982808023,46.70487106017192,56.16045845272206,40.11461318051576,0.60176709964963,1.235488606119915,0.309172497694798
350,Event Horizon,1997,26700000,,60000000,Horror,,,Impact Pictures,0,0,3026444,81795.78378378379,121287,True,0,0,0,0,0.0,0,8413.0,6.9981,6.582,3317,96.0,22.32962962962963,100,True,29.26339285714285,4480,243627,0,0,1,2,6.6,212612.0,35.0,tt0119081,5,5,17,True,0,0,,,success,tt0119081,True,6464.0,1011.0,6.393669634025717,20.0,2.0,-0.0033617333320597,0.1399199490650672,1.0,0.0771513353115727,0.1661721068249258,15.625,0.2976310483870967,4.759941089837997,0.252016129032258,4.536290322580646,5.292338709677419,354.0,0.3501483679525222,192.0,2.0,skipped_pre_youtube_era,,,,,,,,,,success,Rotten Tomatoes Classic Trailers,1179128,8412.0,686.0,1244620,29,0.8010366663132176,0.0,0,0.0,0.7661157883901636,0.4179637530413742,3,0.2094499215896272,0.430827083453526,0.0,0.3426429879101126,33.3523361384226,40.92008852804955,-7.567752389626946,Underperformer,0,,0,0,0,Horror,0,29.7029702970297,90500,11.413116179350729,0.6507795179482345,0.987964384693394,11.413116179350729,0.7283220383057218,-0.0278019379661172,-1.1795997116478052,-0.4713060019178684,17.10017416082366,-0.1826516986841099,47.6750989748814,17.909855136853043,-5.159413566384053,0.5725208411200065,-0.0374173838042039,-1.035051891175291,-0.4468206671416729,89.11174785100286,53.00859598853869,13.46704871060172,22.636103151862464,,,
351,Dark City,1998,27200000,,27000000,Mystery,,,New Line Cinema,0,0,1494050,40379.72972972973,61082,True,0,0,0,0,0.0,0,2666.0,6.5514,7.331,3228,101.0,22.985185185185184,100,True,18.8543885214662,8921,426447,0,0,12,19,7.6,223194.0,66.0,tt0118929,17,17,58,True,0,0,,,success,tt0118929,True,5602.0,781.0,7.172855313700384,16.0,0.0,-0.0026886934377331,0.0819329715515147,0.6666666666666666,0.0486555697823303,0.2317541613316261,1.3080444735120995,0.3407455853499019,5.015219337511191,1.962066710268149,4.251144538914323,4.905166775670373,243.0,0.3111395646606914,134.0,0.8666666666666667,skipped_pre_youtube_era,,,,,,,,,,success,Rotten Tomatoes Classic Trailers,2458305,16787.0,1572.0,2614584,28,0.7631452536411119,0.0,0,0.0,0.7635463845890338,0.4304759008978668,31,0.5236248039740681,0.6949875002403854,0.0,0.3938925096983578,41.94455810515727,41.239606143070375,0.7049519620868949,As Expected,0,,0,0,0,Mystery,0,23.920028561228133,90500,11.413116179350729,-1.0605796855327498,-1.7811168756608449,11.413116179350729,0.5757227898787514,-0.0278019379661172,0.1918607147391253,0.5514973255445218,17.11872756803093,0.4005193095441253,62.35237280097501,17.11134746100564,9.713745779083965,0.4344809661278627,-0.0381429703103204,0.335122088274905,0.588491768057372,85.38681948424069,52.72206303724928,59.02578796561605,70.48710601719198,0.5960635192571666,1.0781552439265258,0.2487848787593528
352,The Fountain,2006,15304890,,35000000,Drama,,,Regency Enterprises,0,0,1039116,28084.216216216217,41674,True,0,0,0,0,0.0,0,1381.0,3.8716,6.908,3116,96.0,7.042635658914729,100,False,,0,0,0,0,9,38,7.1,255646.0,51.0,tt0414993,8,8,23,True,0,0,,,success,tt0414993,True,3391.0,609.0,5.568144499178982,20.0,1.0,-0.0360713337930086,0.1995628324538639,1.0,0.0919540229885057,0.1888341543513957,2.5316455696202533,0.4217721518987342,3.984723854289072,1.5189873417721518,7.594936708860759,5.063291139240507,247.0,0.4055829228243021,150.0,1.3333333333333333,success,m8IlyFCbNZg,Rotten Tomatoes Classic Trailers,10.0,-3514.0,695.0,1.0,1.0,1.0,success,success,Rotten Tomatoes Classic Trailers,1389358,10286.0,695.0,1587774,20,0.7436535746611508,0.0,0,0.0,0.7602104233550384,0.1261911836200059,47,0.5848849789285274,0.5283208335737188,0.0,0.3486914568799592,34.36639024340644,36.10972441229509,-1.7433341688886514,As Expected,0,,0,0,0,Drama,0,44.23473901503981,86900,11.372524818667134,0.7308362791260242,1.150897457965058,11.372524818667134,-0.3320363995685848,-0.0512673669360485,-0.0741957070666553,-0.0938197258033904,16.543683008480688,-0.1646993015922176,48.12692570192156,17.370858648025116,-2.071069629732364,-0.3502011484887784,-0.0766342857344047,0.1054060653695777,0.129935054718714,16.9054441260745,50.71633237822349,51.862464183381086,44.412607449856736,,,
353,Sunshine,2007,34800000,,50000000,Science Fiction,,,Ingenious Media,0,0,50705,1370.4054054054054,2764,True,0,0,0,0,0.0,0,1272.0,5.3395,6.969,4294,108.0,19.30894308943089,100,False,,0,0,0,0,1,22,7.2,284835.0,64.0,tt0448134,7,7,23,True,0,0,,,success,tt0448134,True,5062.0,919.0,5.50816104461371,17.0,0.0,-0.0011447173307891,0.1607515801842921,1.0,0.001088139281828,0.1458106637649619,6.921555702043507,0.3559657218193803,4.678373382624769,0.3295978905735003,4.614370468029005,5.932762030323006,421.0,0.4581066376496192,197.0,1.0909090909090908,success,CFqTKK_PRU0,Subversive Rabbit,10.0,-4640.0,1.0,0.0,0.0,0.0,success,success,Rotten Tomatoes Classic Trailers,305157,1467.0,215.0,476031,19,0.5815405255313514,0.0,0,0.0,0.7905050163784065,0.3603099412495513,23,0.4801600181337137,0.5,0.0,0.3294056026824374,31.1330266079784,43.29593046561476,-12.162903857636362,Underperformer,0,,0,0,0,Science Fiction,0,38.91742394310549,899000,13.70903942580019,0.479143380020224,0.9161341457763668,13.70903942580019,-0.5029544386325275,1.299446593560656,-0.2394591229590334,-0.2034752266844336,17.365127973480334,0.0385510383544718,53.24233928139199,17.72753358339242,2.270787502344035,-0.513886651283781,1.2835875472031846,-0.1128948369248528,-0.0634150067433124,8.30945558739255,91.69054441260744,44.412607449856736,33.810888252149,,,
354,Grindhouse,2007,25422088,,60000000,Thriller,,,Yer Dead,0,0,1600856,43266.37837837838,109528,True,0,0,0,0,0.0,0,285923.0,3.0151,7.001,1890,191.0,2.2845528455284554,100,False,,0,0,0,0,10,22,7.5,195755.0,77.0,tt0462322,28,28,59,True,0,0,,,no_subtitle,tt0462322,False,,,,,,,,,,,,,,,,,,,,,success,QABR2sE0jXc,ClipHD,10.0,-2518.0,6.0,0.0,0.0,0.0,success,success,The Trailer Guy,233713,1776.0,78.0,251185,19,0.7668516306218749,0.0,0,0.0,0.7129830308693567,0.0353768580147972,32,0.5282739763834025,0.8096634991879288,0.0,0.3620000625699235,36.59764021737496,40.48687844823991,-3.8892382308649474,As Expected,0,,0,0,0,Thriller,0,,94300,11.454247073019191,,,11.454247073019191,-0.4605352321226237,-0.0040246107813895,0.3231230580299973,0.995511590551752,17.05112899973535,0.1842352239453374,56.90892533227421,17.909855136853043,6.316507920397328,-0.4686020274848839,-0.0238858110736401,0.4699264076396204,1.173195637557764,11.174785100286533,54.44126074498568,66.7621776504298,96.84813753581662,,,
355,MacGruber,2010,9322895,,10000000,Action,,,Universal Studios,0,0,637960,17242.162162162163,47394,True,0,0,0,0,0.0,0,37931.0,1.3872,5.423,609,90.0,3.695238095238096,100,False,,0,0,0,0,0,3,5.6,49198.0,43.0,tt1470023,7,7,36,True,0,0,,,success,tt1470023,True,8944.0,1512.0,5.915343915343915,30.0,0.0,0.0010938989361608,0.1520218521163871,1.0,0.1216931216931216,0.1541005291005291,21.484375,0.2724609375,4.829373650107992,0.390625,6.0546875,10.546875,652.0,0.4312169312169312,240.0,1.1666666666666667,success,sth-9uupBJU,Universal Pictures,10.0,48.0,83.0,0.0,8.0,0.0,success,success,Rotten Tomatoes Classic Trailers,525813,2415.0,126.0,620384,16,0.7174666197434985,0.0,0,0.0,0.6060664820764512,0.0623016583215875,3,0.2094499215896272,0.5,0.0,0.2812751301474663,23.063727832996417,31.975449519846137,-8.91172168684972,Underperformer,0,,0,0,0,Action,0,26.833631484794275,19400,9.873079890114704,-0.0472388695547964,0.0984141652628266,9.873079890114704,-0.6310865408694193,-0.91808035060357,-1.379641679800239,-0.2034752266844336,16.04798386800906,-0.8790727750380836,30.1475424062433,16.118095750958314,-18.57877637869966,-0.5858130214016012,-0.9536135838557608,-1.1684514961651176,0.1386037859146774,7.163323782234957,17.478510028653297,10.888252148997136,45.55873925501432,,,
356,Kung Fury,2015,0,,630019,Action,,,Laser Unicorns,0,0,568561,15366.513513513511,58488,True,19,0,0,0,0.0,0,251516.0,1.5501,7.477,1974,32.0,10.753333333333334,100,False,,0,0,0,0,4,6,7.9,64154.0,,tt3472226,0,0,0,False,0,0,,,success,tt3472226,True,1733.0,293.0,5.914675767918089,13.0,1.0,-0.0043972902334677,0.1160104131656617,1.0,0.1194539249146757,0.1262798634812286,20.192307692307693,0.4798076923076923,7.806306306306307,0.9615384615384616,2.8846153846153846,16.346153846153847,94.0,0.3208191126279863,135.0,1.0,success,nO_DIwuGBnA,Korvin,10.0,111.0,707.0,1.0,89.0,0.0112359550561797,success,success,LaserUnicorns,41041897,981719.0,51049.0,43236105,11,0.7112846561998986,0.0629139072847682,0,0.0,0.7170902108666894,0.197014773717908,10,0.3622888406341296,0.0,0.0,0.2761877044903292,22.21079713315505,,,,1,Kung Fury Collection,0,1,0,Action,1,77.89959607616849,24600,10.110542371500753,1.323571313497604,1.6544312900135711,10.110542371500753,-0.3019050447332776,-0.7808058444981353,-0.141478484853783,-2.1394263807281715,0.0,-0.866470222862967,30.464723998901324,13.353506843895566,2.2067926207473363,-0.0365412254212348,-1.0256930640016484,1.103644914360784,0.1992071052601285,48.42406876790831,14.040114613180515,90.25787965616044,51.00286532951289,0.10923931650289312,0.7588174062130056,0.5267530466804394
