rank,title,year,worldwide_gross,domestic_gross,budget,genre,franchise,director,studio,is_sequel,is_animated,wiki_total_views,wiki_avg_monthly_views,wiki_max_monthly_views,wiki_pageviews_found,wiki_languages,reddit_posts,reddit_comments,reddit_upvotes,reddit_avg_comments_per_post,reddit_top_post_upvotes,tmdb_id,tmdb_popularity,tmdb_vote_average,tmdb_vote_count,tmdb_runtime,gtrends_avg_interest,gtrends_max_interest,imsdb_found,imsdb_dialogue_percentage,imsdb_total_lines,imsdb_script_length_chars,omdb_oscar_wins,omdb_oscar_nominations,omdb_total_wins,omdb_total_nominations,imdb_rating,imdb_votes,metascore,imdb_id_from_omdb,wikiquote_count,wikiquote_dl_count,wikiquote_li_count,wikiquote_found,meme_post_count,subreddit_diversity,top_subreddit,subreddit_concentration,subtitle_status,imdb_id,subtitle_available,estimated_word_count,dialogue_line_count,avg_dialogue_length,longest_monologue_words,unique_character_count,sentiment_mean,sentiment_std,sentiment_peak,exclamation_ratio,question_ratio,profanity_score,vocabulary_richness,avg_sentence_complexity,humor_indicator,romance_indicator,violence_indicator,short_punchy_count,short_punchy_density,rare_proper_noun_count,sentiment_spike,yt_status,yt_video_id,yt_channel_title,yt_trailer_count,yt_upload_lead_days,yt_total_comments,yt_comments_day_7,yt_comments_day_30,yt_comments_velocity,yt_early_status,yt_views_status,yt_top_channel,yt_top_views,yt_top_likes,yt_top_comments_total,yt_total_views_top3,years_since_release,cfi_comp_wiki_views,cfi_comp_wiki_langs,reddit_engagement,cfi_comp_reddit,cfi_comp_tmdb_votes,cfi_comp_gtrends,awards_total,cfi_comp_awards,cfi_comp_quotes,cfi_comp_memes,cultural_footprint_index,cfi_score,cfi_predicted,cfi_residual,cultural_category
1,Avatar,2009,2923706994,760505847,237000000,Sci-Fi,Avatar,James Cameron,20th Century Fox,False,False,10390866,280834.2162162162,1594454,True,87,100,17605,362902,176.05,32886,19995.0,36.8934,7.602,33797,162.0,4.840909090909091,100,True,19.635099913119028,5755,343564,3,0,91,131,7.9,1486308.0,83.0,tt0499549,16,16,56,True,3,7,shittymoviedetails,0.18000000000000005,success,tt0499549,True,9332.0,1682.0,5.548156956004756,16.0,0.0,0.0052747688300601,0.1527527046409587,1.0,0.1741973840665873,0.0975029726516052,9.586366057163149,0.3009053790165099,4.6106719367588935,0.7101011894194922,6.035860110065684,10.118941949227764,818.0,0.4863258026159334,299.0,2.0,success,5PSNL1qE6VY,20th Century Studios,10.0,36.0,9570.0,,,,too_many_comments_to_reach_window,success,20th Century Studios,15657825.0,93972.0,9569.0,16462490.0,17,0.8160673985687903,0.31225296442687744,380507,0.8026398279591739,0.9854520647994671,0.12158984408281502,222,0.8169489361834195,0.6812438068750566,0.6309297535714573,0.6785831822995022,80.90406277324252,67.8714511106082,13.03261166263431,Overperformer
2,Avengers: Endgame,2019,2798754989,858373391,356000000,Action,MCU,Anthony & Joe Russo,Marvel Studios,True,False,8470758,228939.4054054054,367953,True,82,100,170391,1006743,1703.91,59294,299534.0,43.6233,8.234,27516,181.0,5.11,100,True,36.238872403560826,5392,219715,0,1,71,132,8.4,1440952.0,78.0,tt4154796,13,13,61,True,1,4,movies,0.3400000000000001,success,tt4154796,True,12144.0,2357.0,5.152312261349173,14.0,0.0,-0.0052988260031111,0.1482540566089099,1.0,0.0509121764955451,0.1777683495969452,3.652198342463829,0.2621154656552886,4.610478359908884,0.9832841691248771,4.073605843517348,6.88298918387414,1146.0,0.4862112855324565,416.0,2.0,success,TcMBFSGVi1c,Marvel Entertainment,10.0,40.0,261651.0,,,,too_many_comments_to_reach_window,success,Marvel Entertainment,166790505.0,3502165.0,261648.0,318129052.0,7,0.7926009728777235,0.2924901185770751,1177134,0.8731844619472995,0.9660232611883399,0.12834864104967197,203,0.8034944431390993,0.6345591536762674,0.31546487678572865,0.6471951364066227,72.01264258599902,67.09568900058579,4.916953585413225,As Expected
3,Avatar: The Way of Water,2022,2320250281,684074366,350000000,Sci-Fi,Avatar,James Cameron,20th Century Studios,True,False,12466372,336928.97297297296,1694554,True,62,100,40938,175978,409.38,20046,76600.0,33.5046,7.593,13973,192.0,7.078125,100,False,,0,0,1,0,74,153,7.5,601100.0,67.0,tt1630029,14,14,35,True,8,2,shittymoviedetails,0.6800000000000002,success,tt1630029,True,9509.0,2359.0,4.030945315811785,15.0,0.0,-0.0141133276783976,0.1758960668716493,1.0,0.2111064010173802,0.1030097498940229,7.260155574762317,0.245980985306828,3.479326747164288,0.5185825410544512,7.260155574762317,11.235955056179774,1533.0,0.6498516320474778,282.0,1.5,success,_ciBXV3MGGc,20th Century Studios UK,10.0,41.0,524.0,351.0,361.0,0.9722991689750693,success,success,Avatar,62521948.0,1046635.0,42280.0,63942557.0,4,0.8369840190522049,0.2134387351778656,216916,0.7675345063839976,0.9019901075037572,0.1777823336457357,227,0.8202990996434898,0.6511484326014197,1.0,0.6973695759444674,86.22576136736365,64.69947268281564,21.526288684548007,Strong Overperformer
4,Titanic,1997,2257844680,659363944,200000000,Drama,,James Cameron,Paramount,False,False,11970823,323535.75675675675,1289082,True,141,100,18646,477118,186.46,60926,597.0,36.982,7.902,27009,194.0,20.682835820895523,100,True,25.08343579834885,5693,305932,11,0,126,84,8.0,1389357.0,75.0,tt0120338,18,18,60,True,3,7,shittymoviedetails,0.18000000000000005,success,tt0120338,True,11890.0,2100.0,5.661904761904762,19.0,3.0,0.003307670037712,0.1452909330053007,1.0,0.1619047619047619,0.1309523809523809,5.005005005005005,0.2742742742742742,4.543370271303019,0.429000429000429,6.149006149006149,2.002002002002002,1032.0,0.4914285714285714,337.0,1.5,skipped_pre_youtube_era,,,,,,,,,,success,Rotten Tomatoes Trailers,6333281.0,51438.0,2341.0,11020346.0,29,0.8323250677925964,0.525691699604743,495764,0.8191679627674574,0.9642658765989252,0.519493908153702,210,0.8085918098302273,0.7079879189072642,0.6309297535714573,0.7459947027786428,100.0,64.6460916802234,35.35390831977659,Strong Overperformer
5,Star Wars: The Force Awakens,2015,2071562175,936662225,200000000,Sci-Fi,Star Wars,J.J. Abrams,Lucasfilm,True,False,4246294,114764.7027027027,203851,True,69,100,44458,171516,444.58,36379,140607.0,18.0799,7.25,20434,136.0,2.189189189189189,100,True,31.99225473321859,4648,221500,0,0,0,0,6.7,6.0,,tt7768640,17,17,26,True,1,7,digitalcodesell,0.18000000000000002,success,tt2488496,True,7098.0,1405.0,5.051957295373666,14.0,2.0,-0.0144754533722505,0.1703343948190693,1.0,0.1181494661921708,0.1516014234875445,0.7516913054372337,0.3139564019042846,4.265625,0.2505637684790779,0.7516913054372337,11.776497118516662,726.0,0.5167259786476869,263.0,2.0,success,OMOVFvcNfvE,Rotten Tomatoes Trailers,10.0,381.0,60354.0,,,,too_many_comments_to_reach_window,success,Star Wars,112415185.0,813884.0,113179.0,222913511.0,11,0.7132827116212208,0.24110671936758893,215974,0.7672626468743126,0.937904575214246,0.05498619519238075,0,0.0,0.6949875002403854,0.31546487678572865,0.5205540583791397,36.13850624916881,63.54151479877257,-27.403008549603754,Strong Underperformer
6,Avengers: Infinity War,2018,2052415039,678815482,316000000,Action,MCU,Anthony & Joe Russo,Marvel Studios,True,False,4171096,112732.32432432432,182630,True,79,100,119131,498116,1191.31,59042,299536.0,51.5505,8.234,31754,149.0,4.276785714285714,100,False,,0,0,0,1,48,80,8.4,1367190.0,68.0,tt4154756,24,24,97,True,3,4,movies,0.30000000000000004,success,tt4154756,True,8952.0,1726.0,5.186558516801854,13.0,0.0,-0.0240851510405392,0.1631267302193691,1.0,0.0625724217844727,0.160486674391657,4.963271788763153,0.3132817153067302,4.679560899111343,0.1985308715505261,3.772086559459996,10.72066706372841,803.0,0.4652375434530706,296.0,1.3333333333333333,success,QwievZ1Tx-8,Marvel Entertainment,9.0,39.0,175180.0,,,,too_many_comments_to_reach_window,success,Marvel Entertainment,270463017.0,4215698.0,453485.0,420004252.0,8,0.7112304453677967,0.28063241106719367,617247,0.8328585274582571,0.979559906503603,0.10742067211139376,128,0.734250499447729,0.7739760316291208,0.6309297535714573,0.6594947219982606,75.4967965214636,63.18015346904022,12.316643052423373,Overperformer
7,Spider-Man: No Way Home,2021,1929340411,804793477,200000000,Action,Spider-Man,Jon Watts,Sony,True,False,8977321,242630.2972972973,481657,True,63,100,58185,337346,581.85,26022,634649.0,79.3508,7.934,21801,148.0,6.2368421052631575,100,False,,0,0,0,1,35,72,8.1,1016161.0,71.0,tt10872600,33,33,103,True,4,5,shittymoviedetails,0.28,success,tt10872600,True,12681.0,2171.0,5.841087056655919,14.0,3.0,-0.0039541130858496,0.1351404654378096,1.0,0.0529709811146936,0.2137263933671119,3.4746351633078527,0.2489228630993745,4.7246646795827125,0.2779708130646282,4.447533009034052,6.810284920083391,800.0,0.3684937816674343,356.0,1.5,success,JfVOs4VSpmA,Sony Pictures Entertainment,9.0,27.0,172394.0,,,,too_many_comments_to_reach_window,success,Sony Pictures Entertainment,94459522.0,2978006.0,164720.0,181699179.0,5,0.7992721316154459,0.21739130434782605,395531,0.805058785447551,0.944023640715864,0.1566517042371627,107,0.7074053288374458,0.8479104735417233,0.7324867603589634,0.681453104616498,81.71703741053736,62.62913603767552,19.087901372861836,Strong Overperformer
8,Inside Out 2,2024,1698468228,652858789,200000000,Animation,Inside Out,Kelsey Mann,Pixar,True,True,13137244,355060.64864864864,2858124,True,47,100,53884,400647,538.84,72443,1022789.0,27.5743,7.544,6595,97.0,3.7514450867052025,100,False,,0,0,0,1,7,107,7.5,245290.0,73.0,tt22022452,22,22,150,True,1,8,movies,0.14000000000000004,no_subtitle,tt22022452,False,,,,,,,,,,,,,,,,,,,,,success,LEjhY15eCx0,Pixar,10.0,95.0,17885.0,,,,too_many_comments_to_reach_window,success,Pixar,68816884.0,576023.0,17886.0,113257698.0,2,0.8430044996161099,0.1541501976284585,454531,0.8137438233737426,0.8310462756251401,0.09422561229962458,114,0.7168936772064365,0.7539269926761688,0.31546487678572865,0.6179204278201261,63.71987610445466,60.9942080722212,2.7256680322334645,As Expected
9,Jurassic World,2015,1670400637,652270625,150000000,Action,Jurassic,Colin Trevorrow,Universal,True,False,5334861,144185.43243243243,515955,True,58,100,14846,150182,148.46,52106,135397.0,12.922,6.699,21468,124.0,5.398648648648648,100,False,,0,0,0,0,15,58,6.9,723175.0,59.0,tt0369610,15,15,45,True,3,5,shittymoviedetails,0.22000000000000003,success,tt0369610,True,7384.0,1289.0,5.728471683475562,16.0,0.0,0.0010843694707154,0.132568833107385,1.0,0.1024049650892164,0.1885182311869666,5.3068758652515,0.3458698661744347,4.96570275722932,1.6151361329026304,3.922473465620674,5.3068758652515,500.0,0.3878975950349108,228.0,1.3333333333333333,success,RFinNxS5KN4,Universal Pictures,10.0,192.0,47010.0,,,,too_many_comments_to_reach_window,success,Universal Pictures,94331638.0,380850.0,47010.0,137180090.0,11,0.7394952963669932,0.19762845849802368,165028,0.7504567501300328,0.9425691404078184,0.13559867271207476,73,0.6502847602727153,0.6666666666666667,0.6309297535714573,0.6203581545122809,64.41042091873139,60.932804940346756,3.477615978384634,As Expected
10,The Lion King (2019),2019,1657922558,541386957,260000000,Animation,Lion King,Jon Favreau,Disney,True,True,5022922,135754.64864864864,442401,True,56,100,39622,257801,396.22,52726,420818.0,13.7868,7.099,10701,118.0,4.71,100,False,,0,0,0,1,21,44,6.8,290328.0,55.0,tt6105098,41,41,16,True,1,5,boxoffice,0.28,success,tt6105098,True,7929.0,1537.0,5.158750813272609,14.0,0.0,-0.0082562308652093,0.16270489698087,1.0,0.1450878334417696,0.1522446324007807,0.0,0.2659010600706714,5.449484536082474,0.6625441696113075,7.950530035335689,8.613074204946997,645.0,0.4196486662329213,164.0,1.2,success,7TavVZMewpY,Disney,10.0,92.0,0.0,,,,comments_disabled,success,Disney,78765667.0,787582.0,0.0,81342782.0,7,0.7325749545046796,0.18972332015810278,297423,0.7872514665351499,0.8767807726620537,0.11830178069353327,65,0.632998937178216,0.8987195704631268,0.31546487678572865,0.607164210002042,60.67291827304035,60.54532497409102,0.12759329894933558,As Expected
11,The Avengers,2012,1520591679,623357910,220000000,Action,MCU,Joss Whedon,Marvel Studios,False,False,4439368,119982.91891891892,225321,True,84,100,24718,125389,247.18,22316,24428.0,55.5394,8.003,37302,143.0,5.809782608695652,100,False,,0,0,0,1,40,81,8.0,1555308.0,69.0,tt0848228,30,30,33,True,2,5,marvelstudios,0.32000000000000006,success,tt0848228,True,10797.0,1781.0,6.062324536777092,21.0,1.0,-0.0032444706083111,0.1094994510197073,1.0,0.0353733857383492,0.1734980348119034,2.246469833119384,0.3096919127086007,5.845695722793719,0.962772785622593,3.5301668806161746,7.862644415917844,672.0,0.3773161145423919,332.0,1.0,success,eOrNdBpGMv8,Marvel Entertainment,10.0,196.0,45828.0,,,,too_many_comments_to_reach_window,success,Marvel Entertainment,39905893.0,377575.0,45828.0,48003332.0,14,0.7183899453069205,0.30039525691699603,150107,0.7445371021085017,0.9947764975282024,0.14592518642272118,121,0.7258211959554243,0.8256993850644793,0.5,0.6418471616718667,70.4976999011387,59.52462272170206,10.973077179436643,Overperformer
12,Furious 7,2015,1515461453,515900338,190000000,Action,Fast & Furious,James Wan,Universal,True,False,3627877,98050.72972972973,457491,True,54,100,20423,140548,204.23,33766,168259.0,12.7135,7.218,11219,139.0,2.3716216216216215,100,False,,0,0,0,0,36,36,7.1,437204.0,67.0,tt2820852,8,8,30,True,1,5,movies,0.32000000000000006,success,tt2820852,True,8414.0,1462.0,5.755129958960328,16.0,0.0,-0.0024999301504089,0.1349513256967176,1.0,0.1231190150478796,0.1559507523939808,10.86065573770492,0.294672131147541,5.485006518904824,0.2049180327868852,7.786885245901639,4.918032786885246,623.0,0.4261285909712722,257.0,1.5,success,5Yab0sXGEjg,Rotten Tomatoes Trailers,10.0,150.0,2523.0,648.0,833.0,0.7779111644657863,success,success,The Fast Saga,76031234.0,380118.0,21044.0,106573111.0,11,0.6952040946829703,0.18181818181818182,160971,0.7489019269814251,0.8812474890317106,0.059568378125079154,72,0.6482291342554843,0.5283208335737188,0.31546487678572865,0.5502860936918694,44.560821543648885,59.55890906649418,-14.998087522845296,Underperformer
13,Frozen II,2019,1450026015,477373578,150000000,Animation,Frozen,Chris Buck,Disney,True,True,1112957,30079.91891891892,88997,True,71,100,17476,58346,174.76,25392,330457.0,14.3536,7.233,10230,103.0,8.83,100,False,,0,0,0,1,18,95,6.8,216694.0,64.0,tt4520988,10,10,33,True,1,6,movies,0.30000000000000004,success,tt4520988,True,8409.0,1940.0,4.3345360824742265,15.0,0.0,-0.0073293244556131,0.1208298505237637,1.0,0.0675257731958762,0.134020618556701,0.0,0.1862814604750088,6.174008810572687,0.3544842254519674,9.039347749025168,2.304147465437788,489.0,0.2520618556701031,201.0,1.2,success,Zi4LMpSDccc,Walt Disney Animation Studios,9.0,161.0,0.0,,,,comments_disabled,success,Walt Disney Animation Studios,103222635.0,945544.0,0.0,195362378.0,7,0.559484153011069,0.2490118577075099,75822,0.7018758546762571,0.8725275249057924,0.22178444236176195,113,0.7155741388486762,0.5765719364395496,0.31546487678572865,0.547365479242367,43.73348713856724,59.1178942552867,-15.384407116719458,Strong Underperformer
14,Top Gun: Maverick,2022,1490212222,567915301,170000000,Action,Top Gun,Joseph Kosinski,Paramount,True,False,9908086,267786.1081081081,576039,True,44,100,26882,161746,268.82,34697,361743.0,29.0298,8.2,10774,131.0,9.875,100,False,,0,0,1,0,114,237,8.2,855273.0,78.0,tt1745960,10,10,29,True,3,4,movies,0.30000000000000004,success,tt1745960,True,8913.0,1527.0,5.836935166994106,16.0,1.0,-0.0016434422377447,0.1198339254777991,1.0,0.1054354944335298,0.1257367387033398,11.29737609329446,0.276603498542274,4.862520458265139,0.7288629737609329,2.0043731778425657,11.84402332361516,636.0,0.4165029469548134,275.0,2.0,success,qSqVVswa420,Paramount Pictures,8.0,1037.0,36787.0,,,,too_many_comments_to_reach_window,success,Paramount Pictures,44764283.0,325893.0,21526.0,116038819.0,4,0.8106028922749664,0.1422924901185771,188628,0.7588059894345647,0.8774231775810586,0.2480318650421743,351,0.8859136446081977,0.5765719364395496,0.6309297535714573,0.6499980630780077,72.80663909264263,59.4022857210866,13.404353371556027,Overperformer
15,Barbie,2023,1444956839,636242439,145000000,Comedy,,Greta Gerwig,Warner Bros,False,False,75704,2046.054054054054,6865,True,82,100,33710,276634,337.1,51133,346698.0,25.0083,6.927,10977,114.0,3.2920353982300883,100,True,25.145819831497086,4629,187149,1,0,215,436,6.8,667737.0,80.0,tt1517268,2,2,14,True,6,4,shittymoviedetails,0.42000000000000004,success,tt1517268,True,12448.0,2094.0,5.944603629417383,15.0,0.0,0.0063153245459835,0.1504288303960296,1.0,0.100764087870105,0.1432664756446991,1.4019346698443853,0.2503855320342072,5.486117232260908,0.280386933968877,9.39296228795738,1.6823216038132622,740.0,0.3533906399235912,292.0,1.3333333333333333,success,pBk4NYhWNMM,Warner Bros.,10.0,54.0,36766.0,,,,too_many_comments_to_reach_window,success,Warner Bros.,90955023.0,903516.0,36765.0,131648348.0,3,0.2507520720937735,0.2924901185770751,310344,0.7899078791005211,0.8791869698227709,0.08268654983370793,651,0.9790451894332199,0.2641604167868594,0.8856218745807111,0.5464511021422934,43.474467796168746,59.09092417685335,-15.616456380684603,Strong Underperformer
16,Avengers: Age of Ultron,2015,1405403694,459005868,250000000,Action,MCU,Joss Whedon,Marvel Studios,True,False,2950625,79746.62162162163,117227,True,73,100,27302,219737,273.02,36676,99861.0,20.7453,7.3,24285,141.0,4.445945945945946,100,False,,0,0,0,0,8,52,7.3,998463.0,66.0,tt2395427,38,38,26,True,4,6,shittymoviedetails,0.24000000000000007,success,tt2395427,True,10428.0,1826.0,5.710843373493976,19.0,0.0,-0.0075694006006163,0.1207996382779072,1.0,0.0498357064622124,0.1527929901423877,2.5100401606425704,0.3068942436412316,5.134416543574594,0.502008032128514,3.514056224899598,8.701472556894243,807.0,0.4419496166484118,307.0,1.125,success,u1OKBqHICMQ,Rotten Tomatoes Trailers,10.0,180.0,3948.0,1706.0,1954.0,0.8730808597748209,success,success,Rotten Tomatoes Trailers,12359972.0,36910.0,3396.0,12719179.0,11,0.6714708041821191,0.25691699604743085,247039,0.7756572800755305,0.9542199435473802,0.1116694951746498,60,0.6210962351606106,0.8809003698103748,0.7324867603589634,0.645154596861471,71.43461059998278,58.44641097943216,12.988199620550617,Overperformer
17,Black Panther,2018,1350821664,700059566,200000000,Action,MCU,Ryan Coogler,Marvel Studios,False,False,4650432,125687.35135135135,211580,True,69,100,131702,418107,1317.02,57559,284054.0,15.2595,7.362,23365,135.0,4.464285714285714,100,True,28.485601823078515,4827,224168,3,0,125,289,7.3,907405.0,88.0,tt1825683,0,0,64,True,5,3,shittymoviedetails,0.42000000000000004,success,tt1825683,True,7883.0,1574.0,5.0082592121982215,13.0,1.0,-0.0014535073143713,0.1707112902175002,1.0,0.1454891994917408,0.1365946632782719,3.43878954607978,0.326685006877579,4.783373786407767,0.687757909215956,6.189821182943604,13.067400275103164,777.0,0.4936467598475222,281.0,1.5,success,xjDjIWPwcPU,Marvel Entertainment,10.0,119.0,53875.0,,,,too_many_comments_to_reach_window,success,Marvel Entertainment,55843192.0,569266.0,53876.0,147364160.0,8,0.7237249059972226,0.24110671936758893,549809,0.8256313482707416,0.950570567596217,0.11213013790333379,414,0.9107895832186529,0.0,0.8154648767857287,0.6128774393407451,62.29132812403462,58.05645270887115,4.234875415163472,As Expected
18,Harry Potter and the Deathly Hallows – Part 2,2011,1342025430,380674993,250000000,Fantasy,Harry Potter,David Yates,Warner Bros,True,False,3131083,84623.86486486487,129688,True,72,100,54527,1316505,545.27,111409,12445.0,22.8262,8.081,21855,130.0,8.760204081632653,100,False,,0,0,0,3,49,96,8.1,1035967.0,85.0,tt1201607,27,27,51,True,3,7,shittymoviedetails,0.18000000000000005,success,tt1201607,True,5522.0,927.0,5.9568500539374325,17.0,1.0,-0.0069626814724853,0.150599731233119,1.0,0.058252427184466,0.2006472491909385,1.8732438339057136,0.3406181704651889,4.997285067873303,0.9366219169528568,2.497658445207618,15.922572588198562,378.0,0.4077669902912621,268.0,1.3333333333333333,success,PUXpgitNeOU,Movieclips,10.0,-53.0,70.0,0.0,0.0,0.0,success,success,Warner Bros.,14123936.0,85875.0,25398.0,28210931.0,15,0.6782890295261903,0.25296442687747034,1371032,0.8827093108510425,0.9442574103445638,0.22003136774859897,145,0.752954095050298,0.801225820342934,0.6309297535714573,0.6724359554689788,79.16271267699841,57.85447471129581,21.308237965702602,Strong Overperformer
19,Star Wars: The Last Jedi,2017,1332459537,620181382,200000000,Sci-Fi,Star Wars,Rian Johnson,Lucasfilm,True,False,2966270,80169.45945945945,158570,True,57,100,134918,289810,1349.18,64509,181808.0,40.4235,6.755,16234,152.0,2.6451612903225805,100,False,,0,0,0,0,0,0,4.3,72.0,,tt7769872,13,13,20,True,4,5,shittymoviedetails,0.26000000000000006,success,tt2527336,True,8111.0,1555.0,5.216077170418006,17.0,1.0,-0.0180905866195255,0.1825199171698003,1.0,0.1099678456591639,0.1266881028938906,1.273074474856779,0.3142372162104817,5.1109010712035285,0.6365372374283895,2.121790791427965,9.972416719711436,714.0,0.4591639871382637,281.0,2.0,success,J-qnbOVhM_U,Rotten Tomatoes Trailers,10.0,63.0,2077.0,1332.0,1357.0,0.9815770081061165,success,success,Star Wars,59175457.0,794400.0,85948.0,106240464.0,9,0.6720782058538963,0.19367588932806323,424728,0.8095075782935057,0.9161622358223707,0.0664389152583366,0,0.0,0.6345591536762674,0.7324867603589634,0.5506494522738806,44.663751615891314,57.880883790542754,-13.21713217465144,Underperformer
20,Aquaman,2018,1148161807,335061007,160000000,Action,DC Extended,James Wan,Warner Bros,False,False,5054873,136618.1891891892,770647,True,56,100,37776,309509,377.76,76628,297802.0,19.6144,6.867,14833,143.0,6.205357142857143,100,False,,0,0,0,0,3,36,6.8,550663.0,55.0,tt1477834,0,0,127,True,4,6,shittymoviedetails,0.22000000000000003,success,tt1477834,True,7105.0,1134.0,6.265432098765432,16.0,0.0,-0.009341129182399,0.1410127626856316,1.0,0.1155202821869488,0.1269841269841269,6.193548387096774,0.3553548387096774,5.881622516556291,0.0,6.967741935483871,15.225806451612904,421.0,0.3712522045855379,209.0,1.5,success,WDkg3h8PCVU,Warner Bros.,10.0,138.0,84354.0,,,,too_many_comments_to_reach_window,success,Warner Bros.,66939822.0,675265.0,84354.0,83337494.0,8,0.7333032602181084,0.18972332015810278,347285,0.7969330401775263,0.9076339170277341,0.15586089168563397,39,0.5573387110898962,0.0,0.7324867603589634,0.56035162011116,47.41212439649758,56.08944722536208,-8.677322828864497,Underperformer
21,Incredibles 2,2018,1242805359,608581744,200000000,Animation,Incredibles,Brad Bird,Pixar,True,True,2498264,67520.64864864865,103900,True,52,100,51977,459418,519.77,60232,260513.0,12.6019,7.451,13607,118.0,3.267857142857143,100,False,,0,0,0,1,14,81,7.5,366471.0,80.0,tt3606756,25,25,62,True,0,3,movies,0.42000000000000004,success,tt3606756,True,10827.0,2022.0,5.35459940652819,13.0,0.0,-0.0045572119385175,0.1372850352224326,1.0,0.1498516320474777,0.16864490603363,0.4778591908251035,0.2989805670595731,4.750767880649407,1.4335775724753106,9.238611022618668,3.0264415418923223,918.0,0.4540059347181009,327.0,1.3333333333333333,success,i5qOzqD9Rms,Pixar,10.0,61.0,0.0,,,,comments_disabled,success,Pixar,166595914.0,488933.0,0.0,259220509.0,8,0.6523559416266977,0.17391304347826086,511395,0.8211070405763985,0.899482042630465,0.08207926094524032,95,0.689609939723341,0.7834066196901821,0.0,0.5575416870873683,46.61614317174057,56.98735566879324,-10.371212497052674,Underperformer
22,The Fate of the Furious,2017,1236005118,401715658,250000000,Action,Fast & Furious,F. Gary Gray,Universal,True,False,3207116,86678.81081081081,484739,True,50,100,18621,103550,186.21,23754,337339.0,8.2613,6.856,10761,136.0,2.8225806451612905,100,False,,0,0,0,0,2,16,6.6,273831.0,56.0,tt4630562,9,9,14,True,0,2,movies,0.6800000000000002,success,tt4630562,True,9129.0,1516.0,6.021767810026385,16.0,0.0,-0.0046613200636947,0.137161099002763,1.0,0.0996042216358839,0.1497361477572559,12.502332524724762,0.3028550102631088,5.610940381069453,1.1196118678857996,3.732039559619332,6.904273185295764,604.0,0.3984168865435356,325.0,1.5,success,KBpNzmPAywk,Rotten Tomatoes Trailers,10.0,-2129.0,60.0,39.0,39.0,1.0,success,success,The Fast Saga,21349597.0,164665.0,18253.0,33592038.0,9,0.681044846463758,0.1660079051383399,122171,0.7316738171619231,0.877309095840333,0.07089518396468845,18,0.4448640423045896,0.5536546824812272,0.0,0.493816823698054,28.564540383125415,56.798800083007876,-28.23425969988246,Strong Underperformer
23,Frozen,2013,1290000000,400721099,150000000,Animation,Frozen,Chris Buck,Disney,False,True,4598666,124288.27027027027,248120,True,24,100,18251,264542,182.51,57198,109445.0,20.2513,7.248,17491,102.0,10.05232558139535,100,True,34.55134135060129,4324,178144,2,0,83,60,7.4,708011.0,75.0,tt2294629,30,30,42,True,3,5,moviedetails,0.28,success,tt2294629,True,8138.0,1672.0,4.867224880382775,16.0,1.0,-0.0020788480193384,0.1813338935327081,1.0,0.1901913875598086,0.1543062200956937,0.0,0.2514805414551607,4.781433607520564,0.6345177664974618,25.592216582064296,1.9035532994923856,622.0,0.3720095693779904,216.0,1.3333333333333333,success,R-cdIvgBCWY,Rotten Tomatoes Trailers,10.0,54.0,0.0,,,,comments_disabled,success,Walt Disney Animation Studios,49464447.0,71426.0,3458.0,115127746.0,13,0.7224391958237599,0.06324110671936758,282793,0.7841006893418603,0.923209437701555,0.25248577842679976,143,0.7508701146778002,0.8256993850644793,0.6309297535714573,0.64595153464927,71.66036242787914,57.61781407658563,14.042548351293505,Overperformer
25,Minions,2015,1159398499,336045770,74500000,Animation,Minions,Pierre Coffin,Illumination,True,True,3048813,82400.35135135135,235332,True,64,100,13401,64834,134.01,9686,211672.0,7.1211,6.42,11052,91.0,4.283783783783784,100,False,,0,0,0,0,4,29,6.4,281964.0,56.0,tt2293640,13,13,39,True,6,5,shittymoviedetails,0.4,success,tt2293640,True,5323.0,1089.0,4.887970615243343,15.0,4.0,-0.0003931814537875,0.15247844211438,1.0,0.1891643709825528,0.1175390266299357,0.3034901365705614,0.3368740515933232,3.300061996280223,1.2139605462822458,7.890743550834597,2.1244309559939305,557.0,0.5114784205693297,299.0,1.0833333333333333,success,eisKxhjBnZ0,Rotten Tomatoes Trailers,10.0,224.0,0.0,,,,comments_disabled,success,Rotten Tomatoes Trailers,30875029.0,81179.0,0.0,77567086.0,11,0.6752307353307121,0.22134387351778656,78235,0.7038327980833008,0.879830378143343,0.10759644367891792,33,0.532784346595013,0.6345591536762674,0.8856218745807111,0.6019863137020065,59.206154402275345,56.61917822699931,2.5869761752760354,As Expected
26,Captain America: Civil War,2016,1153304495,408084349,250000000,Action,MCU,Anthony & Joe Russo,Marvel Studios,True,False,3164725,85533.1081081081,164265,True,64,100,23851,259685,238.51,70730,271110.0,20.2249,7.447,23906,147.0,3.411764705882353,100,False,,0,0,0,0,16,73,7.8,924967.0,75.0,tt3498820,10,10,32,True,2,5,moviedetails,0.26000000000000006,success,tt3498820,True,10098.0,1865.0,5.414477211796247,16.0,0.0,-0.0025124644494617,0.1374127986418085,1.0,0.0423592493297587,0.1490616621983914,4.609081597814954,0.3303175145100717,5.170506912442396,0.1707067258449983,3.7555479685899615,9.730283373164903,838.0,0.4493297587131367,390.0,1.5,success,QGfhS1hfTWw,Rotten Tomatoes Trailers,10.0,47.0,15183.0,,,,too_many_comments_to_reach_window,success,Marvel Entertainment,90875622.0,820525.0,124906.0,117788762.0,10,0.6795165471597804,0.22134387351778656,283536,0.7842645939746242,0.9527335899323301,0.08569380892000661,89,0.6798590609988147,0.5765719364395496,0.5,0.5943764552077297,57.05047865014361,55.91042998753667,1.1400486626069366,As Expected
27,Beauty and the Beast (2017),2017,1263521126,504014061,160000000,Fantasy,,Bill Condon,Disney,False,False,3129033,84568.45945945945,150295,True,54,100,47089,246643,470.89,52716,321612.0,13.9292,6.968,15962,129.0,3.403225806451613,100,False,,0,0,0,2,17,81,7.1,356758.0,65.0,tt2771200,28,28,30,True,1,5,movies,0.4,success,tt2771200,True,8910.0,1784.0,4.994394618834081,14.0,0.0,0.0012276027410556,0.1740435896849973,1.0,0.1451793721973094,0.1149103139013452,0.1961938395134392,0.3103786541102609,5.995962314939435,2.158132234647832,17.853639395722972,4.904845987835982,675.0,0.3783632286995516,280.0,1.3333333333333333,success,iSGUAlTDyO8,Rotten Tomatoes Trailers,10.0,121.0,0.0,,,,comments_disabled,success,Rotten Tomatoes Trailers,5040164.0,38230.0,0.0,10434089.0,9,0.6782138040804773,0.18181818181818182,293732,0.7864714220815584,0.9145655911301,0.08547933609456722,98,0.6942591121326752,0.8096634991879288,0.31546487678572865,0.5930621049473253,56.67815727409005,57.31758781970049,-0.6394305456104448,As Expected
28,Rogue One: A Star Wars Story,2016,1056057273,532177430,200000000,Sci-Fi,Star Wars,Gareth Edwards,Lucasfilm,False,False,4390288,118656.43243243243,740942,True,52,100,25340,177603,253.4,89701,330459.0,9.4389,7.505,16293,133.0,5.014705882352941,100,False,,0,0,0,2,24,85,7.8,748381.0,65.0,tt3748528,6,6,24,True,1,5,movies,0.32,success,tt3748528,True,8057.0,1559.0,5.168056446440025,16.0,0.0,-0.0086445991112443,0.1474275916604006,1.0,0.1250801796023091,0.1289288005131494,0.0,0.3006121556624399,4.689755529685681,0.4372540445999126,1.9676432006996063,14.210756449497158,786.0,0.504169339320077,234.0,1.5,success,uKDdMAI-onI,Rotten Tomatoes Trailers,9.0,250.0,2667.0,1335.0,1407.0,0.9488272921108742,success,success,Star Wars,46741536.0,419859.0,78758.0,119429307.0,10,0.7171130403961563,0.17391304347826086,202943,0.7633752371147905,0.9165050349575982,0.12595512431776834,109,0.7101776301343986,0.4678924870096007,0.31546487678572865,0.5670884751705249,49.32050089364546,54.89861146488013,-5.578110571234674,Underperformer
29,Finding Dory,2016,1028551760,486295808,200000000,Animation,Finding Nemo,Andrew Stanton,Pixar,True,True,1778765,48074.72972972973,78958,True,64,100,18229,86085,182.29,27298,127380.0,7.7441,7.039,12605,97.0,2.838235294117647,100,False,,0,0,0,0,17,48,7.2,331036.0,77.0,tt2277860,14,14,93,True,0,3,digitalcodesell,0.38,success,tt2277860,True,11268.0,1574.0,7.158831003811944,17.0,0.0,-0.0039077713422769,0.1258993155040685,1.0,0.2687420584498094,0.2674714104193138,0.0,0.1723202170963365,3.750998668442077,1.8091361374943464,6.633499170812604,1.206090758329564,419.0,0.2662007623888183,211.0,1.5,success,oP0WR2Ql9yI,Rotten Tomatoes Trailers,10.0,105.0,0.0,,,,comments_disabled,success,TheEllenShow,32602320.0,196288.0,0.0,40012198.0,10,0.6133411690899551,0.22134387351778656,104314,0.7218032967231889,0.8922542778042754,0.07128838414466068,65,0.632998937178216,0.6511484326014197,0.0,0.5139322836872646,34.26272903858199,54.56007582676389,-20.297346788181905,Strong Underperformer
30,Iron Man 3,2013,1215439994,408992272,200000000,Action,MCU,Shane Black,Marvel Studios,True,False,2350536,63528.0,95137,True,63,100,15962,87281,159.62,13571,68721.0,21.6009,6.931,23309,130.0,4.011627906976744,100,False,,0,0,0,1,20,63,7.1,957295.0,62.0,tt1300854,10,10,17,True,1,7,digitalcodesell,0.22000000000000006,success,tt1300854,True,11075.0,1815.0,6.101928374655647,19.0,0.0,0.0057213034898985,0.1226477270345893,1.0,0.0501377410468319,0.2088154269972451,3.0868961259453616,0.3068374749189689,4.827811682650393,0.9260688377836086,2.778206513350826,8.334619540052476,680.0,0.3746556473829201,316.0,1.25,success,aV8H7kszXqo,Rotten Tomatoes Trailers,10.0,176.0,5827.0,,,,too_many_comments_to_reach_window,success,Marvel UK,31346276.0,103820.0,6417.0,38022407.0,13,0.6453550039724134,0.21739130434782605,103243,0.7211586463229723,0.9503438148547204,0.10076066345546086,83,0.6694351914885097,0.5765719364395496,0.31546487678572865,0.5562995087962567,46.26426624472706,56.70174264030979,-10.437476395582728,Underperformer
31,Toy Story 4,2019,1074251311,433038290,200000000,Animation,Toy Story,Josh Cooley,Pixar,True,True,3006879,81267.0,133922,True,74,100,49708,476744,497.08,95740,301528.0,14.6044,7.466,10449,100.0,5.36,100,False,,0,0,1,0,61,65,7.6,310352.0,84.0,tt1979376,2,2,86,True,0,3,movies,0.45999999999999996,success,tt1979376,True,9113.0,1806.0,5.0459579180509415,13.0,0.0,-0.0025463861842599,0.1604243703070283,1.0,0.2408637873754152,0.2270210409745293,0.0,0.2283801376232099,4.00923889133304,2.045750418448949,5.579319323042588,0.7439092430723452,819.0,0.4534883720930232,274.0,1.3333333333333333,success,wmiIUN-7qhE,Pixar,10.0,91.0,0.0,,,,comments_disabled,success,Pixar,70583896.0,1109891.0,0.0,156200415.0,7,0.6736399824310055,0.2608695652173913,526452,0.8229196626019138,0.8745289841761229,0.13462792877225868,126,0.7318897298295294,0.2641604167868594,0.0,0.5259195914848,37.658422765596946,55.117731049023945,-17.459308283427,Strong Underperformer
32,Doctor Strange in the Multiverse of Madness,2022,955841637,411051477,200000000,Action,MCU,Sam Raimi,Marvel Studios,True,False,5108932,138079.24324324325,260895,True,54,100,38277,177852,382.77,43868,453395.0,19.1796,7.225,10212,126.0,5.0,100,False,,0,0,0,0,10,31,6.9,543288.0,60.0,tt9419884,9,9,43,True,4,4,shittymoviedetails,0.30000000000000004,success,tt9419884,True,6490.0,1249.0,5.196156925540432,17.0,1.0,-0.0005031830992599,0.1956817908799322,1.0,0.0680544435548438,0.1705364291433146,5.261700360011077,0.3284408751038493,4.682539682539683,0.2769315978953198,6.646358349487676,8.307947936859597,607.0,0.4859887910328263,221.0,1.5,success,aWzlQ2N6qqg,Marvel Entertainment,10.0,79.0,85740.0,,,,too_many_comments_to_reach_window,success,Marvel Entertainment,66346996.0,2101471.0,85739.0,109500168.0,4,0.7345250854963743,0.18181818181818182,216129,0.7673074609998167,0.8723611205510945,0.12558575445173384,41,0.5647102306936961,0.5536546824812272,0.7324867603589634,0.603428182334728,59.61459842940866,53.61960434647784,5.994994082930816,Overperformer
33,Thor: Love and Thunder,2022,943139099,343261365,250000000,Action,MCU,Taika Waititi,Marvel Studios,True,False,4885030,132027.83783783784,286694,True,50,100,36861,251395,368.61,27026,616037.0,14.2384,6.372,8484,119.0,4.90625,100,False,,0,0,0,0,5,24,6.1,459337.0,57.0,tt10648342,7,7,36,True,3,4,marvelstudios,0.26,success,tt10648342,True,9414.0,1789.0,5.262157629960872,14.0,1.0,-0.0061642738976444,0.1609218023047285,1.0,0.0933482392397987,0.1430967020681945,3.1722336256764323,0.279156559059526,5.074932614555256,1.1196118678857996,13.808546370591529,11.755924612800897,771.0,0.4309670206819452,272.0,1.0,success,Go8nTmfrQd8,Marvel Entertainment,10.0,42.0,58489.0,,,,too_many_comments_to_reach_window,success,Marvel Entertainment,60621159.0,1598263.0,58489.0,60621750.0,4,0.7293777048900003,0.1660079051383399,288256,0.7852958933871546,0.8548446126831346,0.12323102155576382,29,0.5138739252495418,0.5,0.6309297535714573,0.5818234414752547,53.494535088298804,53.329814426189216,0.16472066210958758,As Expected
34,Ant-Man and the Wasp: Quantumania,2023,476471457,476471457,325000000,Action,MCU,Jon Watts,Marvel Studios,True,False,6438140,174003.7837837838,1257119,True,47,100,32360,92407,323.6,32835,640146.0,12.1827,6.23,5753,125.0,4.429203539823009,100,False,,0,0,0,0,0,14,6.0,268749.0,48.0,tt10954600,6,6,18,True,1,5,boxoffice,0.24000000000000002,success,tt10954600,True,7639.0,1558.0,4.903080872913992,15.0,0.0,-0.0066292999540753,0.1575797142493605,1.0,0.0892169448010269,0.2034659820282413,6.552773227240814,0.2361338637959279,4.335414301929625,0.468055230517201,7.020828457758015,9.12707699508542,773.0,0.4961489088575096,178.0,1.25,success,ZlNFpri-Y40,Marvel Entertainment,10.0,113.0,39962.0,,,,too_many_comments_to_reach_window,success,Marvel Entertainment,35355870.0,1012339.0,39963.0,62382551.0,3,0.7610860452785384,0.1541501976284585,124767,0.7329872314755438,0.8181407011972877,0.11124897363379253,14,0.40914896445472815,0.4678924870096007,0.31546487678572865,0.526419275421776,37.79997027892834,44.43193480476083,-6.631964525832487,Underperformer
35,Shrek Forever After,2010,752374151,325009553,165000000,Animation,Shrek,Mike Mitchell,DreamWorks,True,True,2000174,54058.75675675676,118073,True,52,100,8187,19014,81.87,5877,10192.0,13.9148,6.393,7889,93.0,4.283653846153846,100,False,,0,0,0,0,1,13,6.3,243636.0,58.0,tt0892791,30,30,46,True,2,8,shittymoviedetails,0.14000000000000004,success,tt0892791,True,6859.0,1032.0,6.646317829457364,17.0,1.0,0.0011585699855193,0.1269969099105249,1.0,0.3527131782945736,0.2073643410852713,0.4991265285749938,0.3077115048664836,4.909806728704367,1.7469428500124782,15.9720489143998,2.495632642874969,343.0,0.3323643410852713,214.0,1.0,success,uiMYWlK8cu8,wrfilmshd,10.0,109.0,0.0,,,,comments_disabled,success,Universal Kids,1074784.0,1059.0,0.0,2642786.0,16,0.6268157809222541,0.17391304347826086,27201,0.6378414356025334,0.8479741680959814,0.10759318001586042,14,0.40914896445472815,0.8256993850644793,0.5,0.5393643174158885,41.466965290468,50.651024743711076,-9.184059453243073,Underperformer
36,Shrek the Third,2007,799101703,322019694,160000000,Animation,Shrek,Chris Miller,DreamWorks,True,True,1697850,45887.83783783784,85334,True,52,100,7773,29654,77.73,5883,810.0,11.5553,6.305,9715,93.0,2.528688524590164,100,True,26.286890871654084,4371,247824,0,0,5,17,6.1,357973.0,58.0,tt0413267,28,28,35,True,1,9,shrek,0.12000000000000002,success,tt0413267,True,6761.0,1090.0,6.202752293577982,18.0,0.0,0.0027571651080825,0.1224390104591245,1.0,0.2522935779816513,0.1871559633027523,0.0,0.3581938102486047,4.971323529411765,1.7757483510908167,13.6986301369863,3.2978183663115166,427.0,0.391743119266055,288.0,1.0,success,_MoIr7811Bs,Rotten Tomatoes Classic Trailers,9.0,-4003.0,0.0,,,,comments_disabled,success,Rotten Tomatoes Classic Trailers,1308004.0,4145.0,0.0,1581878.0,19,0.6079937522858314,0.17391304347826086,37427,0.6577760672491545,0.8676468024680255,0.06351345122681949,22,0.4737298485009811,0.8096634991879288,0.31546487678572865,0.5235471160717716,36.986361948140136,51.44025668198341,-14.453894733843278,Underperformer
37,Shrek 2,2004,919838758,441241348,70000000,Animation,Shrek,Andrew Adamson,DreamWorks,True,True,2324803,62832.51351351351,97969,True,59,100,10405,150175,104.05,37800,809.0,16.9036,7.31,13339,92.0,4.287313432835821,100,False,,0,0,0,2,18,52,7.4,550541.0,75.0,tt0298148,32,32,38,True,0,4,moviedetails,0.3400000000000001,success,tt0298148,True,8101.0,1253.0,6.465283320031923,19.0,0.0,0.001508558392038,0.1336682041412255,1.0,0.2713487629688747,0.1947326416600159,0.2088991017338625,0.3125130561938584,4.551123595505618,0.8355964069354501,21.516607478587844,2.088991017338625,432.0,0.3447725458898643,323.0,1.0714285714285714,skipped_pre_youtube_era,,,,,,,,,,success,Rotten Tomatoes Classic Trailers,765590.0,2745.0,0.0,1049456.0,22,0.6440906318080866,0.2015810276679842,160580,0.748750013293629,0.8976023773648955,0.10768509840674788,70,0.6440320259881459,0.8407323532264089,0.0,0.5477314172857614,43.83714790538977,53.683060617157,-9.845912711767227,Underperformer
38,Shrek,2001,487007353,267652016,60000000,Animation,Shrek,Andrew Adamson,DreamWorks,False,True,5243867,141726.13513513515,240112,True,99,100,11572,389377,115.72,113307,808.0,26.3255,7.759,18601,90.0,11.033582089552239,100,True,28.330206378986865,2665,150578,1,0,40,60,7.9,803764.0,84.0,tt0126029,9,9,68,True,5,5,shittymoviedetails,0.32000000000000006,success,tt0126029,True,9422.0,1353.0,6.9637841832963785,17.0,0.0,-0.0061943165911471,0.134006277036832,1.0,0.2187730968218773,0.1862527716186252,2.0257826887661143,0.2567219152854512,4.831794871794872,0.7366482504604052,16.574585635359114,2.209944751381216,435.0,0.3215077605321508,217.0,1.5,skipped_pre_youtube_era,,,,,,,,,,success,Rotten Tomatoes Classic Trailers,2814922.0,9569.0,0.0,3570499.0,25,0.7375193127138031,0.35968379446640314,400949,0.805908635361967,0.9290235427517778,0.27713214620431115,100,0.6972809364947596,0.5536546824812272,0.8154648767857287,0.6719095875335749,79.01360627825218,45.60721684495985,33.40638943329233,Strong Overperformer
39,Pirates of the Caribbean: Dead Men Tell No Tales,2017,794903993,172558007,250000000,Fantasy,Pirates,Joachim Rønning,Disney,True,False,4049529,109446.72972972973,178367,True,54,100,17097,147470,170.97,52720,166426.0,11.1764,6.653,12726,129.0,4.991935483870968,100,False,,0,0,0,0,1,14,6.5,381325.0,39.0,tt1790809,17,17,29,True,3,4,movies,0.30000000000000004,success,tt1790809,True,7523.0,1435.0,5.242508710801394,15.0,0.0,-0.0260660187663672,0.1683303395709728,1.0,0.1602787456445993,0.1477351916376306,0.4867364322219518,0.3258700413725967,4.878728923476006,0.4867364322219518,4.380627889997567,15.818934047213434,668.0,0.4655052264808362,257.0,1.5,success,KrGyD4kHTSE,Rotten Tomatoes Trailers,10.0,81.0,0.0,,,,comments_disabled,success,Zero Media,14354915.0,122077.0,10096.0,19735575.0,9,0.7078331302637584,0.18181818181818182,164567,0.7502820108831978,0.8931570122041591,0.1253831967832633,15,0.4188998431792545,0.6949875002403854,0.6309297535714573,0.5861405770090614,54.71746773492985,51.13634817908775,3.5811195558421005,As Expected
40,Pirates of the Caribbean: On Stranger Tides,2011,1046808205,241063875,250000000,Fantasy,Pirates,Rob Marshall,Disney,True,False,3116336,84225.2972972973,134633,True,63,100,6583,6395,65.83,1993,1865.0,16.4911,6.6,14861,136.0,8.010204081632653,100,False,,0,0,0,0,3,31,6.6,602032.0,45.0,tt1298650,18,18,34,True,0,6,digitalcodesell,0.30000000000000004,success,tt1298650,True,8307.0,1330.0,6.245864661654135,17.0,0.0,-0.0142215629964413,0.1224155774363768,1.0,0.1421052631578947,0.1796992481203007,1.0893246187363836,0.3546840958605664,5.224528301886792,0.2178649237472766,8.278867102396514,9.803921568627452,441.0,0.331578947368421,315.0,1.3333333333333333,success,Vrk5jBHDrcw,Walt Disney Studios Philippines,10.0,53.0,0.0,0.0,0.0,0.0,success,success,TrailersPlaygroundHD,357199.0,2200.0,139.0,400350.0,15,0.6777467825656398,0.21739130434782605,12978,0.5916193564055559,0.9078121213148493,0.20119350458083887,34,0.537163962855065,0.7079879189072642,0.0,0.5110281089948234,33.4400515907479,54.66759594634354,-21.22754435559564,Strong Underperformer
41,Pirates of the Caribbean: Dead Man's Chest,2006,1065659812,423315812,200000000,Fantasy,Pirates,Gore Verbinski,Disney,True,False,2665556,72042.05405405405,109144,True,72,100,6287,92658,62.87,62620,58.0,21.8297,7.375,17027,151.0,5.72265625,100,False,,0,0,1,0,45,54,7.4,819899.0,53.0,tt0383574,18,18,29,True,1,9,movies,0.12000000000000002,success,tt0383574,True,8110.0,1216.0,6.6694078947368425,23.0,0.0,-0.0137299932546495,0.1402198676395227,1.0,0.15625,0.1858552631578947,0.4455335263978615,0.3392737803519715,5.487144790257104,0.4455335263978615,7.3513031855647135,4.900868790376476,421.0,0.3462171052631579,274.0,1.3,success,SNA-Ezahmok,Rotten Tomatoes Classic Trailers,9.0,-5372.0,139.0,13.0,14.0,0.9285714285714286,success,success,Classic Movie Trailers,684435.0,6346.0,187.0,1139830.0,20,0.6598006781296568,0.25296442687747034,98945,0.7185025448202318,0.920668866955525,0.143736820524836,99,0.6957775790005379,0.7079879189072642,0.31546487678572865,0.5793206934951138,52.78557142773352,55.01472574304833,-2.2291543153148083,As Expected
42,Pirates of the Caribbean: The Curse of the Black Pearl,2003,654264015,305388685,140000000,Fantasy,Pirates,Gore Verbinski,Disney,False,False,3621398,97875.62162162163,158938,True,73,100,8426,98738,84.26,51761,22.0,21.8846,7.8,22077,143.0,14.253731343283581,100,False,,0,0,0,5,38,104,8.1,1312218.0,63.0,tt0325980,15,15,26,True,1,8,moviedetails,0.16000000000000006,success,tt0325980,True,8948.0,1617.0,5.533704390847248,17.0,0.0,-0.0073221091078233,0.1493461385979522,1.0,0.259121830550402,0.1360544217687075,0.9928514694201748,0.329626687847498,5.55431409062694,0.1985702938840349,4.169976171564733,12.907069102462271,695.0,0.4298082869511441,251.0,1.5,skipped_pre_youtube_era,,,,,,,,,,success,Rotten Tomatoes Classic Trailers,5513428.0,27110.0,0.0,5632769.0,23,0.6949987862381122,0.25691699604743085,107164,0.7234870340998215,0.9452124334247671,0.3580131208997188,142,0.7498172450400266,0.6666666666666667,0.31546487678572865,0.6129062979540206,62.29950302149494,48.94569309766226,13.353809923832685,Overperformer
43,Toy Story,1995,373554033,191796233,30000000,Animation,Toy Story,John Lasseter,Pixar,False,True,4243839,114698.35135135135,157352,True,107,100,21833,575959,218.33,95742,862.0,24.7185,7.971,19743,81.0,9.044776119402986,100,True,27.070938215102974,4370,174999,0,3,29,24,8.3,1163069.0,96.0,tt0114709,36,36,76,True,2,4,moviedetails,0.42,success,tt0114709,True,7667.0,1104.0,6.944746376811594,18.0,0.0,-0.0035642987748966,0.1425378697258741,1.0,0.391304347826087,0.1983695652173913,0.0,0.2888231565603211,4.326749435665914,0.8451299387280794,2.5353898161842383,2.5353898161842383,342.0,0.3097826086956521,279.0,1.5,skipped_pre_youtube_era,,,,,,,,,,success,Rotten Tomatoes Classic Trailers,2793627.0,9371.0,0.0,2933915.0,31,0.7132162868105545,0.3913043478260869,597792,0.8308579751015435,0.9346538542726912,0.22717900656044987,53,0.6026803680426321,0.868242227604825,0.5,0.6612208328130881,75.98575899452591,42.57213553052054,33.41362346400537,Strong Overperformer
44,Toy Story 2,1999,485460855,245852179,90000000,Animation,Toy Story,John Lasseter,Pixar,True,True,2083980,56323.78378378379,97815,True,81,100,21082,342847,210.82,80366,863.0,16.0255,7.605,14790,92.0,18.152985074626866,100,False,,0,0,0,1,21,27,7.9,663076.0,88.0,tt0120363,12,12,25,True,4,3,moviedetails,0.42000000000000004,success,tt0120363,True,8094.0,1199.0,6.750625521267724,19.0,0.0,-0.0105459969691191,0.1329691436446854,1.0,0.2994161801501251,0.2043369474562135,0.0,0.2849473056273613,4.565143824027073,1.5907735136209982,5.965400676078743,1.5907735136209982,391.0,0.3261050875729774,233.0,1.5,skipped_pre_youtube_era,,,,,,,,,,success,Rotten Tomatoes Classic Trailers,2356041.0,7283.0,0.0,3077681.0,27,0.6315301889647156,0.2885375494071146,363929,0.7998572463588187,0.9073595901605789,0.45595126522961577,48,0.5880002682992193,0.6167399530235154,0.7324867603589634,0.6451850257126076,71.44323030514674,45.351689911167625,26.091540393979116,Strong Overperformer
45,Toy Story 3,2010,1066969541,415004880,200000000,Animation,Toy Story,Lee Unkrich,Pixar,True,True,2280084,61623.89189189189,85482,True,78,100,23563,204020,235.63,26725,10193.0,15.5538,7.804,15624,102.0,4.153846153846154,100,False,,0,0,2,0,63,96,8.3,961588.0,92.0,tt0435761,34,34,29,True,3,5,moviedetails,0.28,success,tt0435761,True,8080.0,1265.0,6.387351778656127,18.0,0.0,-0.0071483007550201,0.1432062238656754,1.0,0.3043478260869565,0.2189723320158103,0.0,0.2791344054000397,4.167096441464673,0.1985308715505261,9.72801270597578,2.183839587055787,480.0,0.3794466403162055,292.0,1.1666666666666667,success,2BlMNH1QTeE,Pixar,10.0,243.0,0.0,,,,comments_disabled,success,Pixar,12555689.0,36419.0,31.0,23232276.0,16,0.6418597324280384,0.2766798418972332,227583,0.7705331540698247,0.9125431816657834,0.10433278062144043,159,0.7667886326795234,0.8548805028241611,0.6309297535714573,0.6370940466255326,69.1512655541425,55.030481895388704,14.120783658753794,Overperformer
46,Cars,2006,461983149,244082982,120000000,Animation,Cars,John Lasseter,Pixar,False,True,4858286,131305.02702702704,224687,True,70,100,22424,548054,224.24,76456,920.0,14.5714,7.024,15020,117.0,9.890625,100,False,,0,0,0,2,28,34,7.3,528959.0,73.0,tt0317219,2,2,85,True,4,3,moviedetails,0.42000000000000004,success,tt0317219,True,10836.0,1514.0,7.157199471598415,16.0,0.0,0.0003670179446269,0.1460591019364474,1.0,0.3778071334214002,0.2100396301188903,0.3028467595396729,0.2430345245305875,4.686851211072664,1.3628104179285283,6.511205330102968,1.8170805572380373,447.0,0.2952443857331572,320.0,2.0,success,pQly7_Cj34U,MovieStation,10.0,-2317.0,0.0,,,,comments_disabled,success,nickbtube,6593704.0,16826.0,0.0,8440070.0,20,0.7287471629339715,0.24505928853754938,570478,0.8279365618994409,0.9088177437879885,0.24842432052483598,62,0.6259704056481553,0.2641604167868594,0.7324867603589634,0.6138286385311177,62.560778210613186,44.56345873295217,17.997319477661016,Strong Overperformer
47,Cars 2,2011,559821087,191444589,200000000,Animation,Cars,John Lasseter,Pixar,True,True,1891231,51114.35135135135,81946,True,55,100,12566,265151,125.66,91819,49013.0,13.8185,6.176,8423,106.0,8.78061224489796,100,True,28.666793820331872,5243,278408,0,0,1,19,6.2,251842.0,57.0,tt1216475,23,23,27,True,5,4,shittymoviedetails,0.36,success,tt1216475,True,11577.0,1625.0,7.124307692307692,18.0,1.0,0.0007707722142111,0.1238439182334103,1.0,0.2498461538461538,0.184,0.0,0.2634609847394183,5.048844308765809,2.8793550244745174,2.159516268355888,8.78203282464728,494.0,0.304,314.0,1.5,success,EOdYLk8gzn8,"Walt Disney Studios, Ireland",10.0,206.0,26.0,1.0,1.0,1.0,success,success,Pixar,34032009.0,31904.0,0.0,48406278.0,15,0.6203829877638665,0.18577075098814227,277717,0.7829692765820278,0.854162789541916,0.2205439626647285,20,0.4599852698988825,0.7641604167868594,0.8154648767857287,0.6106792595358046,61.66864073662792,46.75702231460417,14.91161842202375,Overperformer
48,Cars 3,2017,383682457,152968620,175000000,Animation,Cars,Brian Fee,Pixar,True,True,1949017,52676.13513513513,86630,True,44,100,30157,201114,301.57,27416,260514.0,16.1307,6.9,6343,102.0,5.008064516129032,100,False,,0,0,0,0,3,24,6.7,148184.0,59.0,tt3606752,16,16,51,True,2,4,digitalcodesell,0.30000000000000004,success,tt3606752,True,10954.0,1426.0,7.681626928471248,18.0,0.0,0.0098703209677964,0.1229575586367467,1.0,0.2272089761570827,0.1991584852734922,0.0,0.2406240624062406,5.104380242311277,1.9501950195019504,3.3003300330033003,3.0003000300030003,372.0,0.2608695652173913,281.0,1.0,success,ZuaseSovWDY,Pixar,10.0,35.0,5921.0,,,,too_many_comments_to_reach_window,success,Pixar,33683760.0,188387.0,0.0,82114897.0,9,0.6238399077677896,0.1422924901185771,231271,0.7715372988856314,0.8273651628845341,0.12578831212020436,27,0.5034500557392368,0.6812438068750566,0.5,0.5570894241044451,46.48802878609099,41.981349090718965,4.5066796953720285,As Expected
49,Monsters University,2013,743849673,287015615,200000000,Animation,Monsters,Dan Scanlon,Pixar,True,True,1626055,43947.43243243243,68226,True,57,100,19078,207127,190.78,41219,62211.0,8.3342,7.046,11250,104.0,4.75,100,False,,0,0,0,0,9,58,7.2,421121.0,65.0,tt1453405,33,33,29,True,2,6,moviedetails,0.24000000000000007,success,tt1453405,True,8054.0,1361.0,5.917707567964732,16.0,1.0,0.0103711864916861,0.1360106689753503,1.0,0.2865540044085231,0.1373989713445995,0.0,0.2939583333333333,4.796902918403812,1.4583333333333337,3.9583333333333335,1.0416666666666667,576.0,0.4232182218956649,285.0,1.1666666666666667,success,QxrQ6BaijAY,Rotten Tomatoes Trailers,10.0,127.0,0.0,,,,comments_disabled,success,Pixar,11950585.0,20584.0,2269.0,26704929.0,13,0.6030311862278095,0.19367588932806323,226205,0.7701537795731936,0.8815082229383838,0.11930646672914715,67,0.6375093073898266,0.8479104735417233,0.5,0.5926280291529151,56.555194847745184,50.4029774293989,6.152217418346282,Overperformer
50,"Monsters, Inc.",2001,577646724,289152677,115000000,Animation,Monsters,Pete Docter,Pixar,False,True,3020431,81633.27027027027,121186,True,77,100,11553,549438,115.53,79210,585.0,23.6671,7.849,19651,92.0,34.22014925373134,100,False,,0,0,1,0,15,38,8.1,1072549.0,79.0,tt0198781,13,13,31,True,0,2,moviedetails,0.8200000000000001,success,tt0198781,True,9133.0,1959.0,4.662072485962225,14.0,1.0,-0.0116452573573553,0.1631709220566494,1.0,0.2725880551301684,0.1623277182235834,0.0,0.2461398728428701,4.530257936507937,1.8165304268846505,5.994550408719346,2.7247956403269757,956.0,0.4880040837161817,249.0,1.5,skipped_pre_youtube_era,,,,,,,,,,success,Pixar,9846743.0,14107.0,0.0,19087734.0,25,0.6741564866393275,0.2727272727272727,560991,0.8268890278414689,0.9342124927895806,0.8595126522961575,53,0.6026803680426321,0.6345591536762674,0.0,0.6305782968493503,67.30552245523498,47.452177398922686,19.853345056312293,Strong Overperformer
51,Up,2009,735099082,293004164,175000000,Animation,,Pete Docter,Pixar,False,True,3742317,101143.7027027027,159217,True,29,100,76382,1200474,763.82,130213,14160.0,17.5638,7.959,21544,96.0,39.25,100,True,26.919807310852935,3529,194070,2,0,81,88,8.3,1225827.0,88.0,tt1049413,20,20,14,True,4,6,shittymoviedetails,0.24000000000000007,success,tt1049413,True,5798.0,908.0,6.38546255506608,17.0,1.0,-0.0080320213531537,0.1488535029579926,1.0,0.2830396475770925,0.1916299559471365,0.0,0.320280537697253,4.385779122541604,1.7533606078316777,4.967855055523087,2.337814143775569,315.0,0.3469162995594713,201.0,1.25,success,HWEW_qTLSEE,Pixar,10.0,-50.0,5.0,0.0,0.0,0.0,success,success,Pixar,7755660.0,24339.0,5.0,14395463.0,17,0.6987712919836775,0.08300395256916995,1276856,0.8782640625391499,0.9429030755735339,0.9858481724461106,169,0.7759481753004683,0.7320529037964602,0.7324867603589634,0.7406313749090362,98.48070816981176,50.32189271497552,48.158815454836244,Strong Overperformer
52,WALL-E,2008,532681980,223808164,180000000,Animation,,Andrew Stanton,Pixar,False,True,3177387,85875.32432432432,121451,True,88,100,33096,665605,330.96,99870,1525542.0,0.055,0.0,0,34.0,4.719827586206897,100,False,,0,0,1,0,96,95,8.4,1306354.0,95.0,tt0910970,18,18,48,True,2,5,moviedetails,0.32000000000000006,success,tt0910970,True,3309.0,794.0,4.167506297229219,16.0,10.0,-0.0094415135661987,0.1374326349637442,1.0,0.2279596977329974,0.1045340050377833,0.0,0.3460999532928538,4.146616541353383,0.4670714619336758,4.670714619336758,0.0,233.0,0.2934508816120906,138.0,1.1666666666666667,success,CZ1CATNbXg0,Rotten Tomatoes Classic Trailers,8.0,-3236.0,0.0,,,,comments_disabled,success,Rotten Tomatoes Classic Trailers,3049498.0,19142.0,0.0,3466025.0,18,0.6799751769433546,0.31620553359683795,698701,0.8406013817956495,0.0,0.11854862165917979,191,0.7943349005181546,0.7079879189072642,0.5,0.5478230092159445,43.86309352620983,46.175369112679505,-2.3122755864696742,As Expected
53,Ratatouille,2007,623722953,261461292,150000000,Animation,,Brad Bird,Pixar,False,True,4537754,122642.0,209582,True,79,100,18126,715882,181.26,89426,2062.0,19.0488,7.839,18356,111.0,13.598360655737705,100,False,,0,0,1,0,69,42,8.1,940588.0,96.0,tt0382932,24,24,47,True,3,4,moviedetails,0.36,success,tt0382932,True,9384.0,1371.0,6.844638949671772,17.0,1.0,-0.001968051803938,0.1102225604875086,1.0,0.1611962071480671,0.2290299051787016,0.1881467544684854,0.2918156161806209,5.061488673139158,1.1288805268109126,4.139228598306679,3.0103480714957667,383.0,0.2793581327498176,237.0,1.1428571428571428,success,PeFGdSrFTUw,VidereTrailer,10.0,-1711.0,0.0,,,,comments_disabled,success,Rotten Tomatoes Classic Trailers,7426164.0,19055.0,0.0,7695956.0,19,0.7209076621297847,0.28063241106719367,734008,0.8436807573817999,0.9277706607334041,0.34155207645151875,111,0.7128999773288641,0.7739760316291208,0.6309297535714573,0.6796937749804729,81.21866490607641,48.295924193382376,32.922740712694036,Strong Overperformer
54,The Incredibles,2004,633026024,261441092,92000000,Animation,Incredibles,Brad Bird,Pixar,False,True,3576032,96649.51351351352,135555,True,75,100,40377,462762,403.77,61621,9806.0,16.8344,7.7,18777,115.0,5.067164179104478,100,False,,0,0,2,0,70,56,8.0,891503.0,90.0,tt0317705,38,38,85,True,5,4,shittymoviedetails,0.36,success,tt0317705,True,8570.0,1214.0,7.059308072487644,18.0,0.0,0.001540948297538,0.10165086801371,1.0,0.2199341021416803,0.2314662273476112,0.0,0.3264907135874877,4.60752688172043,0.5865102639296188,11.33919843597263,4.887585532746823,365.0,0.300658978583196,304.0,1.0,skipped_pre_youtube_era,,,,,,,,,,success,Rotten Tomatoes Classic Trailers,5724987.0,20009.0,0.0,7888000.0,22,0.6935508411832567,0.26482213438735175,503139,0.8200903605068804,0.9299134290550867,0.1272727272727273,126,0.7318897298295294,0.8809003698103748,0.8154648767857287,0.6777545670521073,80.6693375417551,48.74472831058466,31.924609231170436,Strong Overperformer
55,A Bug's Life,1998,363398550,162798565,120000000,Animation,,John Lasseter,Pixar,False,True,2382135,64382.02702702703,105999,True,64,100,9628,127081,96.28,24912,9487.0,10.2206,6.974,9677,95.0,26.186567164179106,100,False,,0,0,0,1,14,21,7.2,334363.0,78.0,tt0120623,29,29,120,True,3,6,shittymoviedetails,0.22000000000000003,success,tt0120623,True,8912.0,1255.0,7.101195219123506,21.0,1.0,-0.0023532217983823,0.1305046419582989,1.0,0.4183266932270916,0.1792828685258964,0.0,0.2801959675899755,4.394477317554241,1.3190126248351233,5.276050499340493,4.145468249481817,363.0,0.2892430278884462,272.0,2.0,skipped_pre_youtube_era,,,,,,,,,,success,Rotten Tomatoes Classic Trailers,1053754.0,3219.0,0.0,2321258.0,28,0.6468887968150088,0.22134387351778656,136709,0.7386969755813989,0.8672764845693831,0.6577319587628866,35,0.5414201930881729,0.8178150992680865,0.6309297535714573,0.6507688907570589,73.02499460320205,41.48441102070146,31.540583582500588,Strong Overperformer
56,Finding Nemo,2003,940335536,380799117,94000000,Animation,Finding Nemo,Andrew Stanton,Pixar,False,True,3235848,87455.35135135135,136312,True,81,100,11711,172130,117.11,52704,12.0,19.5463,7.817,20435,100.0,13.708955223880597,100,True,45.61734213006597,3183,82307,1,0,49,63,8.2,1196544.0,90.0,tt0266543,26,26,36,True,3,7,shittymoviedetails,0.18000000000000005,success,tt0266543,True,8970.0,1510.0,5.940397350993377,18.0,2.0,-0.0043143788644372,0.1500194658332407,1.0,0.2112582781456953,0.2039735099337748,0.0,0.2401834862385321,3.772077375946173,2.568807339449541,3.302752293577982,2.752293577981652,593.0,0.3927152317880795,290.0,1.4,skipped_pre_youtube_era,,,,,,,,,,success,Pixar,16865116.0,26908.0,0.0,20975407.0,23,0.6820692623616953,0.2885375494071146,183841,0.757200278456388,0.9379091994788685,0.3443298969072165,112,0.7142429744525433,0.7924812503605781,0.6309297535714573,0.6586969705813946,75.27081421353236,53.80964509536835,21.46116911816401,Strong Overperformer
57,Coco,2017,807926220,210073344,175000000,Animation,,Lee Unkrich,Pixar,False,True,4620509,124878.62162162163,269514,True,27,100,18847,312677,188.47,62622,354912.0,20.2656,8.197,20836,105.0,8.209677419354838,100,True,29.52909726506272,4863,227852,2,0,113,42,8.4,704092.0,81.0,tt2380307,23,23,37,True,2,5,moviedetails,0.26000000000000006,success,tt2380307,True,8907.0,1436.0,6.202646239554317,14.0,0.0,-0.0018276659119277,0.1424363700886347,1.0,0.2221448467966573,0.1622562674094707,0.0,0.2366933125365568,5.1366782006920415,0.7798791187365958,7.018912068629362,3.3144862546305323,512.0,0.3565459610027855,226.0,1.5,success,xlnPHQ3TLX8,Pixar,10.0,141.0,0.0,,,,comments_disabled,success,Pixar,25042098.0,63625.0,0.0,32469765.0,9,0.7229834657749672,0.07509881422924901,331524,0.7940317881318899,0.9397455261553405,0.20620370650300812,155,0.7629634617447971,0.7641604167868594,0.5,0.6282202433232968,66.63754698471011,51.53368181838093,15.103865166329186,Strong Overperformer
58,Encanto,2021,779091396,256394355,75000000,Animation,,Byron Howard,Disney,False,True,4048546,109420.16216216216,197786,True,92,100,12976,360296,129.76,42756,568124.0,13.8875,7.57,10143,102.0,8.210526315789474,100,False,,0,0,1,0,58,86,7.2,293893.0,75.0,tt2953050,14,14,36,True,7,2,shittymoviedetails,0.58,success,tt2953050,True,7487.0,1212.0,6.177392739273928,16.0,1.0,-0.0008110426427258,0.1563626032925875,1.0,0.1551155115511551,0.1501650165016501,0.0,0.260787550106107,6.806363636363637,0.0,8.960150907804763,1.6505541145956142,370.0,0.3052805280528052,131.0,1.125,success,CaimKeDcudo,Walt Disney Animation Studios,10.0,13.0,12551.0,,,,too_many_comments_to_reach_window,success,Walt Disney Animation Studios,49863236.0,302052.0,12550.0,71459629.0,5,0.7078052456244877,0.3320158102766798,373272,0.8014406622879312,0.8717205087725072,0.20622502836284715,144,0.75191569796214,0.6511484326014197,0.946394630357186,0.6777911924157617,80.67971255837361,51.516200898668785,29.163511659704824,Strong Overperformer
59,Mulan,1998,304320881,120620254,70000000,Animation,,Tony Bancroft,Disney,False,True,2766904,74781.18918918919,178380,True,77,100,7873,131077,78.73,43248,10674.0,15.5776,7.902,10352,88.0,5.865671641791045,100,True,0.0,1487,97754,0,1,17,21,7.7,343199.0,72.0,tt0120762,15,15,36,True,2,8,shittymoviedetails,0.14000000000000007,success,tt0120762,True,5253.0,868.0,6.051843317972351,16.0,0.0,0.0044529475261042,0.1494312563960949,1.0,0.1647465437788018,0.1370967741935483,0.0,0.3717700258397933,5.722222222222222,0.3229974160206718,5.167958656330749,11.304909560723514,276.0,0.3179723502304147,189.0,1.3333333333333333,skipped_pre_youtube_era,,,,,,,,,,success,Rotten Tomatoes Classic Trailers,1194104.0,4532.0,0.0,1490117.0,28,0.664086778042837,0.2727272727272727,138950,0.7397126361639078,0.8736477185009388,0.14732895970009371,38,0.5535135401551698,0.6666666666666667,0.5,0.5821482986163632,53.58655869984443,39.49396802950855,14.09259067033588,Overperformer
60,The Jungle Book,1967,900000000,141843092,4000000,Animation,,Wolfgang Reitherman,Disney,False,True,1960906,52997.45945945946,79033,True,61,100,6657,70659,66.57,61923,9325.0,11.3426,7.278,6633,78.0,2.003731343283582,100,False,,0,0,0,1,6,4,7.6,211042.0,65.0,tt0061852,14,14,57,True,0,10,moviedetails,0.10000000000000003,success,tt0061852,True,6379.0,1082.0,5.8955637707948245,16.0,0.0,0.0031264048130961,0.1320933169463062,1.0,0.1358595194085027,0.1247689463955637,0.0,0.2811534500514933,5.922934076137419,2.059732234809475,5.406797116374872,2.8321318228630274,362.0,0.3345656192236599,183.0,1.1666666666666667,skipped_pre_youtube_era,,,,,,,,,,success,Disney UK,345601.0,630.0,0.0,499940.0,59,0.6245384161969225,0.20948616600790515,77316,0.7030946989864042,0.8315891294335752,0.05032802249297095,10,0.36228884063412964,0.6511484326014197,0.0,0.47601068215366543,23.520521812329086,54.91913734571452,-31.39861553338543,Strong Underperformer
61,101 Dalmatians,1961,215888778,80000000,4000000,Animation,,Clyde Geronimi,Disney,False,True,1689872,45672.21621621621,65471,True,86,100,7174,14665,71.74,9368,12230.0,9.5687,7.173,6640,79.0,28.171641791044777,100,False,,0,0,0,0,0,0,,0.0,,,0,0,0,False,0,8,vudu,0.14000000000000004,no_subtitle,tt0055254,False,,,,,,,,,,,,,,,,,,,,,skipped_pre_youtube_era,,,,,,,,,,success,sweetladystarlight,434736.0,1134.0,48.0,873208.0,65,0.6074527735103412,0.308300395256917,21839,0.6241272285188311,0.8316887895735452,0.7075913776944704,0,0.0,0.0,0.0,0.43107405665832776,10.791140045798464,36.60568798519719,-25.81454793939873,Strong Underperformer
62,The Lion King (1994),1994,763455278,302100000,45000000,Animation,Lion King,Roger Allers,Disney,False,True,5876416,158822.05405405405,323731,True,114,100,23658,206489,236.58,34794,,,,0,,2.925373134328358,100,False,,0,0,2,0,43,35,8.5,1248136.0,88.0,tt0110357,18,18,34,True,0,8,movies,0.16000000000000003,no_imdb_id,,False,,,,,,,,,,,,,,,,,,,,,skipped_pre_youtube_era,,,,,,,,,,success,Disney Plus,7109655.0,31418.0,0.0,7986574.0,32,0.7506003061923783,0.41897233201581024,230147,0.7712329699435009,0.0,0.07347703842549204,78,0.660163191711948,0.7079879189072642,0.0,0.4904267033332273,27.60420711638185,51.52665547322965,-23.922448356847802,Strong Underperformer
63,The Little Mermaid,1989,210640166,84500000,40000000,Animation,,Ron Clements,Disney,False,True,3151380,85172.43243243243,415837,True,82,100,6919,97222,69.19,23470,10144.0,12.3176,7.4,8364,83.0,8.399253731343284,100,False,,0,0,2,0,16,9,7.6,309826.0,88.0,tt0097757,44,44,55,True,2,7,shittymoviedetails,0.16000000000000006,success,tt0097757,True,6043.0,979.0,6.172625127681307,18.0,1.0,0.002265156248813,0.117120164520078,1.0,0.1910112359550561,0.1736465781409601,0.0,0.3377539503386004,6.024925224327019,0.8465011286681715,15.51918735891648,2.257336343115124,263.0,0.2686414708886619,196.0,1.0,skipped_pre_youtube_era,,,,,,,,,,success,quiteacharacter105,977467.0,2739.0,0.0,1683617.0,37,0.6790311880803312,0.2924901185770751,104141,0.7216996149966817,0.853498607830947,0.21096532333645737,25,0.4922533652007107,0.9153088493882792,0.5,0.6065977870487496,60.51246532548795,35.0705601329127,25.44190519257525,Strong Overperformer
64,Beauty and the Beast (1991),1991,270400000,100000000,32000000,Animation,,Gary Trousdale,Disney,False,True,2824793,76345.75675675676,98226,True,88,100,18785,175334,187.85,40741,10020.0,15.3992,7.726,10611,84.0,3.4029850746268657,100,False,,0,0,2,0,34,32,8.0,502927.0,95.0,tt0101414,12,12,52,True,4,7,shittymoviedetails,0.22000000000000008,success,tt0101414,True,7485.0,1195.0,6.2635983263598325,17.0,0.0,0.0015362392140634,0.128747992556713,1.0,0.1129707112970711,0.1548117154811715,0.2311604253351826,0.3220064724919094,6.647424511545293,1.3869625520110958,10.171058714748035,5.085529357374018,283.0,0.2368200836820083,215.0,1.5,skipped_pre_youtube_era,,,,,,,,,,success,Fandisgis,2386826.0,3796.0,0.0,3018897.0,35,0.6664650482250738,0.31620553359683795,194119,0.7605984090056672,0.8759827080172639,0.08547328959700094,66,0.6352709526485328,0.6167399530235154,0.7324867603589634,0.6116286111703597,61.93756745851062,38.39250323959928,23.545064218911342,Strong Overperformer
65,Aladdin,1992,504050219,217350219,28000000,Animation,,Ron Clements,Disney,False,True,2698063,72920.62162162163,105807,True,95,100,7783,97565,77.83,35533,812.0,18.4316,7.653,11947,91.0,4.7611940298507465,100,True,0.3215434083601286,2177,109512,2,0,36,22,8.0,497512.0,86.0,tt0103639,0,0,4,True,1,5,moviedetails,0.4,success,tt0103639,True,7886.0,1380.0,5.714492753623189,16.0,1.0,0.0036589286317547,0.1591507653283023,1.0,0.1043478260869565,0.1456521739130434,0.0,0.3156879554222032,5.110823071937784,1.0715816545220749,7.929704243463351,2.7861123017573943,505.0,0.3659420289855072,254.0,1.125,skipped_pre_youtube_era,,,,,,,,,,success,Rotten Tomatoes Classic Trailers,1305025.0,3823.0,0.0,2454459.0,34,0.6611929291307306,0.3438735177865613,105348,0.72241942720279,0.8871882732284816,0.11958762886597939,58,0.6160595627143017,0.0,0.31546487678572865,0.5049398572048093,31.7154075955308,46.45206831450321,-14.73666071897241,Underperformer
66,Snow White and the Seven Dwarfs,1937,403000000,185000000,1500000,Animation,,David Hand,Disney,False,True,3861451,104363.54054054055,330111,True,113,100,15867,31588,158.67,22970,408.0,12.2399,7.122,7950,83.0,37.798507462686565,100,False,,0,0,0,1,13,6,7.6,236328.0,96.0,tt0029583,9,9,31,True,0,9,movies,0.12000000000000005,success,tt0029583,True,4184.0,776.0,5.391752577319588,15.0,1.0,0.0177875961381116,0.142836956521996,1.0,0.268041237113402,0.1134020618556701,0.0,0.3163884673748103,4.362877997914494,1.5174506828528074,17.07132018209408,5.690440060698027,402.0,0.5180412371134021,161.0,1.0,skipped_pre_youtube_era,,,,,,,,,,success,Rotten Tomatoes Classic Trailers,1182572.0,4220.0,0.0,1452761.0,89,0.7023707383353084,0.4150197628458498,47455,0.6726044479219293,0.8487019601839925,0.9493908153701968,19,0.45261375029508255,0.5536546824812272,0.0,0.5969331343690824,57.7747196170753,45.131921131025535,12.642798486049763,Overperformer
67,Cinderella,1950,269000000,100000000,3000000,Animation,,Clyde Geronimi,Disney,False,True,1434734,38776.59459459459,52659,True,93,100,13450,35204,134.5,15337,11224.0,12.9219,7.0,7106,74.0,6.902985074626866,100,False,,0,0,0,3,6,9,7.3,184195.0,85.0,tt0042332,16,16,33,True,1,8,digitalcodesell,0.16,success,tt0042332,True,5246.0,983.0,5.336724313326552,18.0,0.0,0.0111029752433618,0.1424493483809331,1.0,0.1169888097660223,0.1180061037639877,0.0,0.3055374592833876,4.911985018726591,0.977198697068404,12.703583061889251,0.6514657980456027,399.0,0.4059003051881994,173.0,1.1666666666666667,skipped_pre_youtube_era,,,,,,,,,,success,AnimatedMoviesC,429444.0,1384.0,0.0,665594.0,76,0.5886535015703154,0.3359683794466403,48654,0.674163071060661,0.8380975013873632,0.1733833177132146,15,0.4188998431792545,0.6812438068750566,0.31546487678572865,0.528869087064921,38.49393844671878,39.57950067395046,-1.0855622272316836,As Expected
68,Sleeping Beauty,1959,170000000,80000000,4000000,Animation,,Clyde Geronimi,Disney,False,True,1836599,49637.81081081081,76569,True,79,100,159737,3662935,1597.37,176513,,,,0,,0.0,0,False,,0,0,0,1,3,5,7.2,170874.0,85.0,tt0053285,14,14,18,True,3,49,nosleep,0.037400000000000044,success,tt0053285,True,4383.0,829.0,5.287092882991556,15.0,0.0,0.0027255113202037,0.1370749394558215,1.0,0.1399276236429433,0.1351025331724969,0.3885003885003885,0.3387723387723387,5.569250317662008,0.777000777000777,20.202020202020204,0.3885003885003885,318.0,0.3835946924004825,152.0,1.1428571428571428,,,,,,,,,,,,,,,,,67,0.6170162036069753,0.28063241106719367,3822672,0.9467608623733619,0.0,0.0,8,0.3319702714985457,0.6511484326014197,0.6309297535714573,0.5022235000699291,30.94593399570038,33.54028051452275,-2.5943465188223698,As Expected
69,Tangled,2010,591794936,200821936,260000000,Animation,,Nathan Greno,Disney,False,True,13912,376.0,1078,True,80,100,12621,184259,126.21,70229,38757.0,18.4449,7.61,12303,100.0,10.903846153846153,100,False,,0,0,0,1,10,42,7.7,540207.0,71.0,tt0398286,28,28,29,True,2,6,moviedetails,0.24000000000000007,success,tt0398286,True,6237.0,994.0,6.274647887323944,17.0,0.0,-0.0099933740527301,0.1441829321561876,1.0,0.1690140845070422,0.1710261569416499,0.0,0.3032832498608792,6.205970149253731,1.1129660545353368,8.903728436282695,4.173622704507513,239.0,0.2404426559356136,169.0,1.0,success,gsYKF8ecC8g,Walt Disney Animation Studios,10.0,69.0,0.0,,,,comments_disabled,success,Walt Disney Animation Studios,8557089.0,15922.0,0.0,16086936.0,16,0.05617928841331454,0.2845849802371541,196880,0.761480611452587,0.8899628169788638,0.2738735491312811,52,0.5998562450399421,0.8096634991879288,0.5,0.4993260890306973,30.125172515585042,47.33057565047477,-17.20540313488973,Strong Underperformer
70,Wreck-It Ralph,2012,471222889,189394141,165000000,Animation,,Rich Moore,Disney,False,True,1962838,53049.67567567567,83323,True,66,100,7535,74622,75.35,25099,82690.0,14.7413,7.355,13003,101.0,12.858695652173912,100,False,,0,0,0,1,33,42,7.7,494419.0,72.0,tt1772341,17,17,25,True,3,6,shittymoviedetails,0.20000000000000004,success,tt1772341,True,38540.0,1.0,38540.0,38540.0,0.0,0.0,0.0,0.0,1.0,1.0,0.0,0.0007626601586333,18.05152224824356,0.0,0.0,0.0,0.0,0.0,0.0,0.0,success,vf4r5q8-aWo,Rotten Tomatoes Trailers,10.0,147.0,0.0,,,,comments_disabled,success,Walt Disney Animation Studios,13303279.0,36684.0,0.0,17351177.0,14,0.6246515258534941,0.22924901185770752,82157,0.7068882717945328,0.8951917002062324,0.3229737989486981,75,0.6543139638942169,0.6949875002403854,0.6309297535714573,0.6090725324014752,61.213496567209916,44.64883864388614,16.56465792332378,Strong Overperformer
71,Big Hero 6,2014,657463394,222500177,165000000,Animation,,Don Hall,Disney,False,True,2622650,70882.43243243243,106289,True,75,100,12549,55647,125.49,18303,177572.0,22.7551,7.724,16482,102.0,4.51875,100,False,,0,0,1,0,17,58,7.8,548572.0,74.0,tt2245084,33,33,65,True,0,6,digitalcodesell,0.2,success,tt2245084,True,6920.0,1474.0,4.694708276797829,16.0,0.0,-0.0070214328864261,0.1527833063250779,1.0,0.2225237449118046,0.1356852103120759,0.0,0.3183713514839342,4.327704815509693,0.7358351729212657,7.113073338238902,7.603630120186411,660.0,0.4477611940298507,251.0,1.0,success,bT8qmoCgxZg,Rotten Tomatoes Trailers,10.0,100.0,0.0,,,,comments_disabled,success,Disney UK,28340867.0,45049.0,2112.0,70899554.0,12,0.6579368217600741,0.26482213438735175,68196,0.6952544080626644,0.9175948564258298,0.11349812558575445,75,0.6543139638942169,0.8479104735417233,0.0,0.5504522013480353,44.60787553905623,48.92125701318915,-4.3133814741329175,As Expected
72,Moana,2016,643331588,248742475,250000000,Animation,,Ron Clements,Disney,False,True,6342631,171422.45945945947,491102,True,16,100,24862,386658,248.62,65418,277834.0,3.73,7.565,13666,107.0,7.720588235294118,100,False,,0,0,0,2,22,90,7.6,436011.0,81.0,tt3521164,11,11,20,True,3,3,moviedetails,0.38,success,tt3521164,True,6536.0,1233.0,5.300892133008921,15.0,0.0,-0.005925423139535,0.1696160269599953,1.0,0.1354420113544201,0.1030008110300081,0.2688172043010752,0.2884408602150538,6.201138519924099,1.075268817204301,14.516129032258066,2.688172043010753,485.0,0.3933495539334955,151.0,2.0,success,n7f6hlKsxxo,Disney,10.0,-3449.0,14211.0,,,,too_many_comments_to_reach_window,success,Walt Disney Animation Studios,49669650.0,186188.0,0.0,59472724.0,10,0.7593693679425721,0.03162055335968379,411520,0.807534203632095,0.8998908755629859,0.19391917966811842,112,0.7142429744525433,0.5974937501201928,0.6309297535714573,0.6201904229884316,64.36290692368117,48.42247342469125,15.940433498989918,Strong Overperformer
73,Zootopia,2016,1023784195,383688113,150000000,Animation,,Byron Howard,Disney,False,True,4974946,134458.0,549639,True,88,100,22335,299507,223.35,57197,269149.0,23.6918,7.759,17959,109.0,6.382352941176471,100,True,26.26685262668526,4302,170192,1,0,49,75,8.0,625023.0,78.0,tt2948356,32,32,25,True,4,4,shittymoviedetails,0.3400000000000001,success,tt2948356,True,10486.0,2014.0,5.206554121151936,15.0,7.0,-0.0064834936111003,0.1507372269465286,1.0,0.1777557100297914,0.1300893743793446,0.0,0.2837682586574758,4.31700288184438,1.1488593467914,6.564910553093714,5.416051206302314,993.0,0.4930486593843098,327.0,1.5,success,lvEzTjuM81A,Rotten Tomatoes Trailers,10.0,41.0,0.0,,,,comments_disabled,success,Walt Disney Animation Studios,28887343.0,110658.0,0.0,50030575.0,10,0.731472620267041,0.31620553359683795,321842,0.7921803401650968,0.9257045395852104,0.1603065218589779,124,0.729491486116366,0.8407323532264089,0.7324867603589634,0.675223311560704,79.95229844183329,54.65282895036731,25.299469491465985,Strong Overperformer
75,Raya and the Last Dragon,2021,132248351,43321682,100000000,Animation,,Don Hall,Disney,False,True,2183169,59004.56756756757,115328,True,55,100,13475,14874,134.75,5328,527774.0,11.9174,7.801,7232,107.0,6.342105263157895,100,False,,0,0,0,1,13,62,7.3,186413.0,74.0,tt5109280,7,7,18,True,0,5,digitalcodesell,0.32,success,tt5109280,True,7191.0,1365.0,5.268131868131868,13.0,0.0,-0.0047176104318961,0.1472515010028793,1.0,0.1208791208791208,0.1589743589743589,0.0,0.2822504708097928,5.480945121951219,1.6478342749529191,8.709981167608287,2.824858757062147,489.0,0.3582417582417582,149.0,1.0,success,1VIZ89FEjYI,Walt Disney Animation Studios,10.0,35.0,24202.0,,,,too_many_comments_to_reach_window,success,Walt Disney Animation Studios,24674264.0,291656.0,24203.0,46255793.0,5,0.6368708762665447,0.18577075098814227,28349,0.6404235562112144,0.8397581988149195,0.15929561485719923,75,0.6543139638942169,0.5,0.0,0.4893727393509996,27.3056464267426,28.614330831787868,-1.3086844050452662,As Expected
76,Turning Red,2022,479263394,200636479,175000000,Animation,,Domee Shi,Pixar,False,True,2934858,79320.48648648648,184229,True,59,100,34438,408984,344.38,43889,508947.0,26.1876,7.318,5742,100.0,4.890625,100,False,,0,0,0,1,9,92,6.9,171863.0,83.0,tt8097030,34,34,99,True,2,6,moviedetails,0.20000000000000004,success,tt8097030,True,8349.0,1695.0,4.925663716814159,15.0,2.0,-0.011177578566959,0.1730717557275067,1.0,0.2589970501474926,0.1793510324483775,0.4044489383215369,0.2764408493427704,4.3461738677772,1.0111223458038423,11.122345803842263,3.033367037411527,745.0,0.43952802359882,236.0,2.0,success,XdKzUbAiswE,Pixar,9.0,112.0,23479.0,,,,too_many_comments_to_reach_window,success,Pixar,57500914.0,505717.0,23479.0,106853914.0,4,0.6708553988398904,0.2015810276679842,443422,0.8121981595129091,0.8179598729684217,0.12283856607310216,101,0.6987694823442857,0.8548805028241611,0.5,0.6162136568583555,63.2363921106986,44.83471381766887,18.401678293029732,Strong Overperformer
77,Lightyear,2022,226437552,118899961,200000000,Animation,Toy Story,Angus MacLane,Pixar,True,True,2212058,59785.35135135135,151956,True,49,100,8461,82186,84.61,19061,718789.0,8.3245,6.879,3755,105.0,4.796875,100,False,,0,0,0,0,2,22,6.1,134805.0,60.0,tt10298810,8,8,51,True,5,5,shittymoviedetails,0.32000000000000006,success,tt10298810,True,8664.0,1580.0,5.483544303797468,17.0,3.0,-0.0149422041617685,0.1374314517331417,1.0,0.080379746835443,0.1797468354430379,0.1956181533646322,0.2650625978090767,4.447638603696099,0.3912363067292644,1.7605633802816902,4.107981220657277,669.0,0.4234177215189873,238.0,1.1666666666666667,success,BwZs3H_UN3k,Pixar,10.0,126.0,0.0,,,,comments_disabled,success,Pixar,22088146.0,443960.0,0.0,58201759.0,4,0.6383807848990413,0.16205533596837945,90647,0.7130311396111213,0.7778329631216455,0.12048383317713214,24,0.4863276574109106,0.5283208335737188,0.8154648767857287,0.559330934905784,47.122990722140365,35.14591397394156,11.977076748198805,Overperformer
78,Elemental,2023,495771956,143005340,175000000,Animation,,Peter Sohn,Pixar,False,True,10560193,285410.6216216216,1903802,True,24,100,39328,145011,393.28,20035,976573.0,13.9801,7.578,5241,102.0,5.075221238938053,100,True,25.37033173377843,4793,225355,0,1,3,69,7.0,163663.0,58.0,tt15789038,12,12,36,True,6,3,shittymoviedetails,0.44000000000000006,success,tt15789038,True,6979.0,1224.0,5.701797385620915,18.0,0.0,-0.0040643588437706,0.18074343940822,1.0,0.0898692810457516,0.1601307189542483,0.2526528549772612,0.2690752905507832,4.963726884779517,1.010611419909045,15.159171298635677,0.5053057099545225,535.0,0.4370915032679738,181.0,2.0,success,hXzcyx9V0xw,Pixar,10.0,77.0,12201.0,,,,too_many_comments_to_reach_window,success,Pixar,51212145.0,233950.0,12201.0,67439258.0,3,0.8179240187265511,0.06324110671936758,184339,0.7573692601101388,0.8093341203672264,0.12747509766029974,72,0.6482291342554843,0.6167399530235154,0.8856218745807111,0.6301227844279985,67.17648758786639,45.26913845075873,21.90734913710766,Strong Overperformer
79,Wish,2023,261929843,88026489,250000000,Animation,,Chris Buck,Disney,False,True,16102,435.18918918918916,2609,True,30,100,55943,210668,559.43,24044,1022796.0,8.9407,6.22,1763,95.0,8.473451327433628,100,False,,0,0,0,0,1,22,5.5,49621.0,47.0,tt11304740,4,4,80,True,4,4,shittymoviedetails,0.30000000000000004,success,tt11304740,True,9111.0,1664.0,5.475360576923077,19.0,0.0,0.0022340055825055,0.1852804663655366,1.0,0.110576923076923,0.1538461538461538,0.0,0.2683808758537565,5.659006211180124,1.004419445560466,10.847730012053034,1.8079550020088389,746.0,0.4483173076923077,177.0,2.0,success,oyRxxpD3yNw,Walt Disney Animation Studios,10.0,46.0,14921.0,,,,too_many_comments_to_reach_window,success,Walt Disney Animation Studios,15953851.0,82480.0,14921.0,27459773.0,3,0.07296953690856389,0.08695652173913043,266611,0.7804199341539804,0.7064132761574705,0.21282895555315953,23,0.48016001813371373,0.3869880158145604,0.7324867603589634,0.4312612489882086,10.844166782998975,36.89557301999923,-26.051406237000258,Strong Underperformer
81,Madagascar 3,2012,746921139,244406078,135000000,Animation,Madagascar,Eric Darnell,DreamWorks,True,True,1182350,31955.405405405407,43233,True,52,100,10246,4760,102.46,2226,80321.0,10.1193,6.63,6516,93.0,5.228260869565218,100,False,,0,0,0,0,3,20,6.8,215044.0,60.0,tt1277953,10,10,40,True,1,5,digitalcodesell,0.4,success,tt1277953,True,7196.0,1188.0,6.057239057239057,18.0,1.0,-0.0040864173402794,0.1466742765256821,1.0,0.4343434343434343,0.1801346801346801,0.0,0.3197647058823529,4.4723430702299565,0.9411764705882352,9.411764705882351,2.352941176470588,482.0,0.4057239057239057,288.0,1.5,success,laNiRXqh82Q,Rotten Tomatoes Trailers,10.0,180.0,0.0,,,,comments_disabled,success,Universal Kids,8337381.0,12780.0,0.0,11259809.0,14,0.5664312007720329,0.17391304347826086,15006,0.6006884010269467,0.8299076309311042,0.13131901715496516,23,0.48016001813371373,0.5765719364395496,0.31546487678572865,0.48415757265212817,25.828324817603978,50.66398485559367,-24.83566003798969,Strong Underperformer
82,Kung Fu Panda 3,2016,521665856,143697201,145000000,Animation,Kung Fu Panda,Jennifer Yuh Nelson,DreamWorks,True,True,2084198,56329.67567567567,339905,True,46,100,4996,57724,49.96,40930,140300.0,11.4114,6.921,6533,95.0,5.8088235294117645,100,False,,0,0,0,0,1,10,7.1,215526.0,66.0,tt2267968,27,27,24,True,0,6,digitalcodesell,0.24000000000000005,success,tt2267968,True,7239.0,1470.0,4.924489795918367,13.0,0.0,0.0024902818270165,0.1796152575624391,1.0,0.2605442176870748,0.1809523809523809,0.0,0.2637231503579952,4.278368794326241,1.1933174224343677,6.921241050119332,7.398568019093079,647.0,0.4401360544217687,247.0,2.0,success,H-30B0cqh88,Rotten Tomatoes Trailers,10.0,37.0,0.0,,,,comments_disabled,success,Universal Kids,28176084.0,105197.0,0.0,43970314.0,10,0.6315422034021778,0.150197628458498,62720,0.6900257523643619,0.83015381691273,0.14590109708363194,11,0.3754350573389001,0.801225820342934,0.0,0.4946049331669774,28.787791377011995,46.021809151831775,-17.23401777481978,Strong Underperformer
83,Rise of the Guardians,2012,306066279,103415362,145000000,Animation,,Peter Ramsey,DreamWorks,False,True,1533234,41438.75675675676,126500,True,42,100,21147,110466,211.47,42459,81188.0,11.6876,7.372,7103,97.0,8.130434782608695,100,True,27.228303362001565,5116,294498,0,0,14,32,7.2,207985.0,58.0,tt1446192,27,27,55,True,1,9,movies,0.12000000000000005,success,tt1446192,True,6434.0,1267.0,5.078137332280979,15.0,0.0,-0.0161544694891182,0.1541605574919862,1.0,0.2888713496448303,0.2020520915548539,0.0,0.2637774210807919,4.362033898305085,1.070090957731407,6.153023006955591,2.675227394328518,532.0,0.4198895027624309,193.0,1.5,success,-ImaCIv_cf8,Rotten Tomatoes Trailers,10.0,134.0,0.0,,,,comments_disabled,success,Universal Kids,7536621.0,24879.0,0.0,7924079.0,14,0.5962800785716875,0.13438735177865613,131613,0.7363239925927458,0.8380576030715172,0.20421335723890632,46,0.5817040997232494,0.801225820342934,0.31546487678572865,0.5540261251269858,45.620275550967726,39.181668418124474,6.438607132843252,Overperformer
84,The Croods,2013,587204057,187695345,135000000,Animation,,Kirk DeMicco,DreamWorks,False,True,1483403,40091.97297297297,89825,True,58,100,11836,6467,118.36,1943,49519.0,9.44,6.934,7490,99.0,9.668604651162791,100,False,,0,0,0,1,5,46,7.1,249657.0,55.0,tt0481499,16,16,42,True,0,8,dreamworks,0.16000000000000006,success,tt0481499,True,5176.0,1021.0,5.069539666993144,16.0,1.0,-0.0160323543036569,0.1879018062961268,1.0,0.2135161606268364,0.1586679725759059,0.0,0.2769491525423729,3.969325153374233,2.7118644067796613,6.779661016949152,2.7118644067796613,488.0,0.4779627815866797,152.0,1.5,success,bW7zc6DWdeg,20th Century Studios,10.0,1.0,106.0,1.0,3.0,0.3333333333333333,success,success,Universal Kids,15913462.0,32044.0,0.0,17421496.0,13,0.5924851012924999,0.19762845849802368,18303,0.613094293009849,0.8430702443062572,0.24284780192236438,51,0.5969783259955244,0.6812438068750566,0.0,0.4972927426201924,29.54917815825158,47.577766723133294,-18.028588564881716,Strong Underperformer
85,The Croods: A New Age,2020,469891341,127369050,140000000,Animation,Croods,Joel Crawford,DreamWorks,True,True,990410,26767.837837837837,58087,True,42,100,9650,4523,96.5,1938,529203.0,7.7959,7.444,4110,95.0,6.943181818181818,100,False,,0,0,0,0,0,31,6.9,60294.0,56.0,tt2850386,2,2,34,True,0,3,digitalcodesell,0.5399999999999999,success,tt2850386,True,8818.0,1620.0,5.44320987654321,18.0,0.0,-0.0023486064689768,0.1315849952130502,1.0,0.2450617283950617,0.2067901234567901,0.0,0.2415108737123235,4.219138755980861,0.7630675314765357,13.54444868370851,4.578405188859214,645.0,0.3981481481481481,210.0,1.1666666666666667,success,GkXeVIfbJOw,Universal Kids,10.0,64.0,0.0,,,,comments_disabled,success,Universal Kids,50783744.0,32677.0,0.0,96560930.0,6,0.5460851416713717,0.13438735177865613,14173,0.597121136310081,0.7863673472814637,0.17439294538638495,31,0.5236248039740681,0.2641604167868594,0.0,0.4169345421170338,6.785781908520949,44.69955126657189,-37.91376935805094,Strong Underperformer
86,Megamind,2010,468683387,148760930,130000000,Animation,,Tom McGrath,DreamWorks,False,True,2400400,64875.67567567567,237735,True,46,100,9410,215297,94.1,49950,38055.0,12.1184,7.022,7414,96.0,3.8701923076923075,100,True,24.26486604225659,4591,222423,0,0,2,16,7.3,322951.0,63.0,tt1001526,27,27,68,True,4,4,shittymoviedetails,0.3400000000000001,success,tt1001526,True,8795.0,1361.0,6.462160176340926,21.0,12.0,-0.004587076108881,0.1238060258772523,1.0,0.1072740631888317,0.1616458486407053,0.0,0.308010234205865,5.310990338164252,3.148986419996064,5.707537886242866,6.494784491241881,543.0,0.3989713445995591,254.0,1.1666666666666667,success,h-NWuKgvSM8,movie6online,10.0,-19.0,0.0,0.0,0.0,0.0,success,success,Rotten Tomatoes Classic Trailers,1028552.0,6182.0,0.0,1897758.0,16,0.6477661144555762,0.150197628458498,224707,0.7697387374342817,0.8421066057217836,0.09720820416696704,18,0.4448640423045896,0.801225820342934,0.7324867603589634,0.5903098765133452,55.89852226459278,44.70577838356397,11.192743881028811,Overperformer
87,Trolls,2016,344587573,153724407,125000000,Animation,Trolls,Mike Mitchell,DreamWorks,False,True,2037555,55069.05405405405,0,True,41,100,12632,35962,126.32,18115,136799.0,9.7834,6.628,3792,92.0,7.470588235294118,100,False,,0,0,0,1,4,37,6.4,97374.0,55.0,tt1679335,0,0,21,True,0,6,movies,0.22000000000000003,success,tt1679335,True,8392.0,1678.0,5.00119189511323,14.0,1.0,-0.0053987497074505,0.1532740826852374,1.0,0.2169249106078665,0.1132300357568533,0.0,0.221010101010101,5.521052631578947,0.8080808080808081,8.080808080808081,2.2222222222222223,602.0,0.3587604290822407,188.0,1.25,success,PXrm5eU6HtY,Rotten Tomatoes Trailers,10.0,105.0,0.0,,,,comments_disabled,success,Universal Kids,36049014.0,54543.0,0.0,43659707.0,10,0.6289425451837858,0.13043478260869562,48594,0.674085992393465,0.7787593101628025,0.18763989194553174,41,0.5647102306936961,0.0,0.0,0.42676012905652283,9.569116123191135,40.78096746897964,-31.211851345788503,Strong Underperformer
88,Trolls World Tour,2020,380616879,126872339,80000000,Animation,Trolls,Walt Dohrn,DreamWorks,True,True,1406280,38007.56756756757,132568,True,36,100,10810,13164,108.1,3310,446893.0,9.2488,7.239,2257,91.0,5.193181818181818,100,False,,0,0,0,0,4,21,6.1,32498.0,51.0,tt6587640,5,5,76,True,0,6,digitalcodesell,0.24000000000000005,success,tt6587640,True,9685.0,1869.0,5.181915462814339,13.0,1.0,0.0034239243308264,0.1335954967777463,1.0,0.1187800963081862,0.1054039593365436,0.3373819163292847,0.2294197031039136,6.937679083094556,0.6747638326585694,10.964912280701752,2.3616734143049936,522.0,0.2792937399678972,272.0,1.1,success,3cCoDDhFpmY,Universal Pictures UK,10.0,109.0,0.0,,,,comments_disabled,success,Universal Kids,42404638.0,106964.0,,62187994.0,6,0.5863527083870981,0.11067193675889327,23974,0.6299533207742652,0.7297446942050441,0.1304379313282781,25,0.4922533652007107,0.43082708345352605,0.0,0.4326547069269179,11.238897314762507,42.29297978770782,-31.054082472945314,Strong Underperformer
89,Kung Fu Panda,2008,631744560,215398809,130000000,Animation,Kung Fu Panda,Mark Osborne,DreamWorks,False,True,3934483,106337.37837837837,522606,True,26,100,11054,114526,110.54,64358,9502.0,17.2906,7.318,12536,90.0,10.508620689655173,100,True,25.902267646119455,3131,167451,0,1,15,39,7.6,574537.0,74.0,tt0441773,28,28,23,True,0,5,movies,0.28,success,tt0441773,True,5793.0,977.0,5.929375639713409,18.0,2.0,-0.0030957598639277,0.1746772481997037,1.0,0.2282497441146366,0.1821903787103377,0.0,0.3003402412619858,4.619617224880383,1.546551190844417,1.546551190844417,8.042066192390969,385.0,0.3940634595701126,167.0,1.3333333333333333,success,NRc-ze7Wrxw,Universal Kids,10.0,-917.0,0.0,,,,comments_disabled,success,TrailersPlaygroundHD,4046151.0,12007.0,0.0,6519971.0,18,0.7045227818387283,0.07114624505928853,125580,0.7333929442779945,0.8917356079250478,0.26394661151148885,54,0.605452669339585,0.8096634991879288,0.0,0.5517776085256785,44.98332905329643,48.535633107328664,-3.552304054032234,As Expected
90,Kung Fu Panda 2,2011,665527395,165002051,150000000,Animation,Kung Fu Panda,Jennifer Yuh Nelson,DreamWorks,True,True,1686203,45573.05405405405,249503,True,50,100,4621,57578,46.21,27695,49444.0,12.0018,7.059,7820,91.0,5.76530612244898,100,False,,0,0,0,1,5,47,7.3,349971.0,67.0,tt1302011,24,24,28,True,1,6,moviedetails,0.20000000000000004,success,tt1302011,True,5401.0,875.0,6.172571428571429,18.0,2.0,-0.0053229405515119,0.1637793995336403,1.0,0.2754285714285714,0.2057142857142857,0.0,0.3208692873122403,4.408979591836735,0.9587727708533076,5.113454777884308,14.381591562799615,328.0,0.3748571428571428,196.0,1.25,success,FQ63rqSRrEI,Universal Kids,10.0,80.0,0.0,,,,comments_disabled,success,Universal Kids,3217360.0,13647.0,0.0,5597873.0,15,0.6072031250154708,0.1660079051383399,62199,0.6895047048958605,0.8471441147651142,0.14480806380659106,52,0.5998562450399421,0.7739760316291208,0.31546487678572865,0.54406728969875,42.79919549169142,49.12811229974105,-6.328916808049627,Underperformer
91,How to Train Your Dragon,2010,494878759,217588003,165000000,Animation,Dragons,Dean DeBlois,DreamWorks,False,True,2045226,73043.78571428571,361544,True,19,100,10823,55077,108.23,19749,10191.0,15.2468,7.857,14263,98.0,8.110576923076923,100,True,25.012201073694484,4098,197513,0,2,25,63,8.1,882954.0,75.0,tt0892769,35,35,17,True,0,8,digitalcodesell,0.16000000000000003,success,tt0892769,True,5620.0,872.0,6.444954128440367,16.0,1.0,-0.0187790961586833,0.1771688812893135,1.0,0.2717889908256881,0.1513761467889908,0.6191950464396285,0.3331269349845201,4.587755102040816,0.9287925696594428,3.7151702786377703,18.88544891640867,337.0,0.3864678899082568,189.0,1.1,success,22w7z_lT6YM,Universal Pictures,10.0,-5446.0,16544.0,,,,too_many_comments_to_reach_window,success,Universal Pictures,45832026.0,264390.0,16545.0,47095956.0,16,0.6293741533057191,0.043478260869565216,65900,0.6931151433467395,0.9039311599738633,0.20371458438468748,88,0.6781709296756199,0.8616541669070521,0.0,0.5335927695115705,39.832035300776056,45.27716745536864,-5.445132154592585,Underperformer
92,How to Train Your Dragon 2,2014,618876695,258686621,145000000,Animation,Dragons,Dean DeBlois,DreamWorks,True,True,1798076,48596.64864864865,232488,True,47,100,13690,64048,136.9,19753,82702.0,12.3611,7.679,10353,102.0,4.55,100,True,24.167987321711568,3786,221067,0,1,15,61,7.8,398152.0,77.0,tt1646971,24,24,73,True,0,4,digitalcodesell,0.36,success,tt1646971,True,14675.0,2641.0,5.5566073457023855,15.0,1.0,-0.0286239865565878,0.1410115740527677,1.0,0.1279818250662627,0.074214312760318,0.0,0.1460127293148633,9.976206662134604,0.6239860227130912,30.57531511294147,3.743916136278548,667.0,0.2525558500567966,190.0,1.3333333333333333,success,2BP38770KNo,Rotten Tomatoes Trailers,10.0,167.0,0.0,,,,comments_disabled,success,DreamWorks Dragons,12158008.0,57384.0,,16144864.0,12,0.6145813999063625,0.1541501976284585,77738,0.7034347134942023,0.8736568457680225,0.11428303655107779,76,0.6562889747837393,0.7739760316291208,0.0,0.5208387313161549,36.21914671680342,48.21381760673589,-11.994670889932465,Underperformer
93,How to Train Your Dragon 3,2019,521616256,159398718,150000000,Animation,Dragons,Dean DeBlois,DreamWorks,True,True,2286763,61804.40540540541,247487,True,46,100,16258,67605,162.58,52724,82702.0,12.3611,7.679,10353,102.0,8.17,100,False,,0,0,0,0,0,0,,0.0,,,0,0,0,False,0,3,digitalcodesell,0.42000000000000004,success,tt1646971,True,14675.0,2641.0,5.5566073457023855,15.0,1.0,-0.0286239865565878,0.1410115740527677,1.0,0.1279818250662627,0.074214312760318,0.0,0.1460127293148633,9.976206662134604,0.6239860227130912,30.57531511294147,3.743916136278548,667.0,0.2525558500567966,190.0,1.3333333333333333,success,2QdVgI1_dwg,Zero Media,10.0,-1464.0,240.0,124.0,128.0,0.96875,success,success,DreamWorks Dragons,12384973.0,133644.0,,28681508.0,7,0.6421956931559021,0.150197628458498,83863,0.7081720830325692,0.8736568457680225,0.20520712277413308,0,0.0,0.0,0.0,0.3929797149377597,0.0,46.00263576279892,-46.00263576279892,Strong Underperformer
94,Madagascar,2005,532692000,192971790,75000000,Animation,Madagascar,Eric Darnell,DreamWorks,False,True,2226422,60173.56756756757,91969,True,261,100,11600,82928,116.0,51147,953.0,16.9581,6.921,11648,86.0,8.5,100,False,,0,0,0,0,4,32,6.9,473809.0,57.0,tt0351283,45,45,26,True,3,9,shittymoviedetails,0.12000000000000005,success,tt0351283,True,12.0,934.0,0.012847965738758,5.0,0.0,0.0,0.0,0.0,0.0,0.0,0.0,0.5,0.7058823529411765,0.0,0.0,0.0,0.0,0.0,0.0,0.0,success,laNiRXqh82Q,Rotten Tomatoes Trailers,10.0,-2389.0,0.0,,,,comments_disabled,success,Universal Kids,3499735.0,6830.0,0.0,4846342.0,21,0.6391242076748991,1.0,94528,0.7156498815294096,0.8847933280167807,0.21349578256794752,36,0.5455597994779017,0.9205936593428355,0.6309297535714573,0.6904920501385541,84.2775364922733,46.6392430666246,37.6382934256487,Strong Overperformer
95,Madagascar 2,2008,604200000,187270000,75000000,Animation,Madagascar,Eric Darnell,DreamWorks,True,True,1012635,27368.513513513513,38223,True,67,100,10860,12750,108.6,6584,10527.0,11.5642,6.523,7377,89.0,5.767241379310345,100,False,,0,0,0,0,0,0,6.1,14.0,,tt1320102,35,35,35,True,0,2,digitalcodesell,0.8200000000000001,success,tt0479952,True,8286.0,850.0,9.748235294117649,29.0,0.0,-0.0026448720735739,0.1243983862092011,1.0,0.08,0.2729411764705882,0.4229223937407486,0.2867413829562275,5.083435582822086,2.114611968703743,8.035525481074222,5.497991118629732,184.0,0.2164705882352941,212.0,1.0,success,InUN0pE695I,MovieStation,10.0,-1495.0,13.0,0.0,0.0,0.0,success,success,DreamworksAnimFan,8755537.0,5998.0,0.0,11043893.0,18,0.5486340948947428,0.23320158102766797,23610,0.6289976613322462,0.8416338853541382,0.14485667194518956,0,0.0,0.8616541669070521,0.0,0.4436609817688026,14.35668982244087,48.25506377200446,-33.89837394956359,Strong Underperformer
96,Despicable Me,2010,543368506,160430685,69000000,Animation,Despicable Me,Pierre Coffin,Illumination,False,True,1925692,52045.72972972973,198487,True,68,100,11578,57076,115.78,19356,20352.0,19.3184,7.257,15979,95.0,5.8125,100,False,,0,0,0,0,3,41,7.6,628264.0,72.0,tt1323594,22,22,48,True,3,5,shittymoviedetails,0.24000000000000002,success,tt1323594,True,20525.0,1.0,20525.0,20525.0,0.0,0.0,0.0,0.0,1.0,1.0,0.0,0.0014210197237537,16.920857378400658,0.0,0.0,0.0,0.0,0.0,0.0,0.0,success,zzCZ1W_CUoI,Universal Pictures,10.0,104.0,0.0,,,,comments_disabled,success,Universal Pictures,3808403.0,12232.0,0.0,8447808.0,16,0.6224570389133053,0.23715415019762848,68654,0.6956725160379499,0.9146661756629356,0.14599343955014057,44,0.575134100204001,0.7539269926761688,0.6309297535714573,0.5894063721764843,55.642582894316476,46.93796083422106,8.704622060095417,Overperformer
97,Despicable Me 2,2013,970761885,367791993,76000000,Animation,Despicable Me,Pierre Coffin,Illumination,True,True,1415510,38257.02702702703,150808,True,60,100,14244,14379,142.44,6700,93456.0,12.8887,6.944,11939,98.0,3.7790697674418605,100,True,25.465512719643325,3813,152376,0,2,12,66,7.3,456712.0,62.0,tt1690953,31,31,45,True,1,2,digitalcodesell,0.8200000000000001,success,tt1690953,True,5440.0,1085.0,5.013824884792626,17.0,0.0,-0.0032561959290069,0.1630542277090944,1.0,0.3105990783410138,0.1889400921658986,0.0,0.3499222395023328,4.162203519510329,2.7993779160186625,6.842923794712286,3.421461897356143,412.0,0.3797235023041475,236.0,1.2,success,TlbnGSMJQbQ,Illumination,10.0,235.0,0.0,,,,comments_disabled,success,Illumination,124513991.0,290317.0,0.0,178842456.0,13,0.5871041092069711,0.20553359683794464,28623,0.6410243835708944,0.8871249784105244,0.09491946557398487,78,0.660163191711948,0.8333333333333334,0.31546487678572865,0.5452796428209195,43.14262372106619,54.33070981417876,-11.188086093112574,Underperformer
98,Despicable Me 3,2017,1034799409,264624300,80000000,Animation,Despicable Me,Kyle Balda,Illumination,True,True,1880808,50832.64864864865,218565,True,56,100,16242,51591,162.42,15000,324852.0,9.1477,6.5,7598,90.0,3.7338709677419355,100,False,,0,0,0,0,0,33,6.3,178392.0,49.0,tt3469046,23,23,27,True,0,4,digitalcodesell,0.36,success,tt3469046,True,6425.0,1210.0,5.309917355371901,18.0,2.0,-0.0036579490298498,0.1660145106621482,1.0,0.384297520661157,0.1636363636363636,0.2583311805734952,0.3068974425213123,3.808535862477771,2.841642986308448,7.749935417204857,1.291655902867476,571.0,0.471900826446281,280.0,1.3,success,6DBi41reeF0,Illumination,9.0,182.0,0.0,,,,comments_disabled,success,Illumination,41636190.0,133408.0,0.0,51024089.0,9,0.6197482258644249,0.18972332015810278,67833,0.6949210259716723,0.8444229392712939,0.0937842005018593,33,0.532784346595013,0.7641604167868594,0.0,0.5054213726985323,31.851808459604047,55.12301059978924,-23.271202140185192,Strong Underperformer
100,The Secret Life of Pets,2016,875457937,368384330,75000000,Animation,,Eric Darnell,Illumination,False,True,1452172,39247.89189189189,62330,True,53,100,29326,111185,293.26,52724,328111.0,3.6797,6.316,8471,86.0,4.044117647058823,100,False,,0,0,0,0,4,15,6.5,233985.0,61.0,tt2709768,18,18,21,True,0,4,digitalcodesell,0.30000000000000004,success,tt2709768,True,6408.0,1318.0,4.8619119878603945,15.0,0.0,0.0035515929863426,0.1623672871781607,1.0,0.2974203338391502,0.1441578148710167,0.0,0.286770530763137,4.158338741077222,0.5281225244256668,7.129654079746501,2.3765513599155,677.0,0.5136570561456753,212.0,1.5,success,-yPuWcCykNk,Rotten Tomatoes Trailers,9.0,141.0,0.0,,,,comments_disabled,success,Universal Pictures At Home,38613177.0,112830.0,0.0,79526088.0,10,0.590041095604195,0.17786561264822132,140511,0.7404104757533136,0.854699718030014,0.1015767131594906,19,0.45261375029508255,0.7079879189072642,0.0,0.4955646855755091,29.059664368694804,53.01216927412827,-23.952504905433464,Strong Underperformer
101,Sing,2016,633065556,274879808,75000000,Animation,,Christophe Lourdelet,Illumination,False,True,2275929,61511.59459459459,114873,True,54,100,20645,74896,206.45,22316,335797.0,10.7832,7.122,8391,108.0,10.544117647058824,100,False,,0,0,0,0,3,25,7.1,210521.0,59.0,tt3470600,12,12,61,True,1,8,topcharactertropes,0.14000000000000004,success,tt3470600,True,8107.0,1410.0,5.749645390070922,19.0,0.0,0.012762386279694,0.1418489940868214,1.0,0.2560283687943262,0.2177304964539007,0.0,0.2600248036378669,4.365643511039311,2.273666804464655,7.027697395618024,1.860272840016536,565.0,0.400709219858156,211.0,1.1111111111111112,success,9qPgK_u4vX8,Rotten Tomatoes Trailers,10.0,182.0,0.0,,,,comments_disabled,success,Rotten Tomatoes Trailers,12103230.0,57943.0,0.0,15271408.0,10,0.6416502346525641,0.18181818181818182,95541,0.7163157220155647,0.8538031348368932,0.26483819394674457,28,0.5087518692566847,0.6167399530235154,0.31546487678572865,0.5457348123004007,43.271561441887954,48.85372326368923,-5.582161821801279,Underperformer
102,Sing 2,2021,374065313,126000000,85000000,Animation,Sing,Christophe Lourdelet,Illumination,True,True,2359834,63779.2972972973,160027,True,48,100,19722,66855,197.22,8706,438695.0,12.1084,7.833,4734,110.0,9.907894736842104,100,False,,0,0,0,0,2,21,7.3,100000.0,49.0,tt6467266,22,22,31,True,0,2,digitalcodesell,0.6800000000000002,success,tt6467266,True,9878.0,1744.0,5.6639908256880735,14.0,0.0,0.0027512624989689,0.1583584948556102,1.0,0.0888761467889908,0.1634174311926605,0.0,0.2312098593994098,5.185301837270341,0.5207429265752473,11.629925360180524,3.6452004860267313,640.0,0.3669724770642202,207.0,1.4285714285714286,success,EPZu5MA2uqI,Illumination,10.0,159.0,0.0,,,,comments_disabled,success,Illumination,48321072.0,215043.0,0.0,96732498.0,5,0.6458084528296448,0.15810276679841895,86577,0.7101615761086176,0.7997215356001511,0.2488580871109357,23,0.48016001813371373,0.7539269926761688,0.0,0.5152709458195913,34.64193733806928,42.03814546945401,-7.396208131384725,Underperformer
103,The Secret Life of Pets 2,2019,431118094,158877425,80000000,Animation,Pets,Chris Renaud,Illumination,True,True,1076554,29096.054054054053,52009,True,46,100,680482,8283746,6804.82,221182,,,,0,,0.0,0,False,,0,0,0,0,0,11,6.4,77477.0,55.0,tt5113040,11,11,42,True,4,42,tifu,0.05400000000000006,success,tt5113040,True,6334.0,1388.0,4.563400576368876,15.0,1.0,-0.0010401122252707,0.1545407169340544,1.0,0.1145533141210374,0.1368876080691642,0.0,0.2848548260528381,4.156167979002625,0.2615746795710175,5.754642950562386,0.7847240387130526,570.0,0.4106628242074928,266.0,1.1428571428571428,success,mYocfuqu2A8,Illumination,8.0,,0.0,,,,too_many_comments_to_reach_window,,,,,,,7,0.5556645073029836,0.150197628458498,8964228,1.0,0.0,0.0,11,0.3754350573389001,0.5974937501201928,0.7324867603589634,0.4966942210882521,29.37963251499123,43.891186272639715,-14.511553757648485,Underperformer
104,Hop,2011,340275694,183388954,65000000,Animation,,Tim Hill,Illumination,False,True,812271,21953.27027027027,79867,True,48,100,16101,65728,161.01,22108,50359.0,6.4876,5.791,1379,95.0,6.26530612244898,100,False,,0,0,0,0,0,2,5.4,39980.0,41.0,tt1411704,12,12,36,True,2,9,shittymoviedetails,0.12000000000000005,success,tt1411704,True,8991.0,1455.0,6.179381443298969,17.0,0.0,0.0072083386258643,0.1483888620585431,1.0,0.1869415807560137,0.1951890034364261,0.0,0.2804243008678881,4.540909090909091,0.9643201542912248,4.821600771456123,1.5429122468659595,518.0,0.3560137457044673,255.0,1.25,success,tNMspCPLhI0,Universal Pictures,10.0,47.0,0.0,,,,comments_disabled,success,Illumination,462032.0,1287.0,0.0,1275959.0,15,0.5233104383169245,0.15810276679841895,81829,0.7066383898628316,0.6832136891368424,0.15736663925176445,2,0.16598513574927284,0.6167399530235154,0.5,0.47413058403193264,22.987938724785995,40.96574554749216,-17.977806822706167,Strong Underperformer
105,Horton Hears a Who!,2008,459323305,154529584,85000000,Animation,,Jimmy Hayward,Blue Sky Studios,False,True,1259747,34047.21621621621,74560,True,49,100,19505,259153,195.05,54222,,,,0,,0.43103448275862066,100,False,,0,0,0,0,1,18,6.8,157837.0,71.0,tt0451079,23,23,54,True,3,63,nosleep,0.02819999999999999,success,tt0451079,True,7066.0,1223.0,5.7775960752248565,18.0,4.0,-0.0015517495586996,0.1616250670092257,1.0,0.1708912510220768,0.14227309893704,0.2492522432701894,0.3172981056829511,4.585334198572356,1.744765702891326,4.237288135593221,3.489531405782652,508.0,0.4153720359771055,227.0,1.2222222222222223,,,,,,,,,,,success,TheodorSeussGeisel,123752.0,438.0,0.0,292307.0,18,0.5737140235887543,0.16205533596837945,278658,0.7831805736010383,0.0,0.010826358142390847,19,0.45261375029508255,0.7641604167868594,0.6309297535714573,0.47343748091437554,22.79160056877845,44.67201097345668,-21.88041040467823,Strong Underperformer
106,Ice Age,2002,383257136,176417760,59000000,Animation,Ice Age,Chris Wedge,20th Century Fox,False,True,1902402,51416.27027027027,96290,True,11,100,9835,48200,98.35,8676,425.0,17.1986,7.37,14193,81.0,11.936567164179104,100,False,,0,0,0,1,5,30,7.5,560233.0,61.0,tt0268380,16,16,86,True,0,8,digitalcodesell,0.16000000000000003,success,tt0268380,True,4517.0,735.0,6.145578231292517,16.0,0.0,-0.0002310312514394,0.1233801206944961,1.0,0.1578231292517006,0.2,0.0,0.3564356435643564,4.233364573570759,1.1001100110011,12.834616795012836,2.933626696002934,304.0,0.4136054421768707,199.0,1.0,skipped_pre_youtube_era,,,,,,,,,,success,Rotten Tomatoes Classic Trailers,1793305.0,4847.0,0.0,2545481.0,24,0.62105943071597,0.011857707509881424,58035,0.6851763544264369,0.9034662675345797,0.29981255857544514,35,0.5414201930881729,0.6812438068750566,0.0,0.505027210386795,31.740152488805727,42.542908690141104,-10.802756201335377,Underperformer
107,Ice Age: The Meltdown,2006,655664329,200959380,60000000,Animation,Ice Age,Carlos Saldanha,20th Century Fox,True,True,836660,22612.432432432433,31351,True,60,100,3929,5137,39.29,2946,950.0,11.9353,6.716,10288,91.0,2.2734375,100,False,,0,0,0,0,8,16,6.8,316256.0,59.0,tt0438097,28,28,73,True,0,10,disneymovies,0.10000000000000003,success,tt0438097,True,4926.0,708.0,6.957627118644068,16.0,1.0,-0.0060220793801302,0.1159111720598711,1.0,0.0494350282485875,0.2090395480225988,1.725327812284334,0.3509316770186335,4.731988472622478,1.725327812284334,3.450655624568668,5.521048999309869,215.0,0.3036723163841808,178.0,1.0,success,pfESEXIZ_lw,Rotten Tomatoes Classic Trailers,10.0,-4837.0,0.0,,,,comments_disabled,success,Rotten Tomatoes Classic Trailers,643383.0,1779.0,0.0,1297812.0,20,0.5267083811609841,0.20553359683794464,9066,0.5692134122539364,0.8730617321043712,0.057102272727272724,24,0.4863276574109106,0.8096634991879288,0.0,0.4623532345098269,19.65172073751622,49.42183293712202,-29.770112199605798,Strong Underperformer
108,Ice Age: Dawn of the Dinosaurs,2009,886686817,196573117,90000000,Animation,Ice Age,Carlos Saldanha,20th Century Fox,True,True,894169,24166.72972972973,35434,True,64,100,9886,2390,98.86,1260,8355.0,12.8512,6.763,8812,94.0,4.6454545454545455,100,False,,0,0,0,0,3,13,6.9,283955.0,50.0,tt1080016,18,18,74,True,0,4,digitalcodesell,0.5199999999999999,success,tt1080016,True,4843.0,556.0,8.71043165467626,23.0,0.0,-0.0159738322640353,0.1341648485259876,1.0,0.3471223021582734,0.2428057553956834,0.3395585738539898,0.3429541595925297,4.386775362318841,4.753820033955857,12.563667232597622,4.074702886247877,147.0,0.2643884892086331,202.0,1.1428571428571428,success,krg5-jedISI,Norton Native,9.0,-6127.0,0.0,0.0,0.0,0.0,success,success,Rotten Tomatoes Classic Trailers,813420.0,2492.0,0.0,815357.0,17,0.5343438280010486,0.22134387351778656,12276,0.5881459394137916,0.8584287773246274,0.11668058277242907,16,0.4280593858001993,0.7079879189072642,0.0,0.4577480073151987,18.347179187369946,53.07910261407517,-34.73192342670522,Strong Underperformer
109,Ice Age: Continental Drift,2012,877244008,161290200,95000000,Animation,Ice Age,Steve Martino,20th Century Fox,True,True,1063225,28735.81081081081,52523,True,54,100,9749,4479,97.49,1257,57800.0,14.2393,6.383,8058,88.0,4.0978260869565215,100,False,,0,0,0,0,2,11,6.5,240893.0,49.0,tt1667889,25,25,141,True,1,8,digitalcodesell,0.16000000000000003,success,tt1667889,True,239.0,41.0,5.829268292682927,14.0,0.0,0.0151268785415126,0.0898818223017294,0.5,0.0,0.1219512195121951,7.042253521126761,0.852112676056338,5.085106382978723,0.0,7.042253521126761,7.042253521126761,21.0,0.5121951219512195,41.0,0.5,success,0jUTl0TkmX8,Rotten Tomatoes Trailers,10.0,19.0,0.0,,,,comments_disabled,success,20th Century Studios UK,14073707.0,20528.0,0.0,15877785.0,14,0.554233548038042,0.18181818181818182,14228,0.5973630561684043,0.8499769213405245,0.1029257161484862,13,0.39872509494442326,0.7834066196901821,0.31546487678572865,0.49355106191404197,28.489256955178767,52.91312615566309,-24.423869200484326,Strong Underperformer
110,Ice Age: Collision Course,2016,408619881,64089627,65000000,Animation,Ice Age,Mike Thurmeier,20th Century Fox,True,True,1240774,33534.43243243243,53758,True,46,100,12170,19658,121.7,18116,278154.0,8.996,6.112,4849,95.0,3.8161764705882355,100,False,,0,0,0,0,2,0,5.7,84930.0,34.0,tt3416828,26,26,35,True,0,5,digitalcodesell,0.32,success,tt3416828,True,7757.0,1517.0,5.113381674357284,17.0,0.0,0.0026059208627357,0.1188446648525186,1.0,0.2214897824653922,0.1687541199736321,0.0,0.3251961639058413,4.57370283018868,1.7436791630340018,17.218831734960766,2.1795989537925022,631.0,0.4159525379037574,309.0,1.0,success,0ePFKmRpWy8,Rotten Tomatoes Trailers,10.0,44.0,0.0,,,,comments_disabled,success,Rotten Tomatoes Trailers,13219924.0,37107.0,0.0,22160949.0,10,0.5719709854080799,0.150197628458498,31828,0.6476540254539646,0.8019892298853655,0.09585148023595567,2,0.16598513574927284,0.7924812503605781,0.0,0.4445754746413759,14.615741960189066,43.313617468454225,-28.69787550826516,Strong Underperformer
111,Rio,2011,484606190,143616321,90000000,Animation,Rio,Carlos Saldanha,20th Century Fox,False,True,1714582,46340.05405405405,78153,True,36,100,13881,50517,138.81,19740,46195.0,12.0292,6.761,7127,96.0,7.510204081632653,100,False,,0,0,0,1,3,31,6.9,270787.0,63.0,tt1436562,29,29,43,True,2,8,shittymoviedetails,0.14000000000000004,success,tt1436562,True,8115.0,1529.0,5.307390451275343,15.0,0.0,0.0079852038812143,0.1605845030299832,1.0,0.2295618051013734,0.1523871811641595,0.0,0.2353176188573711,5.012353304508956,1.3983220135836996,10.387534958050338,2.1973631642029563,613.0,0.4009156311314584,261.0,2.0,success,P1GRO31ve5Q,20th Century Studios India,10.0,113.0,537.0,1.0,2.0,0.5,success,success,20th Century Studios,11491173.0,9646.0,1494.0,19779238.0,15,0.6091201207650649,0.11067193675889327,64398,0.6916749617567003,0.838376318920605,0.1886349291356655,34,0.537163962855065,0.8178150992680865,0.5,0.5594252411981846,47.149705251451834,45.32908627358785,1.8206189778639867,As Expected
112,Rio 2,2014,500456880,131309639,103000000,Animation,Rio,Carlos Saldanha,20th Century Fox,True,True,854970,23107.297297297297,42418,True,44,100,12474,22143,124.74,19748,172385.0,8.9524,6.5,3727,101.0,3.925,100,False,,0,0,0,0,2,24,6.3,109310.0,49.0,tt2357291,24,24,29,True,0,1,digitalcodesell,1.0,success,tt2357291,True,8197.0,1509.0,5.432074221338635,17.0,1.0,0.0011135089415407,0.1704543675705727,1.0,0.24519549370444,0.1537442014579191,0.0,0.2825339000202388,4.479234972677595,0.8095527221210281,15.58388990082979,4.654928152195912,635.0,0.4208084824387011,276.0,2.0,success,leJuOObuCxM,Rotten Tomatoes Trailers,10.0,167.0,0.0,,,,comments_disabled,success,Rotten Tomatoes Trailers,6811121.0,19892.0,0.0,9958356.0,12,0.5291949061368826,0.1422924901185771,34617,0.6529009023274392,0.7771258576121068,0.09858481724461106,26,0.49795540724781856,0.7739760316291208,0.0,0.46541262207808787,20.518365971751983,45.67049813138732,-25.152132159635336,Strong Underperformer
113,Rango,2011,245155451,123480305,135000000,Animation,,Gore Verbinski,Paramount,False,True,1993902,53889.24324324324,98734,True,15,100,10038,222145,100.38,70358,44896.0,12.6504,6.891,7027,107.0,4.75,100,False,,0,0,1,0,46,25,7.3,314167.0,75.0,tt1192628,30,30,55,True,1,9,moviedetails,0.12000000000000005,success,tt1192628,True,8927.0,1307.0,6.830145371078807,18.0,0.0,-0.0089179142264339,0.1041006827450755,1.0,0.1989288446824789,0.2035195103289977,1.7139592458579318,0.3313654541992001,5.534407935523869,1.7139592458579318,3.237478575509426,6.474957151018853,445.0,0.3404743687834736,301.0,1.0833333333333333,success,DDgoDooApwM,moviemaniacsDE,10.0,243.0,567.0,1.0,1.0,1.0,success,success,hollywoodstreams,12989926.0,24582.0,2673.0,16290090.0,15,0.6264550500787565,0.02766798418972332,232183,0.7717831427596149,0.8370411856678969,0.11930646672914715,71,0.6461451538829865,0.8256993850644793,0.31546487678572865,0.5567801437996704,46.4004176887078,36.37289300871305,10.027524679994748,Overperformer
114,The Book of Life,2014,95454857,37872066,50000000,Animation,,Jorge R. Gutiérrez,20th Century Fox,False,True,1315865,35563.91891891892,68212,True,32,100,31127,153472,311.27,22321,228326.0,8.1636,7.53,2909,95.0,9.98125,100,False,,0,0,0,0,3,29,7.2,81652.0,67.0,tt2262227,14,14,47,True,0,8,bestofredditorupdates,0.14000000000000004,success,tt2262227,True,8020.0,1622.0,4.944512946979038,14.0,1.0,0.0013600473372359,0.1802410576359633,1.0,0.2231812577065351,0.1547472256473489,0.0,0.2741312741312741,4.8459214501510575,0.9084714967067908,23.393141040199865,7.949125596184419,697.0,0.4297163995067817,207.0,1.4,success,_i69CJc1BgE,Rotten Tomatoes Trailers,10.0,123.0,0.0,,,,comments_disabled,success,Rotten Tomatoes Trailers,2986862.0,14642.0,0.0,4883933.0,12,0.5787199395904032,0.09486166007905138,184599,0.7574573021664531,0.7537166376979038,0.2507005623242736,32,0.5282739763834025,0.6511484326014197,0.0,0.49510557525997645,28.92961031112047,24.799167042190646,4.130443268929824,As Expected
115,Curious George,2006,267575760,70099997,60000000,Animation,Curious George,Matthew O'Callaghan,Universal,False,True,560157,15139.378378378378,24078,True,26,100,1734,18903,17.34,10089,9975.0,5.7313,6.514,552,87.0,2.79296875,100,False,,0,0,0,0,0,1,6.5,19044.0,62.0,tt0381971,12,12,13,True,3,6,shittymoviedetails,0.22000000000000003,success,tt0381971,True,7924.0,1218.0,6.505747126436781,17.0,0.0,-0.0087917943213509,0.1619228031179975,1.0,0.1034482758620689,0.2200328407224959,0.0,0.2696724797958316,4.647507331378299,1.2760527435133986,4.253509145044662,0.8507018290089324,404.0,0.3316912972085385,237.0,1.7,success,tH0hwk-vXIo,Rotten Tomatoes Classic Trailers,10.0,-3849.0,0.0,,,,comments_disabled,success,Rotten Tomatoes Classic Trailers,1808208.0,6222.0,0.0,2338894.0,20,0.48062711199384744,0.07114624505928853,20637,0.6205910932942615,0.5967960242044675,0.0701514175257732,1,0.10472496079481362,0.6167399530235154,0.6309297535714573,0.4292924764755534,10.286464537919638,37.924915899278375,-27.638451361358737,Strong Underperformer
116,Charlotte's Web,2006,188895949,82689166,75000000,Animation,,Gary Winick,Paramount,False,True,604179,16329.162162162162,26987,True,81,100,6297,6776,62.97,1794,9986.0,6.8824,6.231,1447,97.0,16.41796875,100,False,,0,0,0,0,10,11,6.3,48642.0,68.0,tt0413895,12,12,48,True,0,9,digitalcodesell,0.12000000000000002,no_subtitle,tt0413895,False,,,,,,,,,,,,,,,,,,,,,success,p23D6ITXjnc,HBO Max Family,10.0,-6875.0,0.0,,,,comments_disabled,success,Rotten Tomatoes Classic Trailers,745385.0,2992.0,0.0,1250436.0,20,0.48931653978807144,0.2885375494071146,13073,0.5920749108537825,0.6877590793255596,0.4123725984067479,21,0.4670138014289433,0.6167399530235154,0.0,0.4635205882875589,19.982401818473082,33.340001519904035,-13.357599701430953,Underperformer
117,Stuart Little,1999,140475849,64314086,80000000,Animation,Stuart Little,Rob Minkoff,Columbia,False,True,535107,14462.351351351352,36578,True,11,100,8712,109269,87.12,76115,10137.0,8.3548,6.068,4619,84.0,39.8134328358209,100,False,,0,0,0,1,7,14,6.0,157941.0,61.0,tt0164912,29,29,94,True,0,10,90s,0.10000000000000003,success,tt0164912,True,6981.0,1108.0,6.300541516245487,17.0,0.0,0.0140358234148051,0.149763654545365,1.0,0.1146209386281588,0.2472924187725631,0.7201152184349496,0.2784445511281805,4.426759670259988,1.9203072491598652,6.00096015362458,0.9601536245799328,414.0,0.3736462093862815,183.0,1.3,skipped_pre_youtube_era,,,,,,,,,,success,Rotten Tomatoes Classic Trailers,3355232.0,11702.0,0.0,3742390.0,27,0.4753722988356235,0.011857707509881424,117981,0.7294938960777033,0.7973980827252408,1.0,21,0.4670138014289433,0.8178150992680865,0.0,0.5503817080758806,44.587906621423066,29.506715800014206,15.08119082140886,Strong Overperformer
118,Bumblebee,2018,468261530,227870667,135000000,Action,Transformers,Travis Knight,Paramount,True,False,3268193,88329.54054054055,390906,True,102,100,25362,87363,253.62,18926,424783.0,9.3571,6.719,6573,114.0,6.044642857142857,100,False,,0,0,0,0,2,13,6.7,205892.0,66.0,tt4701182,5,5,31,True,0,4,movies,0.42000000000000004,success,tt4701182,True,6740.0,1257.0,5.361972951471758,18.0,2.0,-0.0060199590032525,0.1685672111758685,1.0,0.167859984089101,0.1654733492442323,4.797979797979798,0.305050505050505,4.538720538720539,1.0101010101010102,8.080808080808081,9.848484848484848,518.0,0.4120922832140016,231.0,1.125,success,lcwmDAYt22k,Paramount Pictures,10.0,58.0,21223.0,,,,too_many_comments_to_reach_window,success,Paramount Pictures,28433423.0,263544.0,42475.0,57297854.0,8,0.6832116690695194,0.37154150197628455,112725,0.7266472048950797,0.8307305605990712,0.15182420672111394,15,0.4188998431792545,0.43082708345352605,0.0,0.5023540943858449,30.98292798190887,44.674240360091375,-13.691312378182506,Underperformer
119,Transformers,2007,709709780,319246193,150000000,Action,Transformers,Michael Bay,Paramount,False,False,15653,423.05405405405406,963,True,43,100,12230,213081,122.3,28348,1858.0,4.308,6.821,12111,144.0,5.622950819672131,100,False,,0,0,0,3,25,50,7.1,714583.0,61.0,tt0418279,1,1,67,True,6,5,shittymoviedetails,0.4,success,tt0418279,True,13141.0,1833.0,7.169121658483361,18.0,0.0,-0.0170494466453357,0.1562672089727485,1.0,0.2176759410801964,0.2231314784506274,3.432494279176201,0.2679888126112382,4.674848808253291,1.9069412662090008,3.559623696923468,7.500635647088736,566.0,0.3087834151663939,425.0,1.2,success,CbX_SIz_9fk,Paramount Movies,10.0,-1736.0,,,,,comment_count_unknown,success,Paramount Movies,1554937.0,,,2012508.0,19,0.06972143814943177,0.13833992094861658,225311,0.7699064161291763,0.888476561026778,0.14123250418670397,75,0.6543139638942169,0.16666666666666669,0.8856218745807111,0.45539071998609093,17.679420760588837,49.95263970139288,-32.27321894080404,Strong Underperformer
120,Transformers: Revenge of the Fallen,2009,836848151,402111738,200000000,Action,Transformers,Michael Bay,Paramount,True,False,2422409,65470.51351351351,200630,True,54,100,6463,53864,64.63,31751,8373.0,4.0591,6.209,9092,150.0,3.8454545454545452,100,False,,0,0,0,1,15,30,6.0,451650.0,35.0,tt1055369,23,23,35,True,3,6,moviedetails,0.22000000000000003,success,tt1055369,True,13347.0,2101.0,6.352689195621132,18.0,0.0,-0.0054118827917019,0.103389012081054,1.0,0.1323179438362684,0.1841980009519276,3.77453447408153,0.2925264217413185,5.368865647626709,0.377453447408153,4.781077000503271,7.674886763965778,772.0,0.3674440742503569,481.0,1.0,success,fnXzKwUgDhg,Paramount Movies,10.0,-1050.0,,,,,comment_count_unknown,success,Paramount Movies,2695819.0,,,2810764.0,17,0.6488144407886527,0.18181818181818182,60327,0.6875958329497814,0.8613844259000463,0.09658686206015166,45,0.5784548092957947,0.7641604167868594,0.6309297535714573,0.578615499690936,52.585808293456694,51.91414590561067,0.6716623878460268,As Expected
121,Transformers: Dark of the Moon,2011,1123646428,352390543,200000000,Action,Transformers,Michael Bay,Paramount,True,False,2728519,73743.75675675676,230851,True,57,100,10087,32463,100.87,12729,38356.0,2.8555,6.223,8876,154.0,3.7448979591836733,100,False,,0,0,0,3,11,42,6.2,453805.0,42.0,tt1399103,22,22,44,True,1,9,moviedetails,0.12000000000000005,success,tt1399103,True,13637.0,2065.0,6.603874092009685,19.0,0.0,-0.0072769132938624,0.1281847447647943,1.0,0.2019370460048426,0.1714285714285714,4.640080260847755,0.2859292701279157,5.140218620429702,0.6270378730875344,4.263857536995234,10.158013544018058,771.0,0.373365617433414,486.0,1.25,success,bTIrEZM-cFE,Rotten Tomatoes Classic Trailers,10.0,-1087.0,208.0,0.0,0.0,0.0,success,success,moviemaniacsDE,3741393.0,6160.0,1534.0,5509206.0,15,0.662482200404725,0.19367588932806323,42550,0.6657894504161678,0.8591125503722933,0.09406116710976799,53,0.6026803680426321,0.7539269926761688,0.31546487678572865,0.547546514595644,43.78476976381334,55.6944095011892,-11.909639737375862,Underperformer
122,Transformers: Age of Extinction,2014,1104054072,245439076,210000000,Action,Transformers,Michael Bay,Paramount,True,False,3099750,83777.02702702703,283783,True,47,100,11712,19890,117.12,3333,91314.0,10.8483,5.958,8684,165.0,3.61875,100,False,,0,0,0,0,5,23,5.6,347982.0,32.0,tt2109248,40,40,64,True,4,7,shittymoviedetails,0.22000000000000008,success,tt2109248,True,13468.0,2205.0,6.107936507936508,18.0,0.0,-0.011064160892092,0.1380681660352929,1.0,0.2467120181405895,0.1451247165532879,7.133917396745932,0.2655819774718398,4.717338003502627,0.8760951188986232,3.7546933667083855,14.392991239048811,899.0,0.4077097505668934,469.0,2.0,success,dYDGqmxMZFI,Rotten Tomatoes Trailers,8.0,111.0,4000.0,1330.0,1629.0,0.8164518109269491,success,success,Rotten Tomatoes Trailers,11612298.0,38007.0,4000.0,18615388.0,12,0.6771338411737748,0.1541501976284585,31602,0.6472089082575214,0.8570462069508631,0.09089268978444236,28,0.5087518692566847,0.892925334103014,0.7324867603589634,0.588493855694502,55.384090616817595,55.442926410556964,-0.058835793739369535,As Expected
123,Transformers: The Last Knight,2017,762682157,130168424,217000000,Action,Transformers,Michael Bay,Paramount,True,False,3787262,102358.43243243243,392822,True,43,100,17394,49739,173.94,14243,335988.0,8.9736,6.05,6653,154.0,4.919354838709677,100,False,,0,0,0,0,3,21,5.2,184025.0,27.0,tt3371366,10,10,4,True,2,5,movies,0.26000000000000006,success,tt3371366,True,13211.0,2276.0,5.804481546572935,17.0,0.0,-0.0117486679986679,0.1435774518518535,1.0,0.1823374340949033,0.1498242530755711,9.530975670930523,0.2938299473288187,4.740222461428059,0.6270378730875344,3.762227238525207,14.798093804865816,1037.0,0.4556239015817223,461.0,1.3333333333333333,success,AntcyqJ6brc,Rotten Tomatoes Trailers,10.0,191.0,27834.0,,,,too_many_comments_to_reach_window,success,Rotten Tomatoes Trailers,21994146.0,149417.0,27834.0,37979476.0,9,0.7001425183198084,0.13833992094861658,67133,0.6942730727961435,0.831873594307254,0.12356017776702843,24,0.4863276574109106,0.5765719364395496,0.5,0.5445504469105263,42.936061411954896,50.6805014537515,-7.744440041796608,Underperformer
124,Guardians of the Galaxy,2014,773638383,333176594,170000000,Action,MCU,James Gunn,Marvel Studios,False,False,6103892,164970.05405405405,1341135,True,66,100,28238,237224,282.38,30001,118340.0,10.3347,7.905,29550,121.0,8.375,100,False,,0,0,0,2,52,103,8.0,1352030.0,76.0,tt2015381,3,3,9,True,3,3,moviedetails,0.38,success,tt2015381,True,8073.0,1418.0,5.693229901269394,16.0,1.0,-0.0142765536453829,0.1541106702166275,1.0,0.1671368124118476,0.1332863187588152,4.638833664678596,0.340622929092114,5.575276243093922,3.0925557764523965,1.9880715705765408,14.137397835210956,540.0,0.3808180535966149,238.0,1.3333333333333333,success,2XltzyLcu0g,Rotten Tomatoes Trailers,10.0,160.0,1107.0,590.0,672.0,0.8779761904761905,success,success,Marvel Entertainment,11637252.0,88192.0,4746.0,23193058.0,12,0.7549625821842991,0.22924901185770752,265462,0.7801501475688373,0.9727623353970809,0.21035613870665418,155,0.7629634617447971,0.33333333333333337,0.6309297535714573,0.6209819494117305,64.58712585221447,50.99273796623589,13.594387885978577,Overperformer
125,Guardians of the Galaxy Vol. 2,2017,863756034,389813856,200000000,Action,MCU,James Gunn,Marvel Studios,True,False,2938948,79431.02702702703,592096,True,59,100,22258,151057,222.58,31832,283995.0,16.9872,7.609,22807,137.0,2.9193548387096775,100,True,27.90430622009569,5225,341439,0,1,15,60,7.6,823054.0,67.0,tt3896198,32,32,27,True,1,5,movies,0.28,success,tt3896198,True,9282.0,1622.0,5.722564734895191,17.0,0.0,-0.0112008179517427,0.159493701445622,1.0,0.1627620221948212,0.1393341553637484,6.507592190889371,0.3155196213764543,5.37463810075275,0.9859988168014198,9.859988168014198,10.057187931374482,675.0,0.4161528976572133,201.0,1.3333333333333333,success,wX0aiMVvnvg,Rotten Tomatoes Trailers,10.0,181.0,3295.0,2095.0,2231.0,0.9390407888839085,success,success,Rotten Tomatoes Trailers,8790679.0,68368.0,3599.0,14594326.0,9,0.6710153535541485,0.2015810276679842,173315,0.7535172822598115,0.9482864640636492,0.07332587598633492,75,0.6543139638942169,0.8407323532264089,0.31546487678572865,0.5882769833252243,55.32265629341842,52.320118379845894,3.0025379135725245,As Expected
126,Guardians of the Galaxy Vol. 3,2023,845289623,331187414,250000000,Action,MCU,James Gunn,Marvel Studios,True,False,19321047,522190.45945945947,6731675,True,49,100,28842,106816,288.42,30568,447365.0,17.7192,7.924,8184,150.0,4.300884955752212,100,False,,0,0,0,1,12,96,7.9,461399.0,64.0,tt6791350,18,18,43,True,1,5,boxoffice,0.28,success,tt6791350,True,8719.0,1618.0,5.388751545117429,19.0,6.0,-0.0041062951727897,0.1715955199486407,1.0,0.1328800988875154,0.1588380716934487,4.877057508636455,0.2985165616744564,4.725745257452575,1.016053647632595,6.09632188579557,8.33163991058728,753.0,0.465389369592089,243.0,2.0,success,u3V5KDHRQvk,Marvel Entertainment,8.0,152.0,38698.0,,,,too_many_comments_to_reach_window,success,Marvel Entertainment,36020223.0,801196.0,38698.0,36222332.0,3,0.8873104758492858,0.16205533596837945,135658,0.7382148949354833,0.8514429559289104,0.10802597639565069,108,0.7087978380643357,0.7079879189072642,0.31546487678572865,0.6104825643619807,61.61292208994185,51.92472218825168,9.688199901690169,Overperformer
127,Thor,2011,449326618,181030016,150000000,Action,MCU,Kenneth Branagh,Marvel Studios,False,False,8530,230.54054054054055,484,True,101,100,9139,234841,91.39,29866,10195.0,14.1397,6.769,22227,115.0,8.73469387755102,100,True,24.343971631205676,5640,276324,0,0,5,30,7.0,963947.0,57.0,tt0800369,2,2,19,True,2,4,moviedetails,0.42000000000000004,success,tt0800369,True,6522.0,1102.0,5.918330308529946,17.0,1.0,-0.0044909196825498,0.1791395050976082,1.0,0.1306715063520871,0.1705989110707804,1.6896648831315122,0.3551112362714728,5.68613775065388,0.5632216277105041,3.0977189524077726,11.264432554210082,374.0,0.3393829401088929,213.0,1.25,success,JOddp-nlNvQ,Marvel Entertainment,10.0,132.0,13575.0,,,,too_many_comments_to_reach_window,success,Marvel Entertainment,27262291.0,86767.0,13575.0,27727953.0,15,0.0,0.3675889328063241,243980,0.7748789612588136,0.9458522983689756,0.21939062410343707,35,0.5414201930881729,0.2641604167868594,0.5,0.4388170387671396,12.98452626890747,44.0889491077576,-31.10442283885013,Strong Underperformer
128,Thor: The Dark World,2013,644571402,206362140,170000000,Action,MCU,Alan Taylor,Marvel Studios,True,False,1684005,45513.64864864865,72246,True,62,100,12547,31610,125.47,6695,76338.0,12.0279,6.51,18231,112.0,5.6104651162790695,100,False,,0,0,0,0,4,21,6.7,776160.0,54.0,tt1981115,25,25,29,True,0,5,uvtrade,0.28,success,tt1981115,True,6253.0,1137.0,5.499560246262093,16.0,0.0,-0.0088332255548614,0.1470777938315484,1.0,0.0800351802990325,0.1565523306948109,2.365464222353637,0.3778829095209935,5.326235093696763,0.2956830277942046,4.139562389118865,10.34890597279716,469.0,0.4124890061565523,189.0,1.5,success,npvJ9FTgZbM,Marvel Entertainment,10.0,83.0,11876.0,,,,too_many_comments_to_reach_window,success,Marvel Entertainment,22857548.0,104256.0,11876.0,26610360.0,13,0.6070533069450317,0.2134387351778656,44157,0.6681051058185055,0.9271249781011773,0.1409188988906083,25,0.4922533652007107,0.7834066196901821,0.0,0.5107459422587619,33.360121064911795,48.65141117021312,-15.291290105301329,Strong Underperformer
129,Thor: Ragnarok,2017,854461807,315058289,180000000,Action,MCU,Taika Waititi,Marvel Studios,True,False,2466238,66655.08108108108,100949,True,63,100,32560,356335,325.6,74061,284053.0,15.7336,7.581,21888,131.0,3.9516129032258065,100,True,27.713338856669427,4828,221466,0,0,6,50,7.9,892533.0,74.0,tt3501632,32,32,50,True,2,4,moviedetails,0.42000000000000004,success,tt3501632,True,9180.0,1568.0,5.854591836734694,19.0,0.0,-0.0064416813699339,0.1766411142288933,1.0,0.0758928571428571,0.15625,3.245513554791905,0.2936235204276441,5.03013698630137,1.145475372279496,6.872852233676976,7.827415043909888,653.0,0.4164540816326531,242.0,1.5,success,ue80QwXMRHg,Marvel Entertainment,10.0,70.0,58718.0,,,,too_many_comments_to_reach_window,success,Marvel Entertainment,84647749.0,902423.0,58718.0,138432124.0,9,0.6508740164668292,0.21739130434782605,388895,0.804001879963058,0.9443999853982109,0.09925325755056384,56,0.6108491780538625,0.8407323532264089,0.5,0.6122377871436648,62.11013122897005,52.23713656503077,9.87299466393928,Overperformer
130,Iron Man,2008,585366247,318412291,140000000,Action,MCU,Jon Favreau,Marvel Studios,False,False,3865369,104469.43243243243,154995,True,78,100,22832,518389,228.32,57935,1726.0,26.046,7.657,27966,126.0,9.181034482758621,100,False,,0,0,0,2,24,73,7.9,1213667.0,79.0,tt0371746,12,12,20,True,3,5,moviedetails,0.28,success,tt0371746,True,9874.0,1422.0,6.943741209563995,18.0,0.0,0.0081071793888249,0.1323823378506191,1.0,0.1054852320675105,0.2025316455696202,1.4342058085335248,0.3234134098243097,5.5008356545961,1.6134815346002152,3.4062387952671207,5.378271782000717,402.0,0.2827004219409282,330.0,1.1666666666666667,success,-BNbU8oaADY,Marvel Entertainment,10.0,-5559.0,46.0,29.0,35.0,0.8285714285714286,success,success,Rotten Tomatoes Classic Trailers,2910191.0,29672.0,1477.0,4797572.0,18,0.7024872198404308,0.2766798418972332,541221,0.8246479351057612,0.967556155511221,0.23060142843292505,97,0.692725229094033,0.6167399530235154,0.6309297535714573,0.646950267142277,71.94327746758198,47.518295949875466,24.424981517706513,Strong Overperformer
131,Iron Man 2,2010,623933331,312057175,200000000,Action,MCU,Jon Favreau,Marvel Studios,True,False,2319742,62695.72972972973,125400,True,67,100,9095,86164,90.95,23521,10138.0,28.4579,6.851,22252,124.0,4.673076923076923,100,False,,0,0,0,1,7,45,6.9,930932.0,57.0,tt1228705,11,11,23,True,6,5,shittymoviedetails,0.4,success,tt1228705,True,11221.0,1524.0,7.3628608923884515,21.0,0.0,0.0105311719484947,0.1171213479555216,1.0,0.0479002624671916,0.2139107611548556,2.211341020375928,0.3080082135523614,5.238562091503268,1.105670510187964,2.211341020375928,5.52835255093982,407.0,0.2670603674540682,296.0,1.1,success,BoohRoVA9WQ,Movieclips,10.0,-1081.0,569.0,18.0,22.0,0.8181818181818182,success,success,Movieclips,3090127.0,18611.0,601.0,5696521.0,16,0.6438403169899543,0.23320158102766797,95259,0.7161310763986889,0.9459585225654049,0.11737437819912047,52,0.5998562450399421,0.5974937501201928,0.8856218745807111,0.6099449138310326,61.46061962419203,48.14789891762905,13.312720706562978,Overperformer
132,Captain America: The First Avenger,2011,370569774,176654505,140000000,Action,MCU,Joe Johnston,Marvel Studios,False,False,2880000,77837.83783783784,133906,True,72,100,8929,228528,89.29,55485,1771.0,8.9436,7.005,22612,124.0,15.275510204081632,100,False,,0,0,0,0,4,50,6.9,965237.0,66.0,tt0458339,15,15,33,True,4,5,shittymoviedetails,0.28,success,tt0458339,True,7416.0,1200.0,6.18,17.0,0.0,0.0012130766156501,0.125442014194105,1.0,0.1166666666666666,0.1916666666666666,3.78698224852071,0.3772781065088757,5.601208459214502,0.0,2.366863905325444,12.544378698224852,427.0,0.3558333333333333,286.0,1.1666666666666667,success,W4DlMggBPvc,Marvel Entertainment,9.0,29.0,1529.0,550.0,804.0,0.6840796019900498,success,success,Marvel Entertainment,3140469.0,13937.0,1529.0,3402888.0,15,0.6686881588554263,0.25296442687747034,237457,0.7731861630594172,0.9474750574741191,0.3836772947229501,54,0.605452669339585,0.6666666666666667,0.7324867603589634,0.6472471519269442,72.02737723526691,41.65345219360057,30.37392504166634,Strong Overperformer
133,Captain America: The Winter Soldier,2014,714766305,259759742,170000000,Action,MCU,Anthony & Joe Russo,Marvel Studios,True,False,2433370,65766.75675675676,127582,True,64,100,15943,124675,159.43,20046,100402.0,9.0801,7.653,19880,136.0,5.625,100,False,,0,0,0,1,5,52,7.7,969635.0,70.0,tt1843866,15,15,31,True,4,5,shittymoviedetails,0.28,no_subtitle,tt1843866,False,,,,,,,,,,,,,,,,,,,,,success,NNj7dKtnuBw,Rotten Tomatoes Trailers,10.0,44.0,456.0,164.0,243.0,0.6748971193415638,success,success,Marvel Entertainment,34317277.0,146496.0,11442.0,38236456.0,12,0.6493329843385691,0.22134387351778656,140618,0.7404580254293327,0.9353073021698222,0.14128397375820057,57,0.6134768300514982,0.6666666666666667,0.7324867603589634,0.6090147426058742,61.1971262153576,49.97742710978025,11.219699105577348,Overperformer
134,Ant-Man,2015,519311965,180202305,130000000,Action,MCU,Peyton Reed,Marvel Studios,False,False,2512274,67899.2972972973,308094,True,65,100,31004,217240,310.04,60699,102899.0,11.6493,7.066,20764,117.0,6.702702702702703,100,False,,0,0,0,0,4,34,7.2,778683.0,64.0,tt0478970,20,20,33,True,3,7,shittymoviedetails,0.18000000000000005,success,tt0478970,True,9613.0,1630.0,5.897546012269939,16.0,1.0,0.0056530773248564,0.1452223030854894,1.0,0.1024539877300613,0.1742331288343558,4.453152832205202,0.3070894193088707,5.394500561167228,0.8906305664410402,4.987531172069826,6.590666191663698,650.0,0.3987730061349693,273.0,1.3333333333333333,success,QfOZWGLT1JM,Rotten Tomatoes Trailers,10.0,91.0,2510.0,767.0,1249.0,0.6140912730184147,success,success,Marvel Entertainment,27304770.0,134608.0,10192.0,38440438.0,11,0.6529982567478283,0.225296442687747,248244,0.7759612322323542,0.939418429078758,0.16835279515691887,38,0.5535135401551698,0.7320529037964602,0.6309297535714573,0.6107482842406877,61.68819364720128,46.0216255729251,15.666568074276178,Strong Overperformer
135,Ant-Man and the Wasp,2018,622706314,216648740,195000000,Action,MCU,Peyton Reed,Marvel Studios,True,False,1645438,44471.2972972973,123270,True,57,100,32974,158842,329.74,45687,363088.0,9.0996,6.9,14094,119.0,3.9375,100,False,,0,0,0,0,2,21,7.0,493940.0,70.0,tt5095030,4,4,14,True,0,5,movies,0.26000000000000006,success,tt5095030,True,10244.0,1932.0,5.302277432712216,15.0,0.0,-0.0033275859751015,0.1798882605648349,1.0,0.129399585921325,0.1728778467908902,4.603580562659846,0.2775788576300085,4.707720588235294,1.5345268542199488,7.672634271099745,2.557544757033248,833.0,0.4311594202898551,244.0,2.0,success,8_rTIAOohas,Marvel Entertainment,10.0,154.0,23601.0,,,,too_many_comments_to_reach_window,success,Marvel Entertainment,32119415.0,500523.0,27510.0,32151439.0,8,0.604392233562004,0.19367588932806323,191816,0.7598528960806434,0.9028048475479605,0.0988987816307404,23,0.48016001813371373,0.3869880158145604,0.0,0.47910178117403335,24.396150079353585,48.13605489085913,-23.739904811505543,Strong Underperformer
136,Black Widow,2021,379826451,183635505,200000000,Action,MCU,Cate Shortland,Marvel Studios,False,False,4169299,112683.75675675676,278594,True,55,100,51915,256592,519.15,55192,497698.0,14.7265,7.2,11143,134.0,6.5131578947368425,100,False,,0,0,0,0,14,37,6.6,472692.0,68.0,tt3480822,7,7,16,True,3,3,marvelstudios,0.45999999999999996,success,tt3480822,True,7415.0,1290.0,5.748062015503876,17.0,0.0,-0.0053663724303259,0.1659879066100845,1.0,0.0472868217054263,0.1930232558139535,2.874251497005988,0.3422754491017964,5.181691125087352,1.1976047904191616,5.5089820359281445,11.25748502994012,490.0,0.3798449612403101,212.0,1.1428571428571428,success,ybji16u608U,Marvel Entertainment,10.0,484.0,33261.0,,,,too_many_comments_to_reach_window,success,Marvel Entertainment,49541142.0,1605862.0,90215.0,107687089.0,5,0.7111809511149088,0.18577075098814227,308507,0.7895370315351053,0.8806052100312912,0.16359196961475855,51,0.5969783259955244,0.5,0.6309297535714573,0.5959311975501203,57.49089687484836,41.78106118918794,15.709835685660423,Strong Overperformer
137,Captain Marvel,2019,1128274794,426471595,175000000,Action,MCU,Anna Boden,Marvel Studios,False,False,3329578,89988.5945945946,337729,True,59,100,147669,299870,1476.69,52716,299537.0,11.0327,6.784,16646,124.0,5.46,100,False,,0,0,0,0,10,57,6.7,657278.0,64.0,tt4154664,12,12,29,True,0,3,movies,0.5399999999999999,success,tt4154664,True,7559.0,1426.0,5.300841514726508,14.0,3.0,-0.0113490646800604,0.1305854151199467,1.0,0.0553997194950911,0.2075736325385694,2.796550920531345,0.3372174318340713,4.742158092848181,1.86436728035423,2.0974131903985085,10.720111862036822,610.0,0.4277699859747546,251.0,1.1428571428571428,success,Z1BCujX3pw8,Marvel Entertainment,10.0,168.0,136791.0,,,,too_many_comments_to_reach_window,success,Marvel Entertainment,63029704.0,1123904.0,136791.0,122178858.0,7,0.6853489953954279,0.2015810276679842,447539,0.812775453175658,0.9185304428295573,0.13713964386129335,67,0.6375093073898266,0.6167399530235154,0.0,0.5507749271914348,44.69929540917943,55.817855519384494,-11.118560110205067,Underperformer
138,Spider-Man: Homecoming,2017,880166924,334201140,175000000,Action,Spider-Man,Jon Watts,Sony,False,False,3880487,104878.02702702703,223082,True,69,100,33634,360344,336.34,95881,315635.0,27.8691,7.331,23032,133.0,7.201612903225806,100,False,,0,0,0,0,8,11,7.4,795043.0,73.0,tt2250912,10,10,12,True,2,6,movies,0.20000000000000004,success,tt2250912,True,11862.0,1849.0,6.415359653866955,18.0,1.0,0.0036073773185248,0.1445124302852359,1.0,0.0551649540292049,0.2449972958355868,4.239683436970039,0.25423968343697,4.321311475409836,1.4132278123233466,2.402487280949689,5.652911249293386,653.0,0.3531638723634397,318.0,1.25,success,rk-dF1lIbIg,Sony Pictures Entertainment,10.0,206.0,5493.0,,,,too_many_comments_to_reach_window,success,Sony Pictures Entertainment,28603909.0,337656.0,22453.0,66555613.0,9,0.7029355714920713,0.24110671936758893,393978,0.8048130395188533,0.9492141262732032,0.18088399794419083,19,0.45261375029508255,0.5765719364395496,0.5,0.5915887752341465,56.26080113796961,52.63227005470176,3.628531083267845,As Expected
139,Spider-Man: Far From Home,2019,1131927996,390532085,160000000,Action,Spider-Man,Jon Watts,Sony,True,False,3290561,88934.08108108108,159266,True,64,100,48338,473797,483.38,70736,429617.0,22.8942,7.396,16838,129.0,9.91,100,False,,0,0,0,0,11,26,7.3,636954.0,69.0,tt6320628,9,9,59,True,3,5,moviedetails,0.24000000000000002,success,tt6320628,True,11528.0,2050.0,5.623414634146341,15.0,3.0,0.00840490810003,0.1443458973491466,1.0,0.0751219512195121,0.1770731707317073,1.7725258493353029,0.2562776957163958,4.603833865814696,1.1816838995568684,3.692762186115214,6.203840472673559,819.0,0.3995121951219512,302.0,2.0,success,Nt9L1jCKGnE,Sony Pictures Entertainment,10.0,52.0,102797.0,,,,too_many_comments_to_reach_window,success,Sony Pictures Entertainment,88995201.0,1984676.0,102797.0,109340605.0,7,0.6839951001118916,0.22134387351778656,522135,0.822405320937652,0.9196141218293077,0.24891096532333645,37,0.5495890030994032,0.5536546824812272,0.6309297535714573,0.6136843241921605,62.519897697340966,55.906780296587016,6.61311740075395,Overperformer
140,The Amazing Spider-Man,2012,758225437,292587330,230000000,Action,Spider-Man,Marc Webb,Sony,False,False,247931,6700.8378378378375,13678,True,24,100,17839,95259,178.39,22309,1930.0,20.0317,6.7,18393,136.0,10.228260869565217,100,False,,0,0,0,0,2,33,6.9,763493.0,66.0,tt0948470,12,12,22,True,3,7,shittymoviedetails,0.18000000000000005,success,tt0948470,True,8046.0,1583.0,5.08275426405559,16.0,1.0,-0.0038812165233517,0.1430092770766458,1.0,0.082122552116235,0.1724573594440935,0.6203473945409429,0.2979735318444996,4.411184210526316,1.0339123242349049,3.101736972704715,3.5153019023986767,695.0,0.4390397978521794,290.0,1.2,success,-tnxzJ0SSOw,Sony Pictures Entertainment,10.0,138.0,19325.0,,,,too_many_comments_to_reach_window,success,Sony Pictures Entertainment,18038597.0,96801.0,19325.0,22187032.0,14,0.38700998122318975,0.06324110671936758,113098,0.7268535573827299,0.9279609396422444,0.256904771606699,35,0.5414201930881729,0.6167399530235154,0.6309297535714573,0.5264923794863295,37.820678766406644,50.574510105102604,-12.75383133869596,Underperformer
141,The Amazing Spider-Man 2,2014,709037765,321557177,255000000,Action,Spider-Man,Marc Webb,Sony,True,False,2657264,71817.94594594595,142598,True,61,100,21867,154554,218.67,32286,102382.0,23.3886,6.532,14122,141.0,10.21875,100,False,,0,0,0,0,4,30,6.6,588917.0,53.0,tt1872181,9,9,48,True,5,4,shittymoviedetails,0.36,success,tt1872181,True,10264.0,1710.0,6.002339181286549,18.0,1.0,0.003213340666901,0.1445413343709082,1.0,0.0777777777777777,0.175438596491228,1.0028413839211097,0.2717700150426207,4.716911764705882,1.0028413839211097,6.017048303526659,5.181347150259067,660.0,0.3859649122807017,291.0,1.5,success,nbp3Ra3Yp74,Sony Pictures Entertainment,9.0,131.0,29955.0,,,,too_many_comments_to_reach_window,success,Sony Pictures Entertainment,42542612.0,275179.0,29956.0,64607213.0,12,0.6594428198135112,0.20948616600790515,176421,0.7546268211988842,0.9029923858100188,0.256665885660731,34,0.537163962855065,0.5536546824812272,0.8154648767857287,0.6103567241625467,61.57727482176107,49.659476140256714,11.917798681504358,Overperformer
142,Spider-Man 3,2007,891871626,336530303,258000000,Action,Spider-Man,Sam Raimi,Sony,True,False,3071425,83011.48648648648,149760,True,61,100,16935,164969,169.35,30196,559.0,21.5006,6.454,15101,139.0,8.89344262295082,100,False,,0,0,0,0,4,44,6.3,692051.0,59.0,tt0413300,36,36,50,True,1,9,moviedetails,0.12000000000000005,success,tt0413300,True,6739.0,1134.0,5.942680776014109,17.0,1.0,0.0088832733012627,0.1404920588248556,1.0,0.0264550264550264,0.2019400352733686,0.7743933918430562,0.3061435209086215,4.433552631578947,1.2906556530717603,14.197212183789365,9.550851832731029,464.0,0.4091710758377425,228.0,1.0,success,e5wUilOeOmg,Sony Pictures Entertainment,10.0,-5483.0,14469.0,,,,too_many_comments_to_reach_window,success,Sony Pictures Entertainment,7681741.0,232993.0,14470.0,9649691.0,19,0.6760794582153269,0.20948616600790515,181904,0.7565386328857139,0.9093259568067856,0.22337794029529706,48,0.5880002682992193,0.868242227604825,0.31546487678572865,0.5979133618001843,58.052392652177076,52.596164264056,5.456228388121076,Overperformer
143,Spider-Man 2,2004,784009778,373585825,200000000,Action,Spider-Man,Sam Raimi,Sony,True,False,3030267,81899.1081081081,180747,True,62,100,12895,160591,128.95,48006,558.0,11.2961,7.303,16227,127.0,5.768656716417911,100,False,,0,0,1,0,25,60,7.5,777496.0,83.0,tt0316654,26,26,69,True,2,6,raimimemes,0.18000000000000005,success,tt0316654,True,6428.0,1105.0,5.817194570135746,17.0,2.0,0.004765505100879,0.1569158310648019,1.0,0.0868778280542986,0.1647058823529411,1.6224986479177934,0.3458626284478096,4.6579710144927535,1.081665765278529,8.112493239588966,4.597079502433748,477.0,0.4316742081447964,219.0,1.3333333333333333,skipped_pre_youtube_era,,,,,,,,,,success,KinoCheck.com,2300931.0,26778.0,2003.0,2387638.0,22,0.6745299144809627,0.2134387351778656,173486,0.753578882981597,0.9161214820948659,0.144892221180881,85,0.6729903244932698,0.7924812503605781,0.5,0.609614160823258,61.366925866372426,51.077498529241495,10.289427337130931,Overperformer
144,Spider-Man,2002,822103006,407022728,139000000,Action,Spider-Man,Sam Raimi,Sony,False,False,3974974,107431.72972972973,192414,True,113,100,18214,746386,182.14,38371,557.0,24.2326,7.324,20517,121.0,10.380597014925373,100,True,25.59369490822358,9643,320220,0,2,17,65,7.4,958249.0,73.0,tt0145487,30,30,31,True,2,5,moviedetails,0.26000000000000006,success,tt0145487,True,7172.0,1163.0,6.166809974204643,16.0,0.0,0.0032818655024158,0.1284310667662584,1.0,0.1427343078245915,0.2020636285468615,3.082760256106237,0.328669670381788,4.310096153846154,0.7114062129475931,6.876926725160067,5.9283851078966086,479.0,0.411865864144454,272.0,1.3333333333333333,skipped_pre_youtube_era,,,,,,,,,,success,Sony Pictures Entertainment,11655390.0,195318.0,14885.0,13583661.0,24,0.7056987861935395,0.4150197628458498,764600,0.8462314145055511,0.9382876211934109,0.26073102155576383,82,0.6676257545131977,0.8256993850644793,0.5,0.6711223946570885,78.79061493125555,51.878790959809095,26.911823971446452,Strong Overperformer
145,Venom,2018,856024408,213311220,100000000,Action,Marvel,Ruben Fleischer,Sony,False,False,3914036,105784.75675675676,340091,True,39,100,30260,289203,302.6,37349,335983.0,15.2033,6.825,17137,112.0,7.232142857142857,100,False,,0,0,0,0,2,9,6.6,601600.0,35.0,tt1270797,19,19,16,True,4,4,shittymoviedetails,0.30000000000000004,success,tt1270797,True,8205.0,1368.0,5.99780701754386,15.0,0.0,-0.0025322671156004,0.1501479365452268,1.0,0.0782163742690058,0.212719298245614,9.448142581060768,0.2862357741035001,4.538163716814159,0.0,4.294610264118532,3.865149237706678,514.0,0.3757309941520468,253.0,1.2857142857142856,success,u9Mv98Gr5pY,Sony Pictures Entertainment,10.0,156.0,117784.0,,,,too_many_comments_to_reach_window,success,Sony Pictures Entertainment,88905494.0,1466564.0,117784.0,185237400.0,8,0.7039243204066965,0.1225296442687747,319463,0.79171689009221,0.921277363325098,0.18165082340340072,11,0.3754350573389001,0.7203213491478937,0.7324867603589634,0.6044983418840845,59.9177469036142,52.57185549549078,7.345891408123421,Overperformer
146,Venom: Let There Be Carnage,2021,502122430,213207118,200000000,Action,Marvel,Andy Serkis,Sony,True,False,3702052,100055.45945945945,382045,True,46,100,18060,126129,180.6,32028,580489.0,14.0206,6.7,11101,97.0,3.8947368421052633,100,False,,0,0,0,0,1,6,5.9,300820.0,49.0,tt7097896,7,7,26,True,3,5,movies,0.24000000000000002,success,tt7097896,True,8194.0,1490.0,5.499328859060403,14.0,1.0,-0.0174184558916102,0.1669200850781677,1.0,0.0912751677852349,0.1402684563758389,6.7340067340067336,0.3131313131313131,5.593174061433447,1.2626262626262628,10.521885521885524,6.523569023569023,591.0,0.3966442953020134,359.0,1.25,success,-FmWuCgJmxo,Sony Pictures Entertainment,9.0,58.0,52934.0,,,,too_many_comments_to_reach_window,success,Sony Pictures Entertainment,53226884.0,1129996.0,52934.0,129023400.0,5,0.6975287892797986,0.150197628458498,144189,0.7420245290457651,0.8802483845865191,0.09782469294135057,7,0.31417488238444086,0.5,0.6309297535714573,0.5452481978593394,43.133716178139366,45.36169451487416,-2.227978336734793,As Expected
147,X-Men Origins: Wolverine,2009,373062864,179883157,150000000,Action,X-Men,Gavin Hood,20th Century Fox,False,False,2910553,78663.5945945946,386822,True,52,100,8800,61550,88.0,33853,2080.0,1.1392,6.286,11172,107.0,5.372727272727273,100,True,21.037687145069693,3874,173947,0,0,3,21,6.5,565450.0,40.0,tt0458525,17,17,46,True,3,7,shittymoviedetails,0.18000000000000005,success,tt0458525,True,5318.0,842.0,6.315914489311164,17.0,0.0,-0.013105413654701,0.1311827812765108,1.0,0.1092636579572446,0.2387173396674584,5.144694533762058,0.345016077170418,4.648601398601398,2.2508038585209,5.466237942122186,9.0032154340836,290.0,0.344418052256532,287.0,1.25,success,8TQ-gD4UCmI,20th Century Studios,10.0,33.0,570.0,4.0,82.0,0.04878048780487805,success,success,20th Century Studios,1499436.0,7428.0,570.0,2812871.0,17,0.6699002383718264,0.17391304347826086,70350,0.6971968718603366,0.8808508055121491,0.1349476016017722,24,0.4863276574109106,0.6949875002403854,0.6309297535714573,0.5736150582279262,51.16931278044932,41.702928014905666,9.466384765543651,Overperformer
148,The Wolverine,2013,414031218,132560482,120000000,Action,X-Men,James Mangold,20th Century Fox,True,False,2606789,70453.75675675676,269409,True,49,100,12012,39738,120.12,5477,76170.0,1.8668,6.431,10220,126.0,10.55232558139535,100,False,,0,0,0,0,2,11,6.7,520892.0,61.0,tt1430132,15,15,25,True,1,8,digitalcodesell,0.16000000000000003,success,tt1430132,True,5411.0,1101.0,4.914623069936422,16.0,0.0,-0.0191637772359843,0.1648502355293151,1.0,0.0862851952770208,0.1589464123524069,6.08725059181603,0.3493405478525532,4.370759289176091,0.3381805884342239,6.4254311802502535,8.79269529928982,542.0,0.4922797456857402,161.0,1.5,success,toLpchTUYk8,Rotten Tomatoes Trailers,10.0,115.0,987.0,252.0,337.0,0.7477744807121661,success,success,The Wolverine UK,16026650.0,48792.0,7592.0,24712084.0,13,0.6572400828867919,0.16205533596837945,51750,0.6780165366407535,0.8724351142200818,0.26504435387197317,13,0.39872509494442326,0.6666666666666667,0.31546487678572865,0.5350904681512344,40.25629452240971,43.157692024595235,-2.9013975021855245,As Expected
149,Logan,2017,619021436,226277068,97000000,Action,X-Men,James Mangold,20th Century Fox,True,False,4325257,116898.83783783784,490995,True,54,100,44724,212072,447.24,25574,263115.0,14.461,7.819,20287,137.0,3.2903225806451615,100,True,24.09342347879533,4881,339650,0,1,28,82,8.1,917281.0,77.0,tt3315342,20,20,61,True,2,7,marvelstudios,0.16000000000000006,success,tt3315342,True,7754.0,1558.0,4.976893453145058,14.0,1.0,-0.0094394337654928,0.15577222796445,1.0,0.1206675224646983,0.128369704749679,22.69692923898532,0.3188696039163329,4.654261704681873,0.6675567423230975,3.337783711615488,6.453048509123275,756.0,0.4852374839537869,274.0,1.125,success,Div0iP65aZo,20th Century Studios,10.0,130.0,35439.0,,,,too_many_comments_to_reach_window,success,20th Century Studios,38264722.0,361139.0,35439.0,63464119.0,9,0.7153989755206696,0.18181818181818182,256796,0.7780769328423853,0.9372223348680343,0.08264352873597969,110,0.7115449352271744,0.7320529037964602,0.5,0.6132233701171941,62.38932135048791,48.42972149484149,13.959599855646424,Overperformer
150,X-Men: Days of Future Past,2014,747862775,233921534,165000000,Action,X-Men,Bryan Singer,20th Century Fox,True,False,3111324,84089.83783783784,260527,True,53,100,24643,146358,246.43,60294,127585.0,13.557,7.53,16158,132.0,4.9,100,False,,0,0,0,1,16,48,7.9,784622.0,75.0,tt1877832,13,13,20,True,2,4,movies,0.30000000000000004,success,tt1877832,True,7432.0,1261.0,5.893735130848533,21.0,0.0,-0.0137237344116804,0.1593285767428299,1.0,0.0452022204599524,0.15543219666931,5.744255744255744,0.3296703296703296,6.096800656275636,0.0,4.495504495504496,16.483516483516485,459.0,0.3639968279143536,271.0,1.1,success,hMeKYG5y8wc,Rotten Tomatoes Trailers,10.0,197.0,1980.0,862.0,955.0,0.9026178010471204,success,success,X-Men Movies,38547094.0,159624.0,27552.0,79639179.0,12,0.6775619069918095,0.17786561264822132,171001,0.7526776624685867,0.9157188235044993,0.12307403936269916,64,0.6306922331113524,0.6345591536762674,0.5,0.5842389001223833,54.178771942349144,50.57387499101978,3.6048969513293656,As Expected
151,X-Men: The Last Stand,2006,604753969,234362141,210000000,Action,X-Men,Brett Ratner,20th Century Fox,True,False,2360866,63807.18918918919,206538,True,52,100,12605,27255,126.05,4195,36668.0,0.4321,6.418,10305,104.0,2.89453125,100,False,,0,0,0,0,7,40,6.6,569716.0,58.0,tt0376994,13,13,36,True,1,9,movies,0.12000000000000005,success,tt0376994,True,5283.0,755.0,6.997350993377483,19.0,1.0,-0.0184786537020867,0.1437884168971238,1.0,0.0463576158940397,0.2,2.727582679849983,0.3579952267303102,4.7853260869565215,0.6818956699624957,3.4094783498124785,12.274122059324924,258.0,0.3417218543046357,166.0,1.0,success,0X3DfZnrEg8,Marvel Studios India Hindi,9.0,-6453.0,3.0,1.0,1.0,1.0,success,success,Rotten Tomatoes Classic Trailers,683512.0,4424.0,303.0,854784.0,20,0.6458586716527703,0.17391304347826086,39860,0.6617101223376661,0.8732177394925116,0.07270237816307404,47,0.5848849789285274,0.6345591536762674,0.31546487678572865,0.5269879758505244,37.96106837627165,47.721551663219856,-9.760483286948208,Underperformer
152,X-Men: Apocalypse,2016,543933666,155009746,178000000,Action,X-Men,Bryan Singer,20th Century Fox,True,False,2721430,73552.16216216216,200134,True,51,100,17440,116773,174.4,20869,246655.0,13.5518,6.522,13687,144.0,7.352941176470588,100,False,,0,0,0,0,1,19,6.8,489702.0,52.0,tt3385516,7,7,28,True,2,7,shittymoviedetails,0.16000000000000006,success,tt3385516,True,7384.0,1457.0,5.067947838023335,16.0,2.0,-0.0031346141847171,0.1650542630149997,1.0,0.0878517501715854,0.1386410432395333,2.2271714922049,0.3122989359069537,4.589185829707893,0.0,3.217025488740411,4.949269982677555,736.0,0.5051475634866164,273.0,1.1666666666666667,success,PfBVIHgQbYk,20th Century Studios,10.0,61.0,17432.0,,,,too_many_comments_to_reach_window,success,20th Century Studios,57635463.0,306556.0,37206.0,112005277.0,10,0.6621833966597734,0.16996047430830036,134213,0.7375459581766719,0.9000359666061638,0.18468493301725564,20,0.4599852698988825,0.5,0.5,0.5514125353503494,44.87991328118943,46.449423317309595,-1.569510036120164,As Expected
153,X-Men: Dark Phoenix,2019,252751822,65017516,200000000,Action,X-Men,Simon Kinberg,20th Century Fox,True,False,2919683,78910.35135135135,211950,True,47,100,18750,139652,187.5,50998,320288.0,11.2307,5.965,7017,114.0,6.65,100,False,,0,0,0,0,0,13,5.7,226138.0,43.0,tt6565702,0,0,0,False,3,4,movies,0.36,success,tt6565702,True,6024.0,1125.0,5.354666666666667,17.0,1.0,-0.0156030274736157,0.2015946932039585,1.0,0.08,0.1813333333333333,1.815980629539952,0.2820823244552058,4.684292379471229,0.6053268765133172,4.539951573849879,13.01452784503632,487.0,0.4328888888888889,145.0,2.0,success,1-q8C_c-nlM,20th Century Studios,9.0,96.0,14170.0,,,,too_many_comments_to_reach_window,success,20th Century Studios,20115729.0,242746.0,26622.0,48162685.0,7,0.6702599697001528,0.1541501976284585,158402,0.747896975592462,0.836906628960445,0.167029053420806,13,0.39872509494442326,0.0,0.6309297535714573,0.5024054619110819,30.99747907095789,36.55619388694697,-5.558714815989081,Underperformer
154,Deadpool,2016,783112979,363070709,58000000,Action,X-Men,Tim Miller,20th Century Fox,False,False,7381717,199505.86486486485,1138034,True,64,100,29235,236669,292.35,32580,293660.0,18.6259,7.623,32577,108.0,4.036764705882353,100,True,24.2616899097621,4876,257136,0,0,29,78,8.0,1250978.0,65.0,tt1431045,58,58,3,True,2,8,movies,0.14000000000000007,success,tt1431045,True,8424.0,1570.0,5.365605095541401,14.0,0.0,-0.0018517045587109,0.1444326950817306,1.0,0.0936305732484076,0.1509554140127388,22.767419038272816,0.3682041216879293,4.794536141149687,1.1776251226692838,8.635917566241414,6.084396467124632,703.0,0.4477707006369427,436.0,1.5,success,9vN6DHB6bJc,20th Century Studios,10.0,45.0,3702.0,1516.0,1724.0,0.8793503480278422,success,success,20th Century Studios,21903232.0,160554.0,6439.0,55094716.0,10,0.7767948582491033,0.22134387351778656,265904,0.780254067649141,0.9819778584565507,0.10139202822647335,107,0.7074053288374458,0.9804405082269737,0.5,0.660665744906172,75.82851697193898,51.71837305575295,24.110143916186033,Strong Overperformer
155,Deadpool 2,2018,785046920,324582498,110000000,Action,X-Men,David Leitch,20th Century Fox,True,False,4625943,125025.48648648648,682007,True,49,100,42138,392937,421.38,88087,383498.0,12.6129,7.49,19100,120.0,3.9642857142857144,100,False,,0,0,0,0,6,53,7.6,742720.0,66.0,tt5463162,26,26,46,True,1,4,movies,0.3400000000000001,success,tt5463162,True,11793.0,2120.0,5.562735849056604,13.0,0.0,-0.0091344373655694,0.130751227415878,1.0,0.1570754716981132,0.1334905660377358,21.32257599769486,0.2937617058060798,4.98646934460888,0.4322143783316525,7.347644431638093,8.932430485520818,975.0,0.4599056603773584,472.0,1.0,success,D86RtevtfrA,20th Century Studios,10.0,53.0,27992.0,,,,too_many_comments_to_reach_window,success,20th Century Studios,51765758.0,665696.0,27992.0,87532111.0,8,0.7231184670540247,0.16205533596837945,435075,0.8110110939327642,0.931525085562016,0.0995715624581604,59,0.6185988860443553,0.7924812503605781,0.31546487678572865,0.5987956119152796,58.30231125209018,51.41106071702066,6.891250535069517,Overperformer
156,Wonder Woman,2017,822007722,412563408,149000000,Action,DC Extended,Patty Jenkins,Warner Bros,False,False,2526433,68281.97297297297,137175,True,101,100,79642,327264,796.42,24028,297762.0,15.6207,7.208,20819,141.0,5.258064516129032,100,True,24.509103891467333,5602,269076,0,0,37,76,7.3,732467.0,76.0,tt0451279,9,9,70,True,1,2,movies,0.8200000000000001,success,tt0451279,True,8981.0,1595.0,5.630721003134796,17.0,0.0,-0.0155654823182022,0.1622547714596999,1.0,0.1341692789968652,0.1448275862068965,1.2300123001230012,0.2847478474784747,5.2829411764705885,0.2050020500205002,6.765067650676508,27.06027060270603,649.0,0.4068965517241379,274.0,1.5,success,1Q8fG0TtVAY,Warner Bros.,10.0,207.0,24139.0,,,,too_many_comments_to_reach_window,success,Warner Bros.,31923178.0,264579.0,24139.0,64730411.0,9,0.6536437740094436,0.3675889328063241,406906,0.8068298768330362,0.9396683969427858,0.13206759984279107,113,0.7155741388486762,0.5536546824812272,0.31546487678572865,0.5944965929392493,57.08451055690607,51.840512757933425,5.243997798972643,Overperformer
157,Wonder Woman 1984,2020,822007722,169950241,200000000,Action,DC Extended,Patty Jenkins,Warner Bros,True,False,2359939,63782.13513513513,116063,True,47,100,41970,164424,419.7,35916,464052.0,10.1938,6.369,8991,151.0,4.568181818181818,100,False,,0,0,0,0,24,48,5.3,309120.0,60.0,tt7126948,8,8,23,True,3,5,movies,0.28,success,tt7126948,True,9677.0,1878.0,5.152822151224707,17.0,0.0,0.0033712683496558,0.1764715811779064,1.0,0.0862619808306709,0.1634717784877529,0.5551443375277572,0.2838638045891932,4.422760511882999,1.2953367875647668,5.736491487786824,2.7757216876387862,831.0,0.4424920127795527,324.0,1.5,success,sfM7_JLk-84,Warner Bros.,10.0,373.0,62705.0,,,,too_many_comments_to_reach_window,success,Warner Bros.,44475170.0,713841.0,62705.0,73506600.0,6,0.6458135633063871,0.1541501976284585,206394,0.7644285190256175,0.860328908691625,0.11473971202181137,72,0.6482291342554843,0.5283208335737188,0.6309297535714573,0.5757182704406565,51.76509830944169,51.684619084161056,0.08047922528063367,As Expected
158,Batman v Superman: Dawn of Justice,2016,873260194,330360194,250000000,Action,DC Extended,Zack Snyder,Warner Bros,True,False,4042283,109250.8918918919,294905,True,56,0,0,0,0.0,0,209112.0,16.3321,5.993,18881,152.0,4.022058823529412,100,False,,0,0,0,0,14,33,6.4,788416.0,44.0,tt2975590,24,24,37,True,0,0,,,success,tt2975590,True,7296.0,1202.0,6.069883527454243,16.0,15.0,-0.0094956889570034,0.1377436427658515,1.0,0.0715474209650582,0.1073211314475873,2.803083391730904,0.3833216538192011,5.444776119402985,0.2335902826442419,3.50385423966363,14.01541695865452,483.0,0.4018302828618968,425.0,1.5,success,fis-9Zqu2Ro,Warner Bros.,10.0,110.0,41881.0,,,,too_many_comments_to_reach_window,success,Warner Bros.,80373066.0,538906.0,88155.0,148074769.0,10,0.7076274247338161,0.18972332015810278,0,0.0,0.9304353588261768,0.10102265836043885,47,0.5848849789285274,0.7739760316291208,0.0,0.39952971973699997,1.8554466594468355,52.34232326889975,-50.486876609452914,Strong Underperformer
159,Superman Returns,2006,391081192,200081192,270000000,Action,Superman,Bryan Singer,Warner Bros,True,False,2274287,61467.21621621621,287420,True,46,100,7245,41160,72.45,16032,1452.0,8.6602,5.801,4521,154.0,4.57421875,100,False,,0,0,0,1,12,47,6.1,302225.0,72.0,tt0348150,29,29,33,True,1,8,boxoffice,0.14000000000000004,success,tt0348150,True,6210.0,975.0,6.369230769230769,17.0,1.0,0.0067317678132157,0.1432848380987731,1.0,0.0748717948717948,0.2143589743589743,1.897018970189702,0.3669376693766937,4.704545454545454,0.5420054200542005,6.775067750677507,2.710027100271003,358.0,0.3671794871794872,251.0,1.125,success,KyAOQaMyiRE,MovieStation,10.0,-2336.0,0.0,0.0,0.0,0.0,success,success,Rotten Tomatoes Classic Trailers,3085979.0,18143.0,2282.0,3325457.0,20,0.6415673384988829,0.150197628458498,48405,0.6738425710566076,0.7953719894400616,0.11489134254920337,59,0.6185988860443553,0.8178150992680865,0.31546487678572865,0.5443159641656915,42.869638525417116,41.99671414130694,0.8729243841101777,As Expected
160,Man of Steel,2013,668045518,291045518,225000000,Action,DC Extended,Zack Snyder,Warner Bros,False,False,4597146,124247.18918918919,592289,True,62,100,22365,328927,223.65,40192,49521.0,14.7376,6.642,16085,143.0,4.069767441860465,100,False,,0,0,0,0,7,46,7.1,861907.0,55.0,tt0770828,63,63,151,True,5,3,shittymoviedetails,0.38,success,tt0770828,True,7530.0,1301.0,5.787855495772483,18.0,0.0,-0.0124360466438958,0.1189056461792177,1.0,0.0714834742505764,0.1475787855495772,2.976190476190476,0.3761446886446886,4.963744232036915,0.4578754578754578,1.8315018315018317,3.891941391941392,626.0,0.4811683320522675,255.0,1.1666666666666667,success,T6DJcgm3wNY,Warner Bros.,10.0,55.0,67053.0,,,,too_many_comments_to_reach_window,success,Roadshow Films,56846.0,135.0,17.0,79238.0,13,0.7224012252791654,0.2134387351778656,351292,0.7976496472337032,0.9152909462868197,0.10222096292582987,53,0.6026803680426321,1.0,0.8154648767857287,0.6689197634244614,78.16666656971461,48.96182972568582,29.20483684402879,Strong Overperformer
161,The Dark Knight,2008,1005064122,534858444,185000000,Action,Batman,Christopher Nolan,Warner Bros,True,False,7878556,212933.94594594595,605222,True,88,100,24945,851435,249.45,74359,155.0,35.0138,8.528,35515,152.0,7.573275862068965,100,False,,0,0,2,0,163,165,9.1,3159065.0,85.0,tt0468569,20,20,48,True,4,4,shittymoviedetails,0.3400000000000001,success,tt0468569,True,12861.0,1884.0,6.826433121019108,18.0,0.0,-0.0097125408606768,0.1208573536381818,1.0,0.0599787685774946,0.1926751592356688,1.8967619563744749,0.2799078715621189,5.273062730627307,1.0838639750711287,3.1161089283294947,9.348326784988483,695.0,0.3688959660297239,325.0,1.25,success,EXeTwQWrcwY,Rotten Tomatoes Classic Trailers,10.0,-1967.0,13765.0,,,,too_many_comments_to_reach_window,success,Rotten Tomatoes Classic Trailers,21560828.0,209136.0,13765.0,23395871.0,18,0.7842765576148323,0.31620553359683795,876380,0.854754676851421,0.9901374909526417,0.19021911256180718,328,0.875704233872859,0.7320529037964602,0.7324867603589634,0.7114868504072077,90.22481946659187,54.30503412269235,35.91978534389952,Strong Overperformer
162,The Dark Knight Rises,2012,1081041287,448139099,250000000,Action,Batman,Christopher Nolan,Warner Bros,True,False,6234709,168505.64864864864,427110,True,62,100,25147,439995,251.47,75355,49026.0,17.0341,7.793,24203,165.0,4.271739130434782,100,False,,0,0,0,0,45,103,8.4,1989037.0,78.0,tt1345836,20,20,40,True,4,3,moviedetails,0.42000000000000004,success,tt1345836,True,12334.0,1778.0,6.937007874015748,21.0,0.0,-0.0112638077366291,0.1472339347250217,1.0,0.0809898762654668,0.1884139482564679,2.4562924432885422,0.3018349949429273,5.513634331694234,0.2889755815633579,2.311804652506863,12.136974425661032,668.0,0.3757030371203599,322.0,1.3333333333333333,success,g8evyE9TuYk,Warner Bros.,10.0,76.0,62593.0,,,,too_many_comments_to_reach_window,success,Rotten Tomatoes Coming Soon,40420648.0,130996.0,49175.0,80594588.0,14,0.7573981929248266,0.2134387351778656,465142,0.8151853202537562,0.9539003337936112,0.10729391630332911,148,0.7560271402765526,0.7320529037964602,0.7324867603589634,0.6640366816063948,76.7834160035184,55.08038352751143,21.703032476006967,Strong Overperformer
163,Batman Begins,2005,375147760,206853925,150000000,Action,Batman,Christopher Nolan,Warner Bros,False,False,4792701,129532.45945945945,371337,True,71,100,11998,149275,119.98,25441,272.0,15.9719,7.723,22454,140.0,4.276119402985074,100,False,,0,0,0,1,15,79,8.2,1709629.0,70.0,tt0372784,25,25,77,True,4,5,shittymoviedetails,0.28,success,tt0372784,True,9123.0,1385.0,6.587003610108304,17.0,1.0,-0.0100223843545143,0.1229558679217441,1.0,0.0274368231046931,0.2064981949458483,3.2430370087752767,0.3395650515070584,5.216123499142367,0.3815337657382678,1.3353681800839374,9.729111026325828,506.0,0.3653429602888086,274.0,1.25,success,wH_HUqdHf0U,YouTube movies,10.0,-3710.0,0.0,0.0,0.0,0.0,success,success,Rotten Tomatoes Classic Trailers,6272754.0,50010.0,2612.0,7327044.0,21,0.7271860554693232,0.2490118577075099,161273,0.7490190094945633,0.9468124619118642,0.10740393626991564,94,0.6880278710100449,0.7834066196901821,0.7324867603589634,0.6459559636876254,71.66161705969591,41.77441808191418,29.887198977781736,Strong Overperformer
164,Justice League,2017,657924571,229024910,300000000,Action,DC Extended,Zack Snyder,Warner Bros,True,False,39738,1074.0,3467,True,43,100,64747,218192,647.47,30498,141052.0,11.3661,6.071,13599,120.0,7.064516129032258,100,False,,0,0,0,0,2,15,6.0,502540.0,45.0,tt0974015,35,35,60,True,3,4,movies,0.36,success,tt0974015,True,7090.0,1246.0,5.690208667736758,16.0,1.0,-0.002354029731638,0.1454918442664019,1.0,0.0617977528089887,0.1227929373996789,2.223869532987398,0.365208796639486,5.209404849375459,0.0,3.7064492216456633,8.648381517173213,566.0,0.4542536115569823,295.0,1.0833333333333333,success,3cxixDgHUYw,Warner Bros.,10.0,234.0,63428.0,,,,too_many_comments_to_reach_window,success,Rotten Tomatoes Trailers,43434401.0,294698.0,47241.0,85254806.0,9,0.1767244427208179,0.13833992094861658,282939,0.7841329306820666,0.8994264712324054,0.17744051758019166,17,0.43669523229335927,0.8616541669070521,0.6309297535714573,0.5066200809338851,32.1913714460609,48.61364811018797,-16.422276664127068,Strong Underperformer
165,Aquaman and the Lost Kingdom,2023,439346305,134396305,250000000,Action,DC Extended,James Wan,Warner Bros,True,False,12440310,336224.5945945946,2829499,True,39,100,12633,31960,126.33,8340,572802.0,13.7223,6.526,3442,124.0,4.6902654867256635,100,False,,0,0,0,0,1,6,5.6,116110.0,42.0,tt9663764,3,3,34,True,1,5,movies,0.28,success,tt9663764,True,6950.0,1120.0,6.205357142857143,17.0,0.0,-0.0157854273702487,0.121801074022005,1.0,0.1044642857142857,0.1035714285714285,8.02608477552044,0.3742162026586406,6.261261261261262,1.254075746175069,4.765487835465262,12.791572610985703,396.0,0.3535714285714286,212.0,1.25,success,UGc5Tzz19UY,Warner Bros.,9.0,90.0,3268.0,581.0,833.0,0.6974789915966386,success,success,Warner Bros.,7033548.0,46987.0,3268.0,9109064.0,3,0.8367436462088287,0.1225296442687747,44593,0.6687188456862249,0.7696104611137705,0.1178061059458742,7,0.31417488238444086,0.33333333333333337,0.31546487678572865,0.49838442876220296,29.858424558436326,43.53028430237447,-13.671859743938143,Underperformer
166,Shazam! Fury of the Gods,2023,288820061,58820061,200000000,Action,DC Extended,David F. Sandberg,Warner Bros,True,False,4518626,122125.02702702703,717587,True,36,100,10544,20200,105.44,8326,594767.0,10.3068,6.426,3601,130.0,5.221238938053097,100,False,,0,0,0,0,0,8,5.9,143948.0,47.0,tt10151854,1,1,30,True,0,4,movies,0.30000000000000004,success,tt10151854,True,10150.0,1737.0,5.8434081750143925,17.0,0.0,-0.0169912421423647,0.1473864840408573,1.0,0.1065054691997697,0.1813471502590673,2.403846153846154,0.2834821428571428,5.344918378093734,1.888736263736264,4.464285714285714,4.979395604395604,609.0,0.3506044905008635,292.0,1.2222222222222223,success,Zi88i4CpHe4,Warner Bros.,9.0,234.0,10734.0,,,,too_many_comments_to_reach_window,success,Warner Bros.,21825038.0,226186.0,10734.0,21893520.0,3,0.7204224754284634,0.11067193675889327,30744,0.6454895567268736,0.7738767260730566,0.13114264624163355,8,0.3319702714985457,0.16666666666666669,0.0,0.424615231154947,8.961522118558495,38.267375947668256,-29.30585382910976,Strong Underperformer
167,The Flash,2023,104822712,55313393,200000000,Action,DC Extended,Andy Muschietti,Warner Bros,False,False,11030,306.3888888888889,4749,True,48,100,32716,263887,327.16,25802,298618.0,14.8853,6.617,4928,144.0,5.393805309734513,100,False,,0,0,0,0,5,7,6.6,246759.0,55.0,tt0439572,14,14,66,True,6,5,shittymoviedetails,0.4,success,tt0439572,True,10725.0,1981.0,5.413932357395255,18.0,0.0,-0.0068384804480656,0.1477189429433469,1.0,0.0742049469964664,0.1721352852094901,4.350008365400703,0.2608331939099882,5.039943609022556,1.0038480843232391,4.684624393508449,4.851932407562322,777.0,0.392226148409894,286.0,1.1666666666666667,success,hebWYacbdvc,Warner Bros.,10.0,120.0,22763.0,,,,too_many_comments_to_reach_window,success,DC,33069607.0,264989.0,20259.0,66269303.0,3,0.029518986742038678,0.15810276679841895,296603,0.7870790099775514,0.8035160927600431,0.13547702183775534,12,0.38752840440589703,0.6511484326014197,0.8856218745807111,0.46545905864234255,20.531520247308023,25.26591597552624,-4.734395728218217,As Expected
168,Eternals,2021,402115086,164370079,300000000,Action,MCU,Chloé Zhao,Marvel Studios,False,False,5396301,145845.97297297296,244250,True,53,100,52138,303927,521.38,56348,524434.0,12.6926,6.8,9057,156.0,5.026315789473684,100,False,,0,0,0,0,7,18,6.2,423444.0,52.0,tt9032400,20,20,3,True,4,6,shittymoviedetails,0.24000000000000007,success,tt9032400,True,8996.0,1781.0,5.0510948905109485,14.0,2.0,-0.0016956887394843,0.1336075528193446,1.0,0.056148231330713,0.1594609769792251,1.7885532591414943,0.2845786963434022,5.242424242424242,0.5961844197138314,9.340222575516696,10.333863275039745,779.0,0.4373947220662549,232.0,1.1428571428571428,success,x_me3xsvDgk,Marvel Entertainment,10.0,75.0,46902.0,,,,too_many_comments_to_reach_window,success,Marvel Entertainment,50570112.0,853710.0,46902.0,83903819.0,5,0.7408105288701192,0.17786561264822132,356065,0.798492653189859,0.8610199859586645,0.12624673210674295,25,0.4922533652007107,0.7320529037964602,0.7324867603589634,0.620053172418972,64.32402739329659,42.2978283148712,22.026199078425392,Strong Overperformer
169,Shang-Chi and the Legend of the Ten Rings,2021,432242351,224543292,150000000,Action,MCU,Destin Daniel Cretton,Marvel Studios,False,False,4216501,113959.48648648648,234739,True,49,100,21674,96418,216.74,32980,566525.0,11.8932,7.495,10290,132.0,6.065789473684211,100,False,,0,0,0,1,19,72,7.3,486812.0,71.0,tt9376612,6,6,38,True,0,5,marvelstudios,0.26000000000000006,success,tt9376612,True,7438.0,1304.0,5.70398773006135,15.0,0.0,0.0004643916070296,0.1196188606562258,1.0,0.0636503067484662,0.1365030674846625,4.651162790697675,0.3211750305997552,6.423143350604491,0.9791921664626684,5.875152998776009,11.015911872705018,466.0,0.357361963190184,203.0,1.1111111111111112,success,8YjFbMbfXaQ,Marvel Entertainment,10.0,67.0,28624.0,,,,too_many_comments_to_reach_window,success,Marvel Entertainment,31866607.0,950444.0,65034.0,33438333.0,5,0.712473996581245,0.16205533596837945,118092,0.7295526376427751,0.8730800992880399,0.1523553494796034,91,0.6831797700906084,0.4678924870096007,0.0,0.5222616310284272,36.62221734022795,43.59169487695581,-6.969477536727865,Underperformer
170,Black Panther: Wakanda Forever,2022,859160608,453823998,250000000,Action,MCU,Ryan Coogler,Marvel Studios,True,False,5079226,137276.37837837837,280601,True,52,100,26261,87825,262.61,26800,505642.0,14.4555,7.008,7388,162.0,5.1875,100,False,,0,0,1,0,53,173,6.6,368850.0,67.0,tt9114286,8,8,23,True,1,5,marvelstudios,0.24000000000000002,success,tt9114286,True,9702.0,1817.0,5.33957072096863,13.0,0.0,-0.0007979133323106,0.1374160447704548,1.0,0.0572372041827187,0.13979086406164,4.514672686230248,0.3322046651617757,6.195402298850575,0.7524454477050414,6.960120391271633,9.781790820165538,674.0,0.3709411117226197,298.0,1.5,success,_Z3QKkl1WyM,Marvel Entertainment,10.0,36.0,43588.0,,,,too_many_comments_to_reach_window,success,Marvel Entertainment,48277860.0,1503158.0,65297.0,97872991.0,4,0.7338552887041756,0.17391304347826086,114086,0.7273968710353877,0.8417746710179446,0.13029522024367385,226,0.819634983490249,0.5283208335737188,0.31546487678572865,0.5731907948068703,51.049129945252744,52.13351551810803,-1.0843855728552825,As Expected
172,The Mummy,1999,416401889,135703889,80000000,Action,Universal Monsters,Stephen Sommers,Universal,False,False,4406216,119086.91891891892,190313,True,65,100,16260,88981,162.6,29974,564.0,27.7621,6.966,9892,124.0,3.787313432835821,100,False,,0,0,0,1,5,24,7.1,495819.0,48.0,tt0120616,19,19,32,True,0,6,movies,0.24000000000000007,success,tt0120616,True,7033.0,1068.0,6.585205992509363,19.0,1.0,-0.0112197878478925,0.1373554878557951,1.0,0.1750936329588015,0.2125468164794007,5.3832350679313,0.3232504486029223,5.156158357771261,1.281722635221738,5.126890540886952,14.09894898743912,346.0,0.3239700374531835,228.0,1.1428571428571428,skipped_pre_youtube_era,,,,,,,,,,success,Rotten Tomatoes Classic Trailers,1649002.0,7014.0,525.0,2397221.0,27,0.7175289940378933,0.225296442687747,105241,0.7223559501858531,0.8693528359788301,0.0951265229615745,29,0.5138739252495418,0.7203213491478937,0.0,0.530374096447308,38.920268612356224,43.44565972291187,-4.5253911105556455,As Expected
173,The Mummy Returns,2001,429946661,202007754,130000000,Action,Universal Monsters,Stephen Sommers,Universal,True,False,2049516,55392.32432432433,89967,True,52,100,10734,63325,107.34,37092,1734.0,18.8246,6.397,7600,130.0,18.70149253731343,100,False,,0,0,0,0,6,19,6.4,362637.0,48.0,tt0209163,8,8,21,True,0,8,moviesuggestions,0.14000000000000004,success,tt0209163,True,24514.0,1.0,24514.0,24514.0,0.0,0.0,0.0,0.0,1.0,1.0,0.0,0.0011846095526914,17.47255880256593,0.0,0.0,0.0,0.0,0.0,0.0,0.0,skipped_pre_youtube_era,,,,,,,,,,success,Rotten Tomatoes Classic Trailers,1279959.0,4548.0,339.0,1546071.0,25,0.6296148244974307,0.17391304347826086,74059,0.7004062772697114,0.8444478074713525,0.46972820993439546,25,0.4922533652007107,0.5283208335737188,0.0,0.5168705463192723,35.09506271653111,43.59916671899276,-8.504104002461652,Underperformer
174,The Mummy: Tomb of the Dragon Emperor,2008,407453881,102368143,145000000,Action,Universal Monsters,Rob Cohen,Universal,True,False,1504536,40663.13513513513,94927,True,52,100,9607,2058,96.07,304,1735.0,13.5055,5.513,4771,112.0,5.525862068965517,100,False,,0,0,0,0,2,6,5.2,179224.0,31.0,tt0859163,9,9,34,True,0,6,digitalcodesell,0.30000000000000004,success,tt0859163,True,6311.0,928.0,6.800646551724138,19.0,2.0,-0.0028589905192105,0.1579183266257761,1.0,0.2575431034482758,0.1573275862068965,4.3407487791644055,0.3412913727618014,5.407883461868038,0.5425935973955507,10.037981551817689,10.037981551817689,324.0,0.3491379310344827,242.0,1.2222222222222223,success,IMeb-j4KljA,trailers4,10.0,-30.0,0.0,0.0,0.0,0.0,success,success,Rotten Tomatoes Classic Trailers,1318645.0,3972.0,365.0,2105093.0,18,0.5941098634294975,0.17391304347826086,11665,0.58495712352346,0.8004570960422411,0.13879391138545066,8,0.3319702714985457,0.5536546824812272,0.0,0.4356922978791641,12.099368132396847,42.85205235055196,-30.75268421815511,Strong Underperformer
175,Jurassic Park,1993,1038668406,402453156,63000000,Action,Jurassic,Steven Spielberg,Universal,False,False,6288979,169972.4054054054,596692,True,88,100,18739,504715,187.39,99663,329.0,8.4307,7.967,17730,127.0,8.42910447761194,100,True,20.6670252824099,9295,445278,3,0,44,27,8.2,1167043.0,68.0,tt0107290,0,0,11,True,1,6,moviedetails,0.24000000000000007,no_subtitle,tt0107290,False,,,,,,,,,,,,,,,,,,,,,skipped_pre_youtube_era,,,,,,,,,,success,Rotten Tomatoes Classic Trailers,2029885.0,8230.0,600.0,2511529.0,33,0.7583936525350214,0.31620553359683795,523454,0.8225629207479932,0.9244918750741642,0.21171508903467665,71,0.6461451538829865,0.0,0.31546487678572865,0.5575935674940423,46.63083954681273,55.29739595094239,-8.666556404129658,Underperformer
176,Jurassic Park III,2001,368875760,181171875,93000000,Action,Jurassic,Joe Johnston,Universal,True,False,2139639,57828.08108108108,215271,True,56,100,9126,34076,91.26,22983,331.0,0.5001,6.172,7786,92.0,8.861940298507463,100,True,23.364779874213838,3180,120985,0,0,5,16,6.0,366719.0,42.0,tt0163025,32,32,27,True,1,8,jurassicpark,0.16000000000000006,success,tt0163025,True,4764.0,835.0,5.705389221556886,16.0,0.0,-0.0082398406649903,0.1366564594123405,1.0,0.1832335329341317,0.1952095808383233,1.7844396859386151,0.3597430406852248,4.707509881422925,0.0,4.996431120628123,3.2119914346895078,339.0,0.4059880239520958,196.0,1.2,skipped_pre_youtube_era,,,,,,,,,,success,Jurassic Park Fansite,2994464.0,12282.0,1044.0,3843600.0,25,0.6345575834336568,0.18972332015810278,43202,0.6667393420848235,0.846732405832361,0.2225866916588566,21,0.4670138014289433,0.8407323532264089,0.31546487678572865,0.5484847300127361,44.05054188381041,41.811298643776496,2.2392432400339146,As Expected
177,The Lost World: Jurassic Park,1997,618638999,229984375,100000000,Action,Jurassic,Steven Spielberg,Universal,True,False,2940899,79483.75675675676,268686,True,57,100,9743,33226,97.43,17518,330.0,0.5938,6.563,9160,129.0,5.201492537313433,100,False,,0,0,0,1,4,28,6.6,473902.0,59.0,tt0119567,24,24,39,True,0,5,digitalcodesell,0.32,no_subtitle,tt0119567,False,,,,,,,,,,,,,,,,,,,,,skipped_pre_youtube_era,,,,,,,,,,success,Jurassic Park Fansite,2388175.0,10383.0,978.0,3148890.0,29,0.6710915762885921,0.19367588932806323,42969,0.6664015431562479,0.8620884877585964,0.13064667291471416,32,0.5282739763834025,0.7739760316291208,0.0,0.5163647296903577,34.95177797046176,48.40566322740213,-13.453885256940367,Underperformer
178,Jurassic World: Fallen Kingdom,2018,1310413368,417719262,170000000,Action,Jurassic,J.A. Bayona,Universal,True,False,3817843,103184.94594594595,367894,True,49,100,31627,71813,316.27,19278,351286.0,12.1945,6.531,12677,129.0,2.955357142857143,100,False,,0,0,0,0,5,26,6.1,377561.0,51.0,tt4881806,1,1,27,True,1,4,movies,0.42000000000000004,success,tt4881806,True,6880.0,1285.0,5.35408560311284,16.0,0.0,0.0040671552831085,0.1734673717778209,1.0,0.1463035019455253,0.1665369649805447,2.7227722772277225,0.349009900990099,4.571428571428571,0.495049504950495,2.4752475247524752,6.683168316831683,534.0,0.4155642023346304,230.0,2.0,success,vn9mMeWcgoM,Universal Pictures,10.0,179.0,64524.0,,,,too_many_comments_to_reach_window,success,Universal Pictures,70229397.0,670202.0,64524.0,99644965.0,8,0.7010662420642289,0.16205533596837945,103440,0.7212777238754169,0.8927924804532356,0.07423015129200695,31,0.5236248039740681,0.16666666666666669,0.31546487678572865,0.4979522247019377,29.73599234588107,57.7529325868733,-28.01694024099223,Strong Underperformer
179,Jurassic World Dominion,2022,1003715284,376388819,165000000,Action,Jurassic,Colin Trevorrow,Universal,True,False,6585457,177985.32432432432,647192,True,48,100,19033,51812,190.33,7869,507086.0,15.6355,6.604,6980,147.0,5.640625,100,False,,0,0,0,0,1,26,5.6,245361.0,38.0,tt8041270,0,0,44,True,3,4,movies,0.36,success,tt8041270,True,8451.0,1434.0,5.893305439330544,17.0,3.0,-0.0062551320135002,0.1507013596475668,1.0,0.0550906555090655,0.200139470013947,3.0525030525030523,0.3300773300773301,4.968253968253968,0.0,3.0525030525030523,2.238502238502239,554.0,0.3863319386331938,307.0,1.5,success,fb5ELWi-ekk,Universal Pictures,9.0,110.0,50880.0,,,,too_many_comments_to_reach_window,success,Universal Pictures,64743110.0,973155.0,50880.0,116524197.0,4,0.763684611488523,0.15810276679841895,70845,0.6976348515884967,0.8364070965581534,0.14167642924086224,27,0.5034500557392368,0.0,0.6309297535714573,0.5193205028062168,35.789071914817264,54.34839672832098,-18.559324813503714,Strong Underperformer
180,Godzilla,2014,529076069,200124928,160000000,Action,Godzilla,Gareth Edwards,Warner Bros,False,False,3461903,93564.94594594595,377845,True,55,100,22658,197737,226.58,49996,124905.0,12.9203,6.353,9703,123.0,10.4625,100,True,25.772418990203466,9289,443446,0,0,7,31,6.4,462092.0,62.0,tt0831387,9,9,23,True,1,6,godzilla,0.24000000000000005,success,tt0831387,True,6267.0,1155.0,5.425974025974026,18.0,2.0,0.0046363821363821,0.1070508694847132,1.0,0.1186147186147186,0.1463203463203463,2.9046738843411672,0.354898336414048,4.155835543766578,0.2640612622128334,2.3765513599155,5.281225244256667,570.0,0.4935064935064935,272.0,1.0,success,GQyO4ghNox0,Rotten Tomatoes Trailers,10.0,39.0,421.0,285.0,301.0,0.946843853820598,success,success,Godzilla: King of the Monsters,42885541.0,199756.0,34637.0,62863283.0,12,0.6898253621605754,0.18577075098814227,220395,0.7685284087034125,0.8675300166739519,0.26278819119025304,38,0.5535135401551698,0.5536546824812272,0.31546487678572865,0.5655429600002448,48.88269648773831,46.1506134167179,2.732083071020405,As Expected
181,Godzilla: King of the Monsters,2019,384820245,110552940,200000000,Action,Godzilla,Michael Dougherty,Warner Bros,True,False,3349570,90528.91891891892,312350,True,42,100,24403,153637,244.03,52714,373571.0,13.5281,6.687,6652,132.0,5.66,100,False,,0,0,0,0,5,14,6.0,226912.0,48.0,tt3741700,10,10,46,True,0,4,movies,0.42000000000000004,success,tt3741700,True,7644.0,1484.0,5.150943396226415,13.0,0.0,-0.0124447205983594,0.1471940540532648,1.0,0.1239892183288409,0.1239892183288409,6.312581628210709,0.3430561602089682,5.319415448851775,0.8707009142359599,3.7004788855028297,8.48933391380061,635.0,0.4278975741239892,283.0,1.5,success,wVDtmouV9kM,Warner Bros.,9.0,311.0,68276.0,,,,too_many_comments_to_reach_window,success,Rotten Tomatoes Trailers,8468570.0,101763.0,13084.0,8496915.0,7,0.6860365857181718,0.13438735177865613,178040,0.7551974470740915,0.8318593913824993,0.1421630740393627,19,0.45261375029508255,0.5765719364395496,0.0,0.5020063569519677,30.884422976213788,41.94861720925303,-11.064194233039242,Underperformer
182,Godzilla vs. Kong,2021,470099918,196352122,200000000,Action,MonsterVerse,Adam Wingard,Warner Bros,True,False,5537562,149663.83783783784,671236,True,41,100,22481,113876,224.81,50771,399566.0,12.2005,7.538,10559,114.0,7.342105263157895,100,False,,0,0,0,0,3,20,6.3,263824.0,59.0,tt5034838,6,6,50,True,0,5,movies,0.4,success,tt5034838,True,5487.0,923.0,5.944745395449621,15.0,0.0,0.0033399308047195,0.1437213290463097,1.0,0.0736728060671722,0.1386782231852654,4.683109584764283,0.4058694973462379,5.520120724346077,0.0,5.6197315017171405,6.2441461130190445,357.0,0.3867822318526543,187.0,1.5,success,odM92ap8_c0,Warner Bros.,8.0,58.0,236739.0,,,,too_many_comments_to_reach_window,success,Legendary,2350925.0,55968.0,6076.0,4721747.0,5,0.743778544248112,0.13043478260869562,136357,0.7385359315641497,0.8755185132143101,0.184412765747546,23,0.48016001813371373,0.4678924870096007,0.0,0.5103047518338389,33.235143248071374,44.516355374916145,-11.281212126844771,Underperformer
183,Godzilla x Kong: The New Empire,2024,567167020,196424340,140000000,Action,MonsterVerse,Adam Wingard,Warner Bros,True,False,12711475,343553.3783783784,2768148,True,34,100,9471,18764,94.71,8711,823464.0,18.5124,7.047,4592,115.0,5.034682080924855,100,False,,0,0,0,0,4,5,6.0,132830.0,47.0,tt14539740,1,1,36,True,1,5,movies,0.24000000000000002,no_subtitle,tt14539740,False,,,,,,,,,,,,,,,,,,,,,success,qqrpMRDuPfc,Warner Bros.,8.0,41.0,33609.0,,,,too_many_comments_to_reach_window,success,Warner Bros.,46326771.0,638733.0,33607.0,89931644.0,2,0.8392203554613642,0.10276679841897234,28235,0.6401718644819424,0.7968441948242507,0.12645686951151464,9,0.34788878950026897,0.16666666666666669,0.31546487678572865,0.4814872635594016,25.071895435084347,47.1131424197915,-22.041246984707154,Strong Underperformer
184,King Kong,2005,562207947,218206409,207000000,Action,King Kong,Peter Jackson,Universal,False,False,2560074,69191.18918918919,145244,True,49,100,9713,114420,97.13,26409,254.0,12.821,6.887,8437,188.0,4.4664179104477615,100,True,21.090980701063412,5078,300334,3,0,47,104,7.2,465049.0,81.0,tt0360717,27,27,57,True,1,5,movies,0.28,success,tt0360717,True,7022.0,1236.0,5.681229773462783,17.0,0.0,-0.0145347130712636,0.1936798703157367,1.0,0.2322006472491909,0.1537216828478964,3.604902667627974,0.32732516222062,4.297429620563036,2.1629416005767843,3.8452295121365054,8.651766402307137,533.0,0.4312297734627832,226.0,2.0,success,1TSidCNA7mQ,Screen Bites,10.0,-3281.0,232.0,0.0,0.0,0.0,success,success,Universal Pictures,235424080.0,836747.0,12287.0,240881440.0,21,0.6551630925046907,0.16205533596837945,124133,0.7326690064633485,0.854319709069787,0.11218369259606374,151,0.7590389246890306,0.801225820342934,0.31546487678572865,0.5779952557388003,52.41010925134826,46.793380667684715,5.616728583663544,Overperformer
185,Rampage,2018,428758310,126068106,160000000,Action,,Brad Peyton,Warner Bros,False,False,1675447,45282.35135135135,78379,True,14,100,16261,110012,162.61,44834,427641.0,11.6158,6.448,7459,107.0,4.741071428571429,100,False,,0,0,0,0,0,7,6.1,201100.0,45.0,tt2231461,3,3,33,True,2,7,movies,0.16000000000000006,success,tt2231461,True,7321.0,1259.0,5.814932486100079,17.0,1.0,-0.0057341233473084,0.1410344184110334,1.0,0.1413820492454328,0.1286735504368546,13.901760889712696,0.327386468952734,5.119580419580419,1.85356811862836,2.0852641334569046,7.877664504170528,538.0,0.4273232724384432,263.0,1.1111111111111112,success,coOKvrsmQiI,Warner Bros.,10.0,145.0,27077.0,,,,too_many_comments_to_reach_window,success,Warner Bros.,49515868.0,280861.0,27077.0,59319100.0,8,0.6064681155446745,0.023715415019762848,126273,0.7337367050012658,0.8426783670875977,0.11908220645334047,7,0.31417488238444086,0.33333333333333337,0.5,0.48133938453703556,25.03000513935767,43.45369996944265,-18.423694830084983,Strong Underperformer
186,Dune,2021,636925760,231249487,165000000,Sci-Fi,Dune,Denis Villeneuve,Warner Bros,False,False,17932781,484669.75675675675,4820746,True,86,100,39867,451409,398.67,58676,438631.0,23.5603,7.78,14721,155.0,10.868421052631579,100,True,22.125861685568157,4497,196545,6,0,178,299,8.0,1038179.0,74.0,tt1160419,30,30,47,True,2,5,movies,0.22000000000000003,success,tt1160419,True,6734.0,1001.0,6.727272727272728,17.0,0.0,-0.0054816926526099,0.11456867109584,1.0,0.0449550449550449,0.1298701298701298,1.8459915611814344,0.3792194092827004,5.912203687445127,0.0,2.9008438818565403,10.548523206751057,354.0,0.3536463536463536,234.0,1.0,success,n9xhJrPXop4,Warner Bros.,10.0,370.0,65273.0,,,,too_many_comments_to_reach_window,success,Warner Bros.,48657832.0,696088.0,65273.0,122687686.0,5,0.8787460880257114,0.308300395256917,491276,0.8185999047297026,0.906917720211874,0.2729837715187688,477,0.9321429275056419,0.8256993850644793,0.5,0.714073618506851,90.9575838501849,48.51415237676892,42.443431473415984,Strong Overperformer
187,Dune: Part Two,2024,711419839,282091656,190000000,Sci-Fi,Dune,Denis Villeneuve,Warner Bros,True,False,21358966,577269.3513513514,7172164,True,50,100,31559,95806,315.59,33620,693134.0,23.4264,8.128,7796,167.0,6.086705202312139,100,False,,0,0,2,0,125,376,8.4,734902.0,79.0,tt15239678,20,20,70,True,2,4,movies,0.3400000000000001,success,tt15239678,True,5760.0,1077.0,5.348189415041783,15.0,0.0,-0.0094393535897714,0.1193457989819675,1.0,0.0770659238625812,0.1457753017641597,1.5006002400960383,0.3592436974789916,4.923076923076923,0.3001200480192076,3.3013205282112845,15.906362545018007,538.0,0.4995357474466109,185.0,1.0,success,Way9Dexny3w,Warner Bros.,10.0,299.0,19512.0,,,,too_many_comments_to_reach_window,success,Warner Bros.,30792278.0,435880.0,19512.0,80440283.0,2,0.8988281007350518,0.1660079051383399,127365,0.7342745784148346,0.8468536830046498,0.15288069299153265,501,0.9395445469564574,0.7320529037964602,0.5,0.6603545090187214,75.74035190864967,49.85832419218289,25.88202771646678,Strong Overperformer
188,Inception,2010,839292287,292587330,160000000,Sci-Fi,,Christopher Nolan,Warner Bros,False,False,16722,451.94594594594594,7092,True,83,100,16808,266771,168.08,47376,27205.0,36.9265,8.372,39032,148.0,3.1971153846153846,100,True,29.270833333333336,5760,230935,4,0,160,220,8.8,2808796.0,74.0,tt1375666,17,17,14,True,4,6,moviedetails,0.22000000000000003,success,tt1375666,True,11765.0,1585.0,7.422712933753943,19.0,0.0,-0.0079595054437325,0.1253540464883633,1.0,0.040378548895899,0.261198738170347,3.2337542346781647,0.2483831228826609,5.487406716417911,0.3079765937788728,4.927625500461965,5.697566984909146,454.0,0.2864353312302839,234.0,1.0,success,YoHD9XEInc0,Rotten Tomatoes Classic Trailers,10.0,-1238.0,6439.0,,,,too_many_comments_to_reach_window,success,Rotten Tomatoes Classic Trailers,20274470.0,170396.0,6439.0,25698899.0,16,0.07730882803007555,0.2964426877470356,283579,0.7842740665548346,0.9990604931212105,0.08030242952923365,380,0.8978748655788023,0.6949875002403854,0.7324867603589634,0.5424320525745451,42.335975180790086,52.06972975921914,-9.733754578429057,Underperformer
189,Interstellar,2014,731210309,188020017,165000000,Sci-Fi,,Christopher Nolan,Paramount,False,False,13625,368.2432432432432,987,True,8,100,35012,559121,350.12,74960,157336.0,62.7208,8.47,39422,169.0,4.8,100,True,21.674387822634017,6044,350797,1,0,45,148,8.7,2516752.0,74.0,tt0816692,16,16,65,True,3,3,moviedetails,0.38,success,tt0816692,True,13005.0,2005.0,6.486284289276808,20.0,1.0,-0.0058500201791933,0.1355585078420786,1.0,0.0743142144638404,0.1630922693266833,2.6768642447418736,0.2525175270873168,4.992322456813819,0.5098789037603568,2.804333970681963,2.294455066921606,783.0,0.3905236907730673,322.0,1.0,success,Lm8p5rlrSkY,Rotten Tomatoes Trailers,10.0,97.0,2142.0,345.0,415.0,0.8313253012048193,success,success,Warner Bros. UK & Ireland,42893665.0,250211.0,5227.0,51640790.0,12,0.05378518521507858,0.0,594133,0.8304744563375952,1.0,0.12056232427366448,193,0.7959005744420475,0.6812438068750566,0.6309297535714573,0.49971557422675744,30.23550358068863,50.28501238298671,-20.049508802298078,Strong Underperformer
191,Seabiscuit,2003,302576117,120087374,85000000,Drama,,Gary Ross,Universal,False,False,1321337,35711.81081081081,87763,True,14,100,15198,412419,151.98,46983,4464.0,4.5141,7.1,924,141.0,11.216417910447761,100,False,,0,0,0,7,6,44,7.3,79105.0,72.0,tt0329575,7,7,21,True,1,10,movies,0.10000000000000003,success,tt0329575,True,8827.0,1352.0,6.528846153846154,18.0,0.0,0.0086321459194979,0.1192478056283344,1.0,0.1272189349112426,0.1575443786982248,7.869481765834933,0.2936660268714011,4.818231441048035,0.7677543186180422,1.727447216890595,3.838771593090211,453.0,0.3350591715976331,295.0,1.0,skipped_pre_youtube_era,,,,,,,,,,success,Amblin Entertainment,347845.0,1629.0,92.0,462996.0,23,0.5791965860798474,0.023715415019762848,427617,0.809931031347146,0.6454097689634469,0.28172446110590443,50,0.5940445215494722,0.5,0.31546487678572865,0.5138614278278302,34.242657409366515,39.31738883107812,-5.074731421711604,Underperformer
192,Apollo 13,1995,355237933,125522557,52000000,Drama,,Ron Howard,Universal,False,False,4509435,121876.62162162163,280326,True,64,100,17055,187779,170.55,59792,568.0,10.8034,7.454,5845,140.0,16.365671641791046,100,False,,0,0,2,0,31,59,7.7,334301.0,78.0,tt0112384,0,0,3,True,0,7,moviedetails,0.18000000000000005,success,tt0112384,True,14923.0,1864.0,8.005901287553648,24.0,0.0,0.0008868822462337,0.0799767104395513,1.0,0.0595493562231759,0.1400214592274678,5.592841163310962,0.2378076062639821,5.907759303246239,0.3355704697986577,2.1252796420581657,2.684563758389261,541.0,0.2902360515021459,332.0,1.0,skipped_pre_youtube_era,,,,,,,,,,success,Rotten Tomatoes Classic Trailers,2210569.0,8257.0,399.0,3025645.0,31,0.7201886123039891,0.22134387351778656,204834,0.7639545888158478,0.8196396848151413,0.4110590440487348,90,0.6815285385555067,0.0,0.0,0.5101857543176843,33.20143433478062,41.635922122732325,-8.434487787951703,Underperformer
193,The Revenant,2015,532950695,183637430,135000000,Drama,,Alejandro González Iñárritu,20th Century Fox,False,False,4554926,123106.1081081081,253331,True,68,100,17508,23691,175.08,7126,281957.0,11.1276,7.54,19201,157.0,3.641891891891892,100,False,,0,0,0,0,0,0,,,,tt27793995,9,9,26,True,1,6,movies,0.30000000000000004,success,tt1663202,True,5771.0,969.0,5.95562435500516,23.0,0.0,-0.0099999344047905,0.1086268949105413,1.0,0.0515995872033023,0.1455108359133126,14.29440389294404,0.2965328467153285,5.04899387576553,0.0,0.9124087591240876,14.902676399026763,447.0,0.4613003095975232,189.0,1.0,success,LoebZZ8K5N0,20th Century Studios,10.0,86.0,6722.0,,,,too_many_comments_to_reach_window,success,20th Century Studios,29311879.0,105205.0,6722.0,56681392.0,11,0.7213414953515098,0.23715415019762848,41199,0.6637739841999539,0.932023450559458,0.09147394817497911,0,0.0,0.5536546824812272,0.31546487678572865,0.49000020673019495,27.483391678589577,46.33418988345724,-18.850798204867665,Strong Underperformer
194,Oppenheimer,2023,952060471,326471445,100000000,Drama,,Christopher Nolan,Universal,False,False,51537543,1392906.5675675676,16512065,True,72,100,43583,293173,435.83,48124,872585.0,26.5351,8.032,11615,181.0,3.1371681415929205,100,True,33.99605003291639,7595,391816,7,0,370,378,8.2,1021585.0,90.0,tt15398776,9,9,129,True,7,4,shittymoviedetails,0.5199999999999999,success,tt15398776,True,19711.0,3413.0,5.775271022560797,14.0,0.0,-0.0017527764744289,0.1224550051649644,1.0,0.0140638734251391,0.1673014942865514,2.4908815941642204,0.2587848056222755,6.175125313283208,0.6227203985410551,2.9356818788364025,14.055688995640956,1167.0,0.3419279226486961,496.0,1.5,success,bK6ldnjE3Y0,Universal Pictures,10.0,211.0,16384.0,,,,too_many_comments_to_reach_window,success,Universal Pictures,74705608.0,836183.0,33561.0,123359592.0,3,0.9999999999999998,0.25296442687747034,336756,0.7950099018411243,0.8845252451145005,0.07879672558077813,748,1.0,0.5536546824812272,0.946394630357186,0.7306355514093409,95.64915034819292,53.93583704871364,41.71331329947928,Strong Overperformer
195,Killers of the Flower Moon,2023,156529284,59600961,200000000,Drama,,Martin Scorsese,Apple,False,False,2731667,73828.83783783784,1029368,True,48,100,17011,22864,170.11,4627,466420.0,12.7701,7.398,4071,206.0,5.712389380530974,100,True,29.46664319662031,5681,268708,0,10,136,423,7.5,302730.0,89.0,tt5537002,0,0,0,False,0,6,movies,0.20000000000000004,success,tt5537002,True,16271.0,2375.0,6.8509473684210525,18.0,2.0,0.0045343409256721,0.1510508362236269,1.0,0.0412631578947368,0.2256842105263158,4.186346071275226,0.2047015886646629,5.384182660489742,0.322026620867325,6.547874624302276,9.660798626019751,733.0,0.3086315789473684,356.0,1.1111111111111112,success,7cx9nCHsemc,Paramount Pictures,10.0,34.0,4736.0,1062.0,1568.0,0.6772959183673469,success,success,Paramount Pictures,19657615.0,68166.0,4736.0,44981424.0,3,0.6626146408365752,0.15810276679841895,39875,0.6617336242863291,0.7854665785823642,0.14347894601521097,559,0.9560638060343194,0.0,0.0,0.46918086276761223,21.585810929987836,30.409535091186257,-8.82372416119842,Underperformer
196,The Wolf of Wall Street,2013,392002827,116715172,100000000,Crime,,Martin Scorsese,Paramount,False,False,7890143,213247.1081081081,424723,True,11,100,18119,154568,181.19,65387,106646.0,24.2201,8.027,25753,180.0,9.19767441860465,100,False,,0,0,0,5,38,180,8.2,1781432.0,75.0,tt0993846,18,18,43,True,0,7,digitalcodesell,0.18000000000000005,success,tt0993846,True,23736.0,3727.0,6.368661121545479,18.0,2.0,0.0051796228300355,0.1106426007372835,1.0,0.1395224040783472,0.2055272337000268,47.65317090648513,0.2091006807595843,5.4603174603174605,1.1465424579003942,11.75206019347904,2.723038337513436,1266.0,0.3396833914676683,542.0,1.3333333333333333,success,iszwuX1AK6A,Paramount Pictures,10.0,190.0,13050.0,,,,too_many_comments_to_reach_window,success,Paramount Pictures,34095267.0,199740.0,13050.0,36492694.0,13,0.784445356113411,0.011857707509881424,172687,0.7532905300636168,0.9597660899887033,0.23101937621237548,218,0.8142142700047572,0.7079879189072642,0.0,0.5800317134977038,52.98698497307297,42.55291758716871,10.434067385904264,Overperformer
197,Once Upon a Time in Hollywood,2019,405199931,142505000,95000000,Drama,,Quentin Tarantino,Sony,False,False,10464146,282814.75675675675,476128,True,62,100,56605,501147,566.05,63800,466272.0,15.3391,7.423,14732,162.0,6.26,100,False,,0,0,0,0,0,0,,46.0,,tt21942610,15,15,52,True,4,3,shittymoviedetails,0.3600000000000001,success,tt7131622,True,12455.0,2149.0,5.795718939041414,14.0,2.0,0.0023350970419374,0.1017050127171398,1.0,0.0479292694276407,0.1870637505816658,27.527792482795128,0.2631021704605611,5.343200343200343,2.382212811011117,5.690841715193224,6.7496029645314986,768.0,0.357375523499302,471.0,1.25,success,ELeMaP8EPAA,Sony Pictures Entertainment,10.0,63.0,23273.0,,,,too_many_comments_to_reach_window,success,Sony Pictures Entertainment,42097615.0,376093.0,23273.0,42103248.0,7,0.8168745781641595,0.2134387351778656,557752,0.8265273236386325,0.9069883018316177,0.15723336457357076,0,0.0,0.6666666666666667,0.7324867603589634,0.5963617632214269,57.61286497425968,43.00483178882317,14.608033185436511,Overperformer
198,Pulp Fiction,1994,213959223,100973993,8000000,Crime,,Quentin Tarantino,Miramax,False,False,7008469,189418.0810810811,298454,True,86,100,22025,549620,220.25,57729,680.0,35.9396,8.485,30013,154.0,29.253731343283583,100,True,24.421431787483115,11105,609077,1,0,69,72,8.8,2429532.0,95.0,tt0110912,24,24,27,True,1,5,moviedetails,0.32000000000000006,success,tt0110912,True,15998.0,1966.0,8.13733468972533,21.0,0.0,-0.003449186012692,0.1102359430274442,1.0,0.1108850457782299,0.2329603255340793,30.374080784397314,0.2372375572844506,5.973861090365944,1.4920601087072365,8.099754875839285,12.149632313758923,446.0,0.2268565615462869,438.0,1.2,skipped_pre_youtube_era,,,,,,,,,,success,Movieclips,7598979.0,36808.0,1949.0,8169798.0,32,0.7708351931576363,0.308300395256917,571645,0.8280642145598099,0.9742314529039405,0.7347703842549204,141,0.7487569867829595,0.7739760316291208,0.31546487678572865,0.7053298943048478,88.4807133197064,36.12344233111614,52.35727098859026,Strong Overperformer
199,Inglourious Basterds,2009,321456983,120540760,70000000,War,,Quentin Tarantino,Universal,False,False,7091293,191656.56756756757,301190,True,69,100,11462,76580,114.62,19743,16869.0,18.8095,8.217,24015,153.0,0.0,0,True,25.356212655124864,6527,274483,1,0,134,173,8.4,1778290.0,69.0,tt0361748,12,12,36,True,3,6,shittymoviedetails,0.22000000000000003,success,tt0361748,True,6283.0,864.0,7.27199074074074,18.0,0.0,0.0105928804764589,0.1339489601819961,1.0,0.042824074074074,0.1747685185185185,11.87782805429864,0.3891402714932127,7.883312421580928,0.2828054298642534,1.6968325791855203,8.766968325791856,216.0,0.25,257.0,1.1,success,KnrRy6kSFF0,Rotten Tomatoes Classic Trailers,10.0,-864.0,1586.0,0.0,0.0,0.0,success,success,Rotten Tomatoes Classic Trailers,6948322.0,37587.0,1586.0,8016225.0,17,0.7721845995566032,0.24110671936758893,88042,0.7112097270876601,0.9531634639455232,0.0,307,0.8657388963733664,0.6167399530235154,0.6309297535714573,0.6274467439569978,66.41843465437256,40.19669154354352,26.22174311082904,Strong Overperformer
200,The Hateful Eight,2015,160369000,60725522,44000000,Crime,,Quentin Tarantino,Weinstein,False,False,3838055,103731.21621621621,173713,True,52,100,18231,73766,182.31,8868,273248.0,11.1166,7.757,15181,188.0,0.0,0,False,,0,0,1,0,46,116,7.8,718072.0,68.0,tt3460252,12,12,53,True,1,7,movies,0.18000000000000005,success,tt3460252,True,14070.0,2588.0,5.436630602782071,14.0,2.0,-0.0026306897636109,0.1341647464410332,1.0,0.1367851622874807,0.1398763523956723,17.90466973142995,0.223687394144689,6.0334476843910805,0.6048874909266877,1.088797483668038,14.15436728768449,966.0,0.3732612055641422,275.0,1.0,success,juaP_vRyIGY,Rotten Tomatoes Trailers,10.0,49.0,498.0,205.0,221.0,0.9276018099547512,success,success,Rotten Tomatoes Trailers,7394268.0,37833.0,2078.0,10576825.0,11,0.7016727094617132,0.17391304347826086,91997,0.7139545696820215,0.9098252270722437,0.0,162,0.7695952678435927,0.6167399530235154,0.31546487678572865,0.561679292649081,47.788219628612616,31.522264268954046,16.26595535965857,Strong Overperformer
